deal_id,sub_code,deal_name,status,fy,period,company,instrument_type,underlying,psl_npsl,investor_name,trustee_ar,trustee,ratio,borrowing_date,payout_date,mclr_linked_or_fixed,mclr_on_deal_date,spread,deal_roi,servicing_fee_pct,net_roi,no_of_pool_contracts,amount_securitised_deal_date,purchase_consideration_deal_date,rating,loss_estimation_rating,first_loss_facility_pct,overcollateral_pct,tranche,credit_enhancement_type,credit_enhancement_initial_amount,mrr_percent,stated_tenor_months,underlying_seasoning_months,true_sale_criteria_met,true_sale_assumption_note,processing_fees_paid,documentation_charges,external_ca_fees,legal_documentation_fees,rating_fees,trustee_fees_pa,arranger_fees
D0001,,RBL-Gold-D0001,Active,FY25,FY25 Q3,IIFL Finance Limited,PTC,Gold,NPSL,RBL Bank,Vistra ITCL,Vistra ITCL,0.8655,2024-11-05,2024-12-05,MCLR Linked,8.77,3.28,12.05,1.9358,11.2134,3570,212.81,196.26,AAA(SO),AAA(SO),0.0497,0.0,Senior,First Loss Guarantee,10.58,0.1,9,15,True,Assumed true sale: SPV holds legal title to the pool; no recourse to originator beyond the stated credit enhancement.,0.21,0.13,0.25,0.48,0.64,0.28,0.53
D0002,,Aditya-BL-D0002,Active,FY26,FY26 Q1,IIFL Finance Limited,DA,BL,PSL,Aditya Birla Capital Limited,Vistra ITCL,Catalyst Trusteeship,0.9109,2025-04-03,2025-05-03,Fixed,8.32,3.16,11.48,0.7567,10.2509,2001,208.41,202.02,AAA(SO),AAA(SO),0.0,0.0,,None,0.0,0.1,16,8,True,Assumed true sale: outright assignment of receivables; assignee holds pro-rata beneficial interest in the underlying loans.,0.21,0.14,0.37,0.52,0.65,0.22,0.52
D0003,,Karur-Gold-D0003,Active,FY27,FY27 Q1,IIFL Finance Limited,DA,Gold,PSL,Karur Vysya Bank,Axis Trustee,Catalyst Trusteeship,0.9256,2026-05-11,2026-06-11,Fixed,9.18,1.63,10.81,1.7917,10.1572,21564,86.23,82.35,AA+(SO),AA+(SO),0.0,0.0,,None,0.0,0.1,11,12,True,Assumed true sale: outright assignment of receivables; assignee holds pro-rata beneficial interest in the underlying loans.,0.09,0.06,0.2,0.16,0.21,0.09,0.22
D0004,,South-BL-D0004,Active,FY25,FY25 Q1,IIFL Finance Limited,DA,BL,PSL,South Indian Bank,Vistra ITCL,IDBI Trusteeship,0.9039,2024-04-22,2024-05-22,Fixed,9.5,2.57,12.07,1.6679,11.0396,10117,272.48,257.17,AA(SO),AA(SO),0.0,0.0,,None,0.0,0.1,20,2,True,Assumed true sale: outright assignment of receivables; assignee holds pro-rata beneficial interest in the underlying loans.,0.27,0.14,0.45,0.28,1.04,0.38,0.68
D0005,,Punjab-SME-D0005,Active,FY26,FY26 Q3,IIFL Finance Limited,DA,SME,NPSL,Punjab and Sind Bank,Axis Trustee,Vistra ITCL,0.8938,2025-10-03,2025-11-03,MCLR Linked,6.92,2.47,9.39,1.2764,8.769,4620,342.62,327.99,Unrated,Unrated,0.0,0.0,,None,0.0,0.05,43,9,True,Assumed true sale: outright assignment of receivables; assignee holds pro-rata beneficial interest in the underlying loans.,0.34,0.25,0.57,0.64,0.71,0.25,0.86
D0006,,DCB-HCF-D0006,Active,FY25,FY25 Q1,IIFL Finance Limited,PTC,HCF,PSL,DCB Bank,Axis Trustee,Vistra ITCL,0.9301,2024-06-02,2024-07-02,Fixed,7.34,1.98,9.32,0.6639,8.6284,19211,86.77,80.63,A+(SO),A+(SO),0.0,0.0,Senior,Cash Collateral,3.02,0.05,77,0,True,Assumed true sale: SPV holds legal title to the pool; no recourse to originator beyond the stated credit enhancement.,0.09,0.09,0.11,0.11,0.23,0.12,0.22
D0007,,Bandhan-LAP-D0007,Active,FY26,FY26 Q2,IIFL Finance Limited,PTC,LAP,NPSL,Bandhan Bank,IDBI Trusteeship,IDBI Trusteeship,0.8797,2025-09-04,2025-10-04,MCLR Linked,5.73,3.5,9.23,1.9531,8.1508,8245,22.66,21.11,AA+(SO),AA+(SO),0.0,0.0,Subordinate,Cash Collateral,1.12,0.1,54,17,False,True-sale status not independently verified for this synthetic deal -- flagged for legal review.,0.02,0.02,0.06,0.02,0.07,0.02,0.06
D0008,,UCO-Gold-D0008,Active,FY25,FY25 Q2,IIFL Finance Limited,PTC,Gold,NPSL,UCO Bank,Axis Trustee,Vistra ITCL,0.9429,2024-09-03,2024-10-03,MCLR Linked,10.07,1.97,12.04,1.9036,11.5307,19470,330.43,317.17,A+(SO),A+(SO),0.0,0.0496,Senior,Overcollateralization,16.39,0.05,11,6,True,Assumed true sale: SPV holds legal title to the pool; no recourse to originator beyond the stated credit enhancement.,0.33,0.37,0.7,0.38,0.94,0.33,0.83
D0009,,Aditya-MFI-D0009,Closed,FY25,FY25 Q4,IIFL Finance Limited,PTC,MFI,NPSL,Aditya Birla Capital Limited,Vistra ITCL,Catalyst Trusteeship,0.8592,2025-03-10,2025-04-10,MCLR Linked,9.84,2.91,12.75,1.1354,11.9733,22237,238.73,228.9,AA(SO),AA(SO),0.0,0.0,Senior,Cash Collateral,13.77,0.05,23,13,True,"Assumed true sale: originator retains servicing rights only, no equitable interest retained beyond MRR.",0.24,0.12,0.61,0.47,0.51,0.3,0.6
D0010,,Punjab-BL-D0010,Active,FY26,FY26 Q4,IIFL Finance Limited,DA,BL,PSL,Punjab and Sind Bank,IDBI Trusteeship,IDBI Trusteeship,0.9476,2026-02-05,2026-03-05,MCLR Linked,8.29,3.17,11.46,1.7162,10.0786,12448,158.98,146.73,AAA(SO),AAA(SO),0.0,0.0,,None,0.0,0.1,15,8,True,Assumed true sale: outright assignment of receivables; assignee holds pro-rata beneficial interest in the underlying loans.,0.16,0.08,0.39,0.24,0.61,0.21,0.4
D0011,,Bank-MFI-D0011,Active,FY25,FY25 Q2,IIFL Finance Limited,PTC,MFI,NPSL,Bank of Maharashtra,Catalyst Trusteeship,Catalyst Trusteeship,0.9377,2024-07-13,2024-08-13,Fixed,10.92,1.94,12.86,0.8918,11.7794,7957,132.14,129.16,A+(SO),A+(SO),0.0501,0.0,Senior,First Loss Guarantee,6.62,0.1,22,13,False,True-sale status not independently verified for this synthetic deal -- flagged for legal review.,0.13,0.2,0.14,0.25,0.31,0.17,0.33
D0012,,UCO-BL-D0012,Active,FY26,FY26 Q3,IIFL Finance Limited,DA,BL,NPSL,UCO Bank,Vistra ITCL,Axis Trustee,0.8826,2025-10-07,2025-11-07,MCLR Linked,7.23,2.92,10.15,1.5458,9.0956,23006,189.17,184.72,AA+(SO),AA+(SO),0.0,0.0,,None,0.0,0.05,22,2,True,Assumed true sale: outright assignment of receivables; assignee holds pro-rata beneficial interest in the underlying loans.,0.19,0.13,0.44,0.3,0.64,0.13,0.47
D0013,,UCO-LAP-D0013,Closed,FY25,FY25 Q4,IIFL Finance Limited,DA,LAP,PSL,UCO Bank,IDBI Trusteeship,IDBI Trusteeship,0.8524,2025-01-10,2025-02-10,Fixed,9.83,2.71,12.54,0.8673,11.5649,7502,170.77,162.39,AA+(SO),AA+(SO),0.0,0.0,,None,0.0,0.1,57,18,True,Assumed true sale: outright assignment of receivables; assignee holds pro-rata beneficial interest in the underlying loans.,0.17,0.23,0.2,0.28,0.53,0.12,0.43
D0014,,Federal-LAP-D0014,Active,FY26,FY26 Q3,IIFL Finance Limited,DA,LAP,NPSL,Federal Bank,Axis Trustee,Axis Trustee,0.9397,2025-12-23,2026-01-23,MCLR Linked,6.02,3.0,9.02,1.6155,8.0453,23303,275.77,257.93,AA+(SO),AA+(SO),0.0,0.0,,None,0.0,0.1,44,16,True,Assumed true sale: outright assignment of receivables; assignee holds pro-rata beneficial interest in the underlying loans.,0.28,0.21,0.41,0.54,0.94,0.28,0.69
D0015,,Central-MFI-D0015,Closed,FY25,FY25 Q4,IIFL Finance Limited,PTC,MFI,NPSL,Central Bank of India,Axis Trustee,Catalyst Trusteeship,0.9443,2025-01-08,2025-02-08,MCLR Linked,7.86,2.58,10.44,0.9479,9.55,5507,65.53,62.04,A+(SO),A+(SO),0.0,0.0051,Senior,Overcollateralization,0.33,0.05,18,2,True,Assumed true sale: SPV holds legal title to the pool; no recourse to originator beyond the stated credit enhancement.,0.07,0.09,0.18,0.12,0.22,0.09,0.16
D0016,,Karur-LAP-D0016,Active,FY26,FY26 Q2,IIFL Finance Limited,PTC,LAP,NPSL,Karur Vysya Bank,Vistra ITCL,Vistra ITCL,0.9261,2025-07-01,2025-08-01,Fixed,7.91,2.84,10.75,1.0687,9.498,4682,257.6,252.15,A+(SO),A+(SO),0.1183,0.0,Senior,First Loss Guarantee,30.47,0.05,65,10,True,Assumed true sale: SPV holds legal title to the pool; no recourse to originator beyond the stated credit enhancement.,0.26,0.34,0.39,0.29,0.4,0.27,0.64
D0017,,DCB-SME-D0017,Active,FY26,FY26 Q3,IIFL Finance Limited,DA,SME,PSL,DCB Bank,Vistra ITCL,Catalyst Trusteeship,0.9079,2025-12-02,2026-01-02,MCLR Linked,8.99,3.4,12.39,1.8933,11.3142,8316,296.14,285.33,Unrated,Unrated,0.0,0.0,,None,0.0,0.1,32,8,True,Assumed true sale: outright assignment of receivables; assignee holds pro-rata beneficial interest in the underlying loans.,0.3,0.42,0.52,0.71,0.59,0.32,0.74
D0018,,RBL-Gold-D0018,Active,FY26,FY26 Q4,IIFL Finance Limited,PTC,Gold,NPSL,RBL Bank,Axis Trustee,Axis Trustee,0.9326,2026-01-20,2026-02-20,MCLR Linked,9.53,3.09,12.62,1.3887,11.7977,12642,131.31,124.74,AAA(SO),AAA(SO),0.0362,0.0,Senior,First Loss Guarantee,4.75,0.05,11,5,True,"Assumed true sale: originator retains servicing rights only, no equitable interest retained beyond MRR.",0.13,0.1,0.38,0.19,0.34,0.16,0.33
D0019,,Punjab-MFI-D0019,Active,FY25,FY25 Q4,IIFL Finance Limited,DA,MFI,NPSL,Punjab and Sind Bank,Catalyst Trusteeship,Catalyst Trusteeship,0.8794,2025-02-06,2025-03-06,Fixed,8.58,2.02,10.6,1.1066,9.8567,9552,309.91,300.33,AA+(SO),AA+(SO),0.0,0.0,,None,0.0,0.05,19,6,True,Assumed true sale: outright assignment of receivables; assignee holds pro-rata beneficial interest in the underlying loans.,0.31,0.36,0.54,0.57,0.73,0.46,0.77
D0020,,RBL-MFI-D0020,Closed,FY25,FY25 Q4,IIFL Finance Limited,DA,MFI,NPSL,RBL Bank,Catalyst Trusteeship,Catalyst Trusteeship,0.9053,2025-01-09,2025-02-09,MCLR Linked,10.12,2.13,12.25,1.5461,11.6237,9560,79.17,76.93,Unrated,Unrated,0.0,0.0,,None,0.0,0.05,16,5,True,Assumed true sale: outright assignment of receivables; assignee holds pro-rata beneficial interest in the underlying loans.,0.08,0.11,0.16,0.18,0.23,0.08,0.2
D0021,,Bank-MFI-D0021,Active,FY25,FY25 Q3,IIFL Finance Limited,DA,MFI,NPSL,Bank of Maharashtra,Axis Trustee,Axis Trustee,0.8797,2024-12-28,2025-01-28,MCLR Linked,10.4,2.3,12.7,1.3828,11.7712,5471,208.3,201.65,AA(SO),AA(SO),0.0,0.0,,None,0.0,0.05,20,12,True,Assumed true sale: outright assignment of receivables; assignee holds pro-rata beneficial interest in the underlying loans.,0.21,0.22,0.23,0.51,0.36,0.26,0.52
D0022,,DCB-MFI-D0022,Active,FY25,FY25 Q3,IIFL Finance Limited,PTC,MFI,PSL,DCB Bank,Vistra ITCL,IDBI Trusteeship,0.8571,2024-11-06,2024-12-06,Fixed,7.38,2.32,9.7,0.7489,8.8924,23665,112.57,105.39,AAA(SO),AAA(SO),0.0,0.0,Senior,None,0.0,0.1,22,6,True,Assumed true sale: SPV holds legal title to the pool; no recourse to originator beyond the stated credit enhancement.,0.11,0.14,0.24,0.16,0.2,0.13,0.28
D0023,,UCO-MFI-D0023,Active,FY26,FY26 Q1,IIFL Finance Limited,DA,MFI,NPSL,UCO Bank,Axis Trustee,Vistra ITCL,0.8681,2025-06-03,2025-07-03,Fixed,8.41,3.28,11.69,1.378,10.5552,8001,217.24,200.25,Unrated,Unrated,0.0,0.0,,None,0.0,0.05,24,7,True,Assumed true sale: outright assignment of receivables; assignee holds pro-rata beneficial interest in the underlying loans.,0.22,0.22,0.26,0.33,0.51,0.25,0.54
D0024,,Federal-MFI-D0024,Active,FY25,FY25 Q4,IIFL Finance Limited,PTC,MFI,PSL,Federal Bank,IDBI Trusteeship,Vistra ITCL,0.9049,2025-01-22,2025-02-22,Fixed,10.06,2.6,12.66,1.8915,11.7219,4298,44.5,41.73,Unrated,Unrated,0.0,0.0,Senior,Cash Collateral,3.27,0.05,20,15,True,"Assumed true sale: originator retains servicing rights only, no equitable interest retained beyond MRR.",0.04,0.05,0.06,0.11,0.13,0.03,0.11
D0025,,UCO-MFI-D0025,Active,FY26,FY26 Q1,IIFL Samasta Finance,PTC,MFI,PSL,UCO Bank,Vistra ITCL,Axis Trustee,0.884,2025-05-03,2025-06-03,MCLR Linked,6.83,3.18,10.01,1.6816,9.2428,5545,169.59,157.42,Unrated,Unrated,0.0,0.0573,Senior,Overcollateralization,9.72,0.05,19,9,True,Assumed true sale: SPV holds legal title to the pool; no recourse to originator beyond the stated credit enhancement.,0.17,0.09,0.42,0.38,0.5,0.2,0.42
D0026,,UCO-LAP-D0026,Active,FY25,FY25 Q4,IIFL Finance Limited,PTC,LAP,PSL,UCO Bank,Axis Trustee,Catalyst Trusteeship,0.9026,2025-02-18,2025-03-18,MCLR Linked,7.33,3.37,10.7,1.1854,9.4776,13049,343.56,321.82,AAA(SO),AAA(SO),0.0,0.062,Senior,Overcollateralization,21.3,0.1,45,6,True,"Assumed true sale: originator retains servicing rights only, no equitable interest retained beyond MRR.",0.34,0.31,0.79,0.42,0.92,0.5,0.86
D0027,,RBL-BL-D0027,Closed,FY25,FY25 Q1,IIFL Finance Limited,DA,BL,PSL,RBL Bank,Axis Trustee,IDBI Trusteeship,0.9194,2024-06-28,2024-07-28,Fixed,9.46,2.57,12.03,1.8551,11.484,16489,224.98,220.96,AAA(SO),AAA(SO),0.0,0.0,,None,0.0,0.05,16,2,True,Assumed true sale: outright assignment of receivables; assignee holds pro-rata beneficial interest in the underlying loans.,0.22,0.29,0.36,0.35,0.42,0.23,0.56
D0028,,Bank-SME-D0028,Active,FY26,FY26 Q1,IIFL Finance Limited,PTC,SME,PSL,Bank of Maharashtra,Axis Trustee,Axis Trustee,0.8607,2025-04-20,2025-05-20,MCLR Linked,9.57,2.5,12.07,1.072,11.211,15559,17.26,16.07,A+(SO),A+(SO),0.0,0.0008,Subordinate,Overcollateralization,0.01,0.05,44,5,True,"Assumed true sale: originator retains servicing rights only, no equitable interest retained beyond MRR.",0.02,0.01,0.04,0.02,0.06,0.02,0.04
D0029,,AU-BL-D0029,Active,FY26,FY26 Q4,IIFL Finance Limited,PTC,BL,NPSL,AU Small Finance Bank,Catalyst Trusteeship,Vistra ITCL,0.9232,2026-03-02,2026-04-02,Fixed,10.11,2.99,13.1,0.6352,12.3049,12044,274.87,257.31,AA(SO),AA(SO),0.0497,0.0,Senior,First Loss Guarantee,13.66,0.1,22,13,True,"Assumed true sale: originator retains servicing rights only, no equitable interest retained beyond MRR.",0.27,0.34,0.37,0.33,0.78,0.4,0.69
D0030,,South-SME-D0030,Active,FY26,FY26 Q2,IIFL Finance Limited,DA,SME,NPSL,South Indian Bank,Vistra ITCL,Vistra ITCL,0.9085,2025-07-26,2025-08-26,MCLR Linked,7.09,3.24,10.33,1.7336,8.8897,7892,171.89,159.04,A+(SO),A+(SO),0.0,0.0,,None,0.0,0.1,35,12,True,Assumed true sale: outright assignment of receivables; assignee holds pro-rata beneficial interest in the underlying loans.,0.17,0.1,0.25,0.18,0.64,0.18,0.43
D0031,,Aditya-HCF-D0031,Active,FY26,FY26 Q1,IIFL Finance Limited,PTC,HCF,PSL,Aditya Birla Capital Limited,Axis Trustee,Axis Trustee,0.9439,2025-06-23,2025-07-23,MCLR Linked,8.04,2.32,10.36,0.9196,9.1697,16642,30.19,27.85,Unrated,Unrated,0.0,0.0188,Senior,Overcollateralization,0.57,0.1,82,17,True,"Assumed true sale: originator retains servicing rights only, no equitable interest retained beyond MRR.",0.03,0.02,0.06,0.04,0.07,0.04,0.08
D0032,,DCB-BL-D0032,Active,FY26,FY26 Q1,IIFL Finance Limited,DA,BL,PSL,DCB Bank,Vistra ITCL,IDBI Trusteeship,0.9289,2025-04-09,2025-05-09,Fixed,8.11,1.74,9.85,1.394,9.0727,21454,45.71,42.73,AA(SO),AA(SO),0.0,0.0,,None,0.0,0.05,21,15,True,Assumed true sale: outright assignment of receivables; assignee holds pro-rata beneficial interest in the underlying loans.,0.05,0.07,0.14,0.08,0.16,0.03,0.11
D0033,,Punjab-SME-D0033,Active,FY27,FY27 Q1,IIFL Finance Limited,PTC,SME,NPSL,Punjab and Sind Bank,Catalyst Trusteeship,Catalyst Trusteeship,0.9499,2026-05-08,2026-06-08,Fixed,10.12,1.53,11.65,1.7709,10.7237,17738,32.55,31.64,A+(SO),A+(SO),0.0,0.0051,Senior,Overcollateralization,0.17,0.05,43,18,True,"Assumed true sale: originator retains servicing rights only, no equitable interest retained beyond MRR.",0.03,0.02,0.08,0.05,0.12,0.03,0.08
D0034,,Bank-Gold-D0034,Active,FY26,FY26 Q3,IIFL Finance Limited,PTC,Gold,NPSL,Bank of Maharashtra,Vistra ITCL,Vistra ITCL,0.9454,2025-12-19,2026-01-19,Fixed,9.32,2.15,11.47,1.5302,10.4957,3749,166.99,160.71,Unrated,Unrated,0.0,0.0,Senior,Cash Collateral,8.78,0.05,9,14,True,"Assumed true sale: originator retains servicing rights only, no equitable interest retained beyond MRR.",0.17,0.1,0.2,0.28,0.56,0.15,0.42
D0035,,Punjab-BL-D0035,Active,FY26,FY26 Q2,IIFL Finance Limited,PTC,BL,PSL,Punjab and Sind Bank,Vistra ITCL,IDBI Trusteeship,0.9307,2025-09-18,2025-10-18,Fixed,8.74,1.74,10.48,1.7677,9.0055,14358,307.66,303.32,AA(SO),AA(SO),0.0,0.0577,Senior,Overcollateralization,17.75,0.05,22,4,True,"Assumed true sale: originator retains servicing rights only, no equitable interest retained beyond MRR.",0.31,0.41,0.69,0.6,0.48,0.44,0.77
D0036,,Bank-Gold-D0036,Active,FY27,FY27 Q1,IIFL Finance Limited,DA,Gold,NPSL,Bank of Maharashtra,Catalyst Trusteeship,Catalyst Trusteeship,0.8656,2026-04-10,2026-05-10,MCLR Linked,10.95,2.2,13.15,1.6317,12.6002,13632,306.4,294.03,AAA(SO),AAA(SO),0.0,0.0,,None,0.0,0.05,9,8,True,Assumed true sale: outright assignment of receivables; assignee holds pro-rata beneficial interest in the underlying loans.,0.31,0.18,0.58,0.5,0.92,0.28,0.77
D0037,,Aditya-BL-D0037,Active,FY25,FY25 Q2,IIFL Finance Limited,PTC,BL,NPSL,Aditya Birla Capital Limited,Catalyst Trusteeship,Axis Trustee,0.9362,2024-07-10,2024-08-10,Fixed,9.12,2.55,11.67,0.5635,11.1513,20138,30.21,28.63,AA+(SO),AA+(SO),0.0349,0.0,Senior,First Loss Guarantee,1.05,0.05,19,5,True,Assumed true sale: SPV holds legal title to the pool; no recourse to originator beyond the stated credit enhancement.,0.03,0.04,0.08,0.06,0.09,0.04,0.08
D0038,,Aditya-MFI-D0038,Active,FY25,FY25 Q4,IIFL Finance Limited,DA,MFI,PSL,Aditya Birla Capital Limited,Vistra ITCL,Vistra ITCL,0.9227,2025-02-06,2025-03-06,Fixed,8.62,3.16,11.78,1.7284,10.465,8472,44.52,43.59,AAA(SO),AAA(SO),0.0,0.0,,None,0.0,0.05,17,15,True,Assumed true sale: outright assignment of receivables; assignee holds pro-rata beneficial interest in the underlying loans.,0.04,0.03,0.06,0.06,0.13,0.06,0.11
D0039,,Bandhan-SME-D0039,Active,FY26,FY26 Q1,IIFL Finance Limited,PTC,SME,PSL,Bandhan Bank,Catalyst Trusteeship,Axis Trustee,0.8963,2025-06-25,2025-07-25,Fixed,8.88,2.66,11.54,1.3315,10.2482,5446,304.52,293.53,AA(SO),AA(SO),0.0,0.0375,Senior,Overcollateralization,11.42,0.05,38,6,True,"Assumed true sale: originator retains servicing rights only, no equitable interest retained beyond MRR.",0.3,0.43,0.58,0.67,0.95,0.25,0.76
D0040,,Bank-BL-D0040,Active,FY26,FY26 Q1,IIFL Finance Limited,DA,BL,PSL,Bank of Maharashtra,Vistra ITCL,Catalyst Trusteeship,0.883,2025-06-04,2025-07-04,MCLR Linked,9.48,3.17,12.65,1.3369,11.7634,8618,184.02,171.52,Unrated,Unrated,0.0,0.0,,None,0.0,0.05,17,1,True,Assumed true sale: outright assignment of receivables; assignee holds pro-rata beneficial interest in the underlying loans.,0.18,0.14,0.5,0.45,0.55,0.12,0.46
D0041,,DCB-BL-D0041,Active,FY25,FY25 Q4,IIFL Finance Limited,PTC,BL,PSL,DCB Bank,IDBI Trusteeship,IDBI Trusteeship,0.8655,2025-03-10,2025-04-10,MCLR Linked,9.86,2.28,12.14,0.9437,10.8519,11263,118.71,112.34,Unrated,Unrated,0.1032,0.0,Senior,First Loss Guarantee,12.25,0.05,16,6,True,"Assumed true sale: originator retains servicing rights only, no equitable interest retained beyond MRR.",0.12,0.12,0.25,0.25,0.33,0.14,0.3
D0042,,Federal-BL-D0042,Active,FY25,FY25 Q2,IIFL Finance Limited,PTC,BL,NPSL,Federal Bank,Vistra ITCL,Axis Trustee,0.9003,2024-09-27,2024-10-27,Fixed,8.5,3.31,11.81,1.128,11.1479,24079,29.64,28.02,AA(SO),AA(SO),0.0514,0.0,Senior,First Loss Guarantee,1.52,0.05,24,6,True,"Assumed true sale: originator retains servicing rights only, no equitable interest retained beyond MRR.",0.03,0.02,0.07,0.07,0.05,0.03,0.07
D0043,,Aditya-BL-D0043,Active,FY26,FY26 Q2,IIFL Finance Limited,DA,BL,PSL,Aditya Birla Capital Limited,Vistra ITCL,IDBI Trusteeship,0.8528,2025-08-28,2025-09-28,MCLR Linked,7.89,1.67,9.56,1.8962,8.2208,5328,106.39,104.62,AA+(SO),AA+(SO),0.0,0.0,,None,0.0,0.1,18,11,True,Assumed true sale: outright assignment of receivables; assignee holds pro-rata beneficial interest in the underlying loans.,0.11,0.12,0.27,0.13,0.24,0.14,0.27
D0044,,Central-HCF-D0044,Closed,FY25,FY25 Q1,IIFL Finance Limited,PTC,HCF,PSL,Central Bank of India,Vistra ITCL,IDBI Trusteeship,0.9071,2024-04-03,2024-05-03,Fixed,8.17,1.8,9.97,0.781,8.8018,10368,52.25,49.12,Unrated,Unrated,0.0,0.0,Senior,Cash Collateral,3.93,0.05,80,17,True,"Assumed true sale: originator retains servicing rights only, no equitable interest retained beyond MRR.",0.05,0.05,0.09,0.13,0.15,0.07,0.13
D0045,,AU-LAP-D0045,Active,FY26,FY26 Q3,IIFL Finance Limited,PTC,LAP,PSL,AU Small Finance Bank,IDBI Trusteeship,Catalyst Trusteeship,0.9216,2025-12-13,2026-01-13,MCLR Linked,11.4,2.01,13.41,1.9154,12.873,8401,134.63,124.5,Unrated,Unrated,0.0,0.0,Senior,Cash Collateral,4.34,0.05,47,16,True,"Assumed true sale: originator retains servicing rights only, no equitable interest retained beyond MRR.",0.13,0.09,0.35,0.31,0.31,0.11,0.34
D0046,,Central-BL-D0046,Active,FY27,FY27 Q1,IIFL Finance Limited,DA,BL,NPSL,Central Bank of India,Catalyst Trusteeship,Axis Trustee,0.8579,2026-04-21,2026-05-21,MCLR Linked,7.65,2.21,9.86,1.4037,8.5377,4578,305.04,287.72,A+(SO),A+(SO),0.0,0.0,,None,0.0,0.1,17,1,True,Assumed true sale: outright assignment of receivables; assignee holds pro-rata beneficial interest in the underlying loans.,0.31,0.32,0.5,0.34,0.96,0.25,0.76
D0047,,RBL-SME-D0047,Active,FY26,FY26 Q1,IIFL Finance Limited,DA,SME,PSL,RBL Bank,IDBI Trusteeship,Catalyst Trusteeship,0.8736,2025-06-02,2025-07-02,Fixed,8.95,3.32,12.27,1.4677,11.4078,2379,106.98,105.76,AA(SO),AA(SO),0.0,0.0,,None,0.0,0.05,29,1,True,Assumed true sale: outright assignment of receivables; assignee holds pro-rata beneficial interest in the underlying loans.,0.11,0.16,0.11,0.13,0.28,0.09,0.27
D0048,,Indian-Gold-D0048,Closed,FY25,FY25 Q4,IIFL Finance Limited,DA,Gold,PSL,Indian Overseas Bank,Axis Trustee,IDBI Trusteeship,0.9399,2025-03-13,2025-04-13,MCLR Linked,6.83,3.42,10.25,1.1677,9.6622,13180,261.45,249.67,AA(SO),AA(SO),0.0,0.0,,None,0.0,0.1,10,10,True,Assumed true sale: outright assignment of receivables; assignee holds pro-rata beneficial interest in the underlying loans.,0.26,0.31,0.7,0.39,0.62,0.15,0.65
D0049,,AU-MFI-D0049,Active,FY26,FY26 Q4,IIFL Finance Limited,DA,MFI,PSL,AU Small Finance Bank,Vistra ITCL,Axis Trustee,0.95,2026-02-23,2026-03-23,MCLR Linked,8.78,3.09,11.87,1.5783,10.8443,5050,55.66,51.99,AA(SO),AA(SO),0.0,0.0,,None,0.0,0.05,24,0,True,Assumed true sale: outright assignment of receivables; assignee holds pro-rata beneficial interest in the underlying loans.,0.06,0.07,0.15,0.06,0.22,0.06,0.14
D0050,,DCB-LAP-D0050,Active,FY25,FY25 Q2,IIFL Finance Limited,DA,LAP,NPSL,DCB Bank,IDBI Trusteeship,Vistra ITCL,0.8625,2024-08-27,2024-09-27,MCLR Linked,10.02,1.86,11.88,0.9542,10.8465,2315,159.93,157.33,AA(SO),AA(SO),0.0,0.0,,None,0.0,0.05,50,14,True,Assumed true sale: outright assignment of receivables; assignee holds pro-rata beneficial interest in the underlying loans.,0.16,0.16,0.21,0.39,0.3,0.19,0.4
D0051,,Punjab-BL-D0051,Closed,FY25,FY25 Q1,IIFL Finance Limited,DA,BL,PSL,Punjab and Sind Bank,Catalyst Trusteeship,IDBI Trusteeship,0.894,2024-04-03,2024-05-03,MCLR Linked,9.24,2.65,11.89,1.2264,11.186,21438,271.93,258.11,Unrated,Unrated,0.0,0.0,,None,0.0,0.05,15,13,True,Assumed true sale: outright assignment of receivables; assignee holds pro-rata beneficial interest in the underlying loans.,0.27,0.3,0.44,0.56,0.91,0.37,0.68
D0052,,Bandhan-SME-D0052,Active,FY26,FY26 Q2,IIFL Finance Limited,DA,SME,NPSL,Bandhan Bank,Axis Trustee,Axis Trustee,0.9379,2025-09-04,2025-10-04,Fixed,8.01,2.43,10.44,1.2461,9.85,2158,165.61,153.99,Unrated,Unrated,0.0,0.0,,None,0.0,0.05,34,5,True,Assumed true sale: outright assignment of receivables; assignee holds pro-rata beneficial interest in the underlying loans.,0.17,0.15,0.32,0.23,0.49,0.09,0.41
D0053,,Indian-LAP-D0053,Active,FY26,FY26 Q3,IIFL Finance Limited,DA,LAP,NPSL,Indian Overseas Bank,Catalyst Trusteeship,IDBI Trusteeship,0.9475,2025-12-22,2026-01-22,MCLR Linked,8.55,2.57,11.12,1.0909,9.8251,24338,159.36,156.46,AAA(SO),AAA(SO),0.0,0.0,,None,0.0,0.05,48,10,True,Assumed true sale: outright assignment of receivables; assignee holds pro-rata beneficial interest in the underlying loans.,0.16,0.13,0.46,0.34,0.32,0.16,0.4
D0054,,Punjab-Gold-D0054,Active,FY25,FY25 Q4,IIFL Finance Limited,PTC,Gold,NPSL,Punjab and Sind Bank,Vistra ITCL,Catalyst Trusteeship,0.9097,2025-02-26,2025-03-26,MCLR Linked,8.35,2.71,11.06,0.8983,9.9044,5824,124.87,120.24,AA(SO),AA(SO),0.0,0.0493,Senior,Overcollateralization,6.16,0.05,10,3,True,Assumed true sale: SPV holds legal title to the pool; no recourse to originator beyond the stated credit enhancement.,0.12,0.18,0.27,0.17,0.2,0.12,0.31
D0055,,AU-SME-D0055,Active,FY25,FY25 Q1,IIFL Finance Limited,DA,SME,NPSL,AU Small Finance Bank,Axis Trustee,Vistra ITCL,0.9457,2024-05-19,2024-06-19,Fixed,7.95,1.54,9.49,1.1895,8.4569,7181,155.29,147.36,A+(SO),A+(SO),0.0,0.0,,None,0.0,0.1,25,14,True,Assumed true sale: outright assignment of receivables; assignee holds pro-rata beneficial interest in the underlying loans.,0.16,0.16,0.37,0.36,0.5,0.2,0.39
D0056,,Central-BL-D0056,Active,FY25,FY25 Q3,IIFL Finance Limited,DA,BL,NPSL,Central Bank of India,IDBI Trusteeship,Vistra ITCL,0.8542,2024-11-09,2024-12-09,Fixed,6.56,3.45,10.01,1.933,9.431,23117,273.34,264.96,AA(SO),AA(SO),0.0,0.0,,None,0.0,0.05,16,13,True,Assumed true sale: outright assignment of receivables; assignee holds pro-rata beneficial interest in the underlying loans.,0.27,0.39,0.63,0.58,0.56,0.36,0.68
D0057,,RBL-BL-D0057,Active,FY25,FY25 Q2,IIFL Finance Limited,DA,BL,NPSL,RBL Bank,Vistra ITCL,Vistra ITCL,0.9146,2024-07-20,2024-08-20,MCLR Linked,8.48,1.6,10.08,1.8619,9.4905,14043,228.71,211.25,AA+(SO),AA+(SO),0.0,0.0,,None,0.0,0.05,14,10,True,Assumed true sale: outright assignment of receivables; assignee holds pro-rata beneficial interest in the underlying loans.,0.23,0.25,0.47,0.48,0.88,0.32,0.57
D0058,,AU-LAP-D0058,Active,FY25,FY25 Q1,IIFL Finance Limited,PTC,LAP,NPSL,AU Small Finance Bank,IDBI Trusteeship,Axis Trustee,0.9148,2024-05-27,2024-06-27,Fixed,7.86,3.37,11.23,1.5779,10.7159,19110,308.71,284.21,AA(SO),AA(SO),0.0,0.0,Senior,None,0.0,0.05,44,3,True,Assumed true sale: SPV holds legal title to the pool; no recourse to originator beyond the stated credit enhancement.,0.31,0.26,0.49,0.62,0.61,0.34,0.77
D0059,,UCO-LAP-D0059,Active,FY26,FY26 Q1,IIFL Finance Limited,DA,LAP,PSL,UCO Bank,Catalyst Trusteeship,Axis Trustee,0.8807,2025-04-22,2025-05-22,Fixed,5.97,3.46,9.43,1.1081,8.4275,9045,123.41,115.68,AA(SO),AA(SO),0.0,0.0,,None,0.0,0.1,72,16,True,Assumed true sale: outright assignment of receivables; assignee holds pro-rata beneficial interest in the underlying loans.,0.12,0.17,0.3,0.18,0.22,0.17,0.31
D0060,,Indian-MFI-D0060,Closed,FY25,FY25 Q2,IIFL Finance Limited,DA,MFI,PSL,Indian Overseas Bank,Catalyst Trusteeship,Catalyst Trusteeship,0.9329,2024-08-16,2024-09-16,Fixed,9.65,2.71,12.36,1.8543,11.6578,18113,250.15,246.12,AA+(SO),AA+(SO),0.0,0.0,,None,0.0,0.1,24,10,True,Assumed true sale: outright assignment of receivables; assignee holds pro-rata beneficial interest in the underlying loans.,0.25,0.26,0.33,0.57,0.65,0.3,0.63
D0061,,UCO-Gold-D0061,Closed,FY25,FY25 Q1,IIFL Finance Limited,DA,Gold,PSL,UCO Bank,Axis Trustee,Catalyst Trusteeship,0.8787,2024-05-15,2024-06-15,Fixed,8.24,2.63,10.87,0.77,10.2346,1213,240.38,226.34,AA+(SO),AA+(SO),0.0,0.0,,None,0.0,0.05,8,11,False,True-sale status not independently verified for this synthetic deal -- flagged for legal review.,0.24,0.27,0.59,0.59,0.59,0.33,0.6
D0062,,Federal-LAP-D0062,Active,FY26,FY26 Q4,IIFL Finance Limited,DA,LAP,PSL,Federal Bank,IDBI Trusteeship,Axis Trustee,0.8846,2026-01-28,2026-02-28,Fixed,8.62,2.81,11.43,0.9135,9.9926,13379,54.74,54.17,AA+(SO),AA+(SO),0.0,0.0,,None,0.0,0.1,55,17,True,Assumed true sale: outright assignment of receivables; assignee holds pro-rata beneficial interest in the underlying loans.,0.05,0.07,0.07,0.12,0.14,0.07,0.14
D0063,,Karur-SME-D0063,Active,FY26,FY26 Q3,IIFL Finance Limited,PTC,SME,NPSL,Karur Vysya Bank,IDBI Trusteeship,IDBI Trusteeship,0.8914,2025-11-02,2025-12-02,MCLR Linked,8.17,2.84,11.01,0.9127,9.9533,14883,96.99,89.53,AAA(SO),AAA(SO),0.0,0.0,Senior,None,0.0,0.05,42,16,True,Assumed true sale: SPV holds legal title to the pool; no recourse to originator beyond the stated credit enhancement.,0.1,0.11,0.24,0.12,0.31,0.1,0.24
D0064,,DCB-MFI-D0064,Active,FY27,FY27 Q1,IIFL Finance Limited,PTC,MFI,NPSL,DCB Bank,Vistra ITCL,Catalyst Trusteeship,0.9036,2026-05-17,2026-06-17,MCLR Linked,8.1,2.33,10.43,1.7441,9.8785,18126,4.46,4.25,AA(SO),AA(SO),0.0,0.0,Subordinate,Cash Collateral,0.23,0.05,18,6,True,Assumed true sale: SPV holds legal title to the pool; no recourse to originator beyond the stated credit enhancement.,0.0,0.0,0.01,0.0,0.01,0.01,0.01
D0065,,Karur-LAP-D0065,Active,FY25,FY25 Q4,IIFL Finance Limited,PTC,LAP,NPSL,Karur Vysya Bank,IDBI Trusteeship,Vistra ITCL,0.8813,2025-02-10,2025-03-10,MCLR Linked,5.7,3.37,9.07,0.5686,7.7059,8449,14.25,13.88,A+(SO),A+(SO),0.0,0.0563,Subordinate,Overcollateralization,0.8,0.05,52,13,True,"Assumed true sale: originator retains servicing rights only, no equitable interest retained beyond MRR.",0.01,0.02,0.01,0.03,0.04,0.02,0.04
D0066,,Karur-SME-D0066,Active,FY26,FY26 Q1,IIFL Finance Limited,DA,SME,PSL,Karur Vysya Bank,Catalyst Trusteeship,Catalyst Trusteeship,0.9264,2025-04-19,2025-05-19,Fixed,10.25,2.5,12.75,1.1186,11.4075,24209,101.2,98.92,AA+(SO),AA+(SO),0.0,0.0,,None,0.0,0.1,28,13,True,Assumed true sale: outright assignment of receivables; assignee holds pro-rata beneficial interest in the underlying loans.,0.1,0.07,0.24,0.1,0.28,0.09,0.25
D0067,,Central-HCF-D0067,Active,FY26,FY26 Q2,IIFL Samasta Finance,DA,HCF,NPSL,Central Bank of India,Axis Trustee,Catalyst Trusteeship,0.8873,2025-09-18,2025-10-18,Fixed,9.32,1.53,10.85,1.109,9.785,16956,194.47,182.82,AA+(SO),AA+(SO),0.0,0.0,,None,0.0,0.05,57,15,True,Assumed true sale: outright assignment of receivables; assignee holds pro-rata beneficial interest in the underlying loans.,0.19,0.29,0.28,0.39,0.7,0.22,0.49
D0068,,Federal-Gold-D0068,Active,FY26,FY26 Q2,IIFL Finance Limited,PTC,Gold,PSL,Federal Bank,IDBI Trusteeship,Vistra ITCL,0.8516,2025-09-16,2025-10-16,MCLR Linked,7.73,1.52,9.25,0.8107,8.6058,21632,23.06,21.59,AAA(SO),AAA(SO),0.0,0.0,Subordinate,None,0.0,0.1,8,4,True,"Assumed true sale: originator retains servicing rights only, no equitable interest retained beyond MRR.",0.02,0.03,0.06,0.06,0.05,0.02,0.06
D0069,,UCO-HCF-D0069,Active,FY27,FY27 Q1,IIFL Finance Limited,DA,HCF,NPSL,UCO Bank,Axis Trustee,IDBI Trusteeship,0.8856,2026-04-24,2026-05-24,MCLR Linked,6.15,3.48,9.63,1.9117,8.6982,2259,182.77,180.61,AAA(SO),AAA(SO),0.0,0.0,,None,0.0,0.05,73,2,True,Assumed true sale: outright assignment of receivables; assignee holds pro-rata beneficial interest in the underlying loans.,0.18,0.22,0.42,0.21,0.56,0.24,0.46
D0070,,South-Gold-D0070,Active,FY26,FY26 Q4,IIFL Finance Limited,PTC,Gold,NPSL,South Indian Bank,Catalyst Trusteeship,Vistra ITCL,0.8914,2026-02-26,2026-03-26,Fixed,8.87,2.98,11.85,1.6688,10.6252,10601,135.83,125.83,AAA(SO),AAA(SO),0.0,0.0,Senior,Cash Collateral,7.12,0.05,6,11,True,"Assumed true sale: originator retains servicing rights only, no equitable interest retained beyond MRR.",0.14,0.14,0.41,0.19,0.38,0.16,0.34
D0071,,South-SME-D0071,Active,FY26,FY26 Q2,IIFL Finance Limited,PTC,SME,PSL,South Indian Bank,Vistra ITCL,Vistra ITCL,0.9103,2025-07-05,2025-08-05,Fixed,6.91,2.37,9.28,1.5429,8.301,12333,115.42,112.51,A+(SO),A+(SO),0.0,0.0,Senior,Cash Collateral,4.07,0.05,43,11,True,"Assumed true sale: originator retains servicing rights only, no equitable interest retained beyond MRR.",0.12,0.08,0.21,0.17,0.39,0.13,0.29
D0072,,Federal-MFI-D0072,Active,FY27,FY27 Q1,IIFL Finance Limited,PTC,MFI,PSL,Federal Bank,Vistra ITCL,IDBI Trusteeship,0.9215,2026-05-13,2026-06-13,MCLR Linked,7.28,3.36,10.64,1.6836,10.066,22838,6.03,5.88,A+(SO),A+(SO),0.0991,0.0,Subordinate,First Loss Guarantee,0.6,0.05,24,10,True,"Assumed true sale: originator retains servicing rights only, no equitable interest retained beyond MRR.",0.01,0.01,0.01,0.01,0.02,0.01,0.02
D0073,,Punjab-BL-D0073,Active,FY25,FY25 Q4,IIFL Finance Limited,DA,BL,PSL,Punjab and Sind Bank,Catalyst Trusteeship,Catalyst Trusteeship,0.8759,2025-03-23,2025-04-23,MCLR Linked,8.64,2.78,11.42,1.266,10.4012,22280,51.64,48.41,AAA(SO),AAA(SO),0.0,0.0,,None,0.0,0.05,22,15,True,Assumed true sale: outright assignment of receivables; assignee holds pro-rata beneficial interest in the underlying loans.,0.05,0.06,0.11,0.09,0.13,0.07,0.13
D0074,,Punjab-MFI-D0074,Active,FY25,FY25 Q4,IIFL Finance Limited,PTC,MFI,PSL,Punjab and Sind Bank,IDBI Trusteeship,IDBI Trusteeship,0.9052,2025-01-14,2025-02-14,MCLR Linked,6.23,3.16,9.39,0.9965,8.4636,7278,131.69,124.32,AAA(SO),AAA(SO),0.0769,0.0,Senior,First Loss Guarantee,10.13,0.05,24,3,True,Assumed true sale: SPV holds legal title to the pool; no recourse to originator beyond the stated credit enhancement.,0.13,0.13,0.34,0.26,0.26,0.15,0.33
D0075,,RBL-Gold-D0075,Active,FY25,FY25 Q3,IIFL Finance Limited,DA,Gold,NPSL,RBL Bank,Axis Trustee,Catalyst Trusteeship,0.8848,2024-10-15,2024-11-15,MCLR Linked,7.84,2.91,10.75,1.7683,9.6326,2550,108.25,104.92,Unrated,Unrated,0.0,0.0,,None,0.0,0.05,9,13,True,Assumed true sale: outright assignment of receivables; assignee holds pro-rata beneficial interest in the underlying loans.,0.11,0.14,0.26,0.16,0.33,0.06,0.27
D0076,,Aditya-MFI-D0076,Active,FY25,FY25 Q2,IIFL Finance Limited,PTC,MFI,NPSL,Aditya Birla Capital Limited,IDBI Trusteeship,IDBI Trusteeship,0.9315,2024-07-06,2024-08-06,MCLR Linked,7.36,2.28,9.64,1.9457,8.6346,16447,207.56,197.1,AA+(SO),AA+(SO),0.0,0.0555,Senior,Overcollateralization,11.52,0.05,19,8,False,True-sale status not independently verified for this synthetic deal -- flagged for legal review.,0.21,0.21,0.49,0.34,0.75,0.21,0.52
D0077,,Punjab-BL-D0077,Closed,FY25,FY25 Q3,IIFL Finance Limited,PTC,BL,NPSL,Punjab and Sind Bank,Catalyst Trusteeship,IDBI Trusteeship,0.8798,2024-11-10,2024-12-10,Fixed,7.93,2.08,10.01,1.999,9.0603,16730,204.49,199.19,AAA(SO),AAA(SO),0.0,0.0091,Senior,Overcollateralization,1.86,0.1,24,14,True,Assumed true sale: SPV holds legal title to the pool; no recourse to originator beyond the stated credit enhancement.,0.2,0.17,0.54,0.34,0.81,0.26,0.51
D0078,,Bandhan-SME-D0078,Active,FY26,FY26 Q4,IIFL Finance Limited,PTC,SME,PSL,Bandhan Bank,IDBI Trusteeship,Axis Trustee,0.9419,2026-02-12,2026-03-12,Fixed,10.15,2.72,12.87,1.9887,11.503,7270,70.6,65.64,Unrated,Unrated,0.0,0.0,Senior,Cash Collateral,4.02,0.05,33,14,False,True-sale status not independently verified for this synthetic deal -- flagged for legal review.,0.07,0.04,0.19,0.1,0.23,0.09,0.18
D0079,,Bank-LAP-D0079,Active,FY25,FY25 Q3,IIFL Finance Limited,DA,LAP,PSL,Bank of Maharashtra,Axis Trustee,IDBI Trusteeship,0.9468,2024-12-21,2025-01-21,MCLR Linked,8.26,2.77,11.03,1.7373,10.0353,23264,149.96,145.83,A+(SO),A+(SO),0.0,0.0,,None,0.0,0.05,41,13,True,Assumed true sale: outright assignment of receivables; assignee holds pro-rata beneficial interest in the underlying loans.,0.15,0.12,0.24,0.27,0.27,0.2,0.37
D0080,,Bandhan-HCF-D0080,Active,FY25,FY25 Q2,IIFL Samasta Finance,DA,HCF,PSL,Bandhan Bank,Catalyst Trusteeship,Axis Trustee,0.9126,2024-07-21,2024-08-21,MCLR Linked,9.32,1.75,11.07,1.589,9.8148,14518,162.83,149.81,AA+(SO),AA+(SO),0.0,0.0,,None,0.0,0.1,65,11,True,Assumed true sale: outright assignment of receivables; assignee holds pro-rata beneficial interest in the underlying loans.,0.16,0.15,0.19,0.19,0.33,0.09,0.41
D0081,,DCB-BL-D0081,Closed,FY25,FY25 Q1,IIFL Finance Limited,PTC,BL,NPSL,DCB Bank,Vistra ITCL,IDBI Trusteeship,0.9128,2024-04-23,2024-05-23,MCLR Linked,6.32,3.22,9.54,0.7271,8.6283,3427,175.03,163.83,AA(SO),AA(SO),0.0,0.0,Senior,Cash Collateral,8.59,0.1,13,3,True,Assumed true sale: SPV holds legal title to the pool; no recourse to originator beyond the stated credit enhancement.,0.18,0.21,0.48,0.2,0.31,0.22,0.44
D0082,,Federal-MFI-D0082,Closed,FY25,FY25 Q2,IIFL Finance Limited,DA,MFI,NPSL,Federal Bank,Axis Trustee,Catalyst Trusteeship,0.8741,2024-08-08,2024-09-08,Fixed,6.77,2.61,9.38,1.4571,8.809,22074,275.95,267.21,Unrated,Unrated,0.0,0.0,,None,0.0,0.05,16,15,True,Assumed true sale: outright assignment of receivables; assignee holds pro-rata beneficial interest in the underlying loans.,0.28,0.38,0.28,0.43,0.63,0.24,0.69
D0083,,UCO-MFI-D0083,Active,FY27,FY27 Q1,IIFL Finance Limited,DA,MFI,PSL,UCO Bank,Vistra ITCL,Catalyst Trusteeship,0.881,2026-04-16,2026-05-16,MCLR Linked,10.26,3.04,13.3,1.267,12.5968,7569,211.77,195.03,A+(SO),A+(SO),0.0,0.0,,None,0.0,0.05,20,9,True,Assumed true sale: outright assignment of receivables; assignee holds pro-rata beneficial interest in the underlying loans.,0.21,0.28,0.44,0.34,0.65,0.28,0.53
D0084,,RBL-MFI-D0084,Closed,FY25,FY25 Q3,IIFL Finance Limited,PTC,MFI,PSL,RBL Bank,Catalyst Trusteeship,Vistra ITCL,0.9307,2024-11-02,2024-12-02,MCLR Linked,11.43,1.73,13.16,0.908,12.5961,24769,118.61,115.28,AA+(SO),AA+(SO),0.0,0.0,Senior,Cash Collateral,9.22,0.05,23,8,True,"Assumed true sale: originator retains servicing rights only, no equitable interest retained beyond MRR.",0.12,0.14,0.26,0.13,0.31,0.1,0.3
D0085,,Bank-BL-D0085,Closed,FY25,FY25 Q3,IIFL Finance Limited,DA,BL,PSL,Bank of Maharashtra,Vistra ITCL,IDBI Trusteeship,0.8916,2024-12-25,2025-01-25,MCLR Linked,8.63,2.95,11.58,1.5804,10.8087,902,263.16,242.15,A+(SO),A+(SO),0.0,0.0,,None,0.0,0.1,12,14,True,Assumed true sale: outright assignment of receivables; assignee holds pro-rata beneficial interest in the underlying loans.,0.26,0.15,0.46,0.46,0.99,0.18,0.66
D0086,,Aditya-LAP-D0086,Active,FY25,FY25 Q4,IIFL Finance Limited,PTC,LAP,PSL,Aditya Birla Capital Limited,IDBI Trusteeship,Vistra ITCL,0.9136,2025-01-25,2025-02-25,MCLR Linked,7.86,2.61,10.47,1.5402,9.9604,10458,138.59,130.33,AA(SO),AA(SO),0.0,0.0194,Senior,Overcollateralization,2.69,0.1,70,9,True,"Assumed true sale: originator retains servicing rights only, no equitable interest retained beyond MRR.",0.14,0.12,0.35,0.22,0.46,0.11,0.35
D0087,,Karur-BL-D0087,Active,FY25,FY25 Q1,IIFL Finance Limited,PTC,BL,NPSL,Karur Vysya Bank,Vistra ITCL,Axis Trustee,0.8772,2024-05-05,2024-06-05,Fixed,6.08,3.34,9.42,0.612,8.7173,3282,249.78,236.31,A+(SO),A+(SO),0.0,0.0404,Senior,Overcollateralization,10.09,0.05,16,8,True,"Assumed true sale: originator retains servicing rights only, no equitable interest retained beyond MRR.",0.25,0.32,0.54,0.31,0.48,0.24,0.62
D0088,,UCO-Gold-D0088,Active,FY27,FY27 Q1,IIFL Finance Limited,DA,Gold,NPSL,UCO Bank,Vistra ITCL,IDBI Trusteeship,0.8531,2026-04-07,2026-05-07,MCLR Linked,8.6,2.43,11.03,1.1066,10.0778,10468,45.29,44.23,AAA(SO),AAA(SO),0.0,0.0,,None,0.0,0.05,6,8,True,Assumed true sale: outright assignment of receivables; assignee holds pro-rata beneficial interest in the underlying loans.,0.05,0.06,0.07,0.08,0.16,0.03,0.11
D0089,,AU-Gold-D0089,Closed,FY25,FY25 Q3,IIFL Finance Limited,PTC,Gold,NPSL,AU Small Finance Bank,Catalyst Trusteeship,Axis Trustee,0.9183,2024-11-05,2024-12-05,MCLR Linked,7.93,2.87,10.8,0.7592,10.0853,2957,210.08,197.08,A+(SO),A+(SO),0.0,0.0,Senior,Cash Collateral,15.21,0.1,9,12,True,"Assumed true sale: originator retains servicing rights only, no equitable interest retained beyond MRR.",0.21,0.14,0.33,0.49,0.33,0.24,0.53
D0090,,South-HCF-D0090,Active,FY26,FY26 Q2,IIFL Finance Limited,PTC,HCF,NPSL,South Indian Bank,Vistra ITCL,IDBI Trusteeship,0.8526,2025-09-16,2025-10-16,MCLR Linked,7.21,2.06,9.27,1.3957,8.7407,17729,155.44,150.0,Unrated,Unrated,0.0,0.0,Senior,None,0.0,0.1,82,11,True,"Assumed true sale: originator retains servicing rights only, no equitable interest retained beyond MRR.",0.16,0.2,0.24,0.34,0.42,0.13,0.39
D0091,,Aditya-SME-D0091,Active,FY25,FY25 Q3,IIFL Finance Limited,PTC,SME,PSL,Aditya Birla Capital Limited,Axis Trustee,Vistra ITCL,0.8676,2024-11-09,2024-12-09,MCLR Linked,9.59,2.97,12.56,0.5569,12.0038,13227,207.86,205.53,AA+(SO),AA+(SO),0.0,0.0671,Senior,Overcollateralization,13.95,0.1,42,17,True,Assumed true sale: SPV holds legal title to the pool; no recourse to originator beyond the stated credit enhancement.,0.21,0.23,0.22,0.36,0.48,0.23,0.52
D0092,,RBL-MFI-D0092,Active,FY27,FY27 Q1,IIFL Finance Limited,PTC,MFI,NPSL,RBL Bank,Vistra ITCL,IDBI Trusteeship,0.9207,2026-05-28,2026-06-28,MCLR Linked,11.29,1.62,12.91,1.343,11.5204,4134,211.51,208.17,AAA(SO),AAA(SO),0.0,0.0,Senior,None,0.0,0.05,16,5,True,"Assumed true sale: originator retains servicing rights only, no equitable interest retained beyond MRR.",0.21,0.24,0.36,0.42,0.75,0.19,0.53
D0093,,Bank-SME-D0093,Active,FY26,FY26 Q4,IIFL Finance Limited,DA,SME,NPSL,Bank of Maharashtra,Axis Trustee,Catalyst Trusteeship,0.8765,2026-02-19,2026-03-19,MCLR Linked,7.27,3.49,10.76,0.8743,10.1922,20533,76.0,71.61,A+(SO),A+(SO),0.0,0.0,,None,0.0,0.05,31,11,True,Assumed true sale: outright assignment of receivables; assignee holds pro-rata beneficial interest in the underlying loans.,0.08,0.06,0.09,0.08,0.19,0.09,0.19
D0094,,Central-LAP-D0094,Active,FY25,FY25 Q4,IIFL Finance Limited,PTC,LAP,NPSL,Central Bank of India,IDBI Trusteeship,Axis Trustee,0.8657,2025-03-18,2025-04-18,MCLR Linked,9.65,3.08,12.73,0.6519,12.0244,1594,69.49,64.29,AAA(SO),AAA(SO),0.0,0.0,Senior,Cash Collateral,3.39,0.1,41,15,True,Assumed true sale: SPV holds legal title to the pool; no recourse to originator beyond the stated credit enhancement.,0.07,0.05,0.17,0.14,0.23,0.05,0.17
D0095,,Karur-MFI-D0095,Active,FY26,FY26 Q1,IIFL Finance Limited,DA,MFI,NPSL,Karur Vysya Bank,Axis Trustee,Axis Trustee,0.8989,2025-04-19,2025-05-19,MCLR Linked,8.99,2.48,11.47,1.4916,10.8789,10151,135.88,129.08,A+(SO),A+(SO),0.0,0.0,,None,0.0,0.05,14,4,True,Assumed true sale: outright assignment of receivables; assignee holds pro-rata beneficial interest in the underlying loans.,0.14,0.14,0.19,0.32,0.33,0.13,0.34
D0096,,Central-LAP-D0096,Active,FY27,FY27 Q1,IIFL Finance Limited,DA,LAP,PSL,Central Bank of India,Axis Trustee,Vistra ITCL,0.8579,2026-06-09,2026-07-09,MCLR Linked,9.74,1.8,11.54,1.8542,10.3257,18242,43.71,41.27,AA+(SO),AA+(SO),0.0,0.0,,None,0.0,0.05,69,14,True,Assumed true sale: outright assignment of receivables; assignee holds pro-rata beneficial interest in the underlying loans.,0.04,0.04,0.12,0.1,0.14,0.05,0.11
D0097,,Bank-LAP-D0097,Active,FY25,FY25 Q2,IIFL Finance Limited,PTC,LAP,PSL,Bank of Maharashtra,Axis Trustee,IDBI Trusteeship,0.8648,2024-09-07,2024-10-07,Fixed,7.22,2.35,9.57,1.3819,8.3116,5345,82.64,80.79,AAA(SO),AAA(SO),0.0,0.0206,Senior,Overcollateralization,1.7,0.05,65,0,True,"Assumed true sale: originator retains servicing rights only, no equitable interest retained beyond MRR.",0.08,0.12,0.24,0.15,0.14,0.06,0.21
D0098,,South-LAP-D0098,Active,FY26,FY26 Q2,IIFL Finance Limited,DA,LAP,NPSL,South Indian Bank,Vistra ITCL,Axis Trustee,0.9358,2025-07-19,2025-08-19,Fixed,10.17,1.57,11.74,1.5273,10.2675,22808,150.0,144.49,AA(SO),AA(SO),0.0,0.0,,None,0.0,0.1,66,2,True,Assumed true sale: outright assignment of receivables; assignee holds pro-rata beneficial interest in the underlying loans.,0.15,0.11,0.24,0.32,0.52,0.12,0.38
D0099,,DCB-BL-D0099,Active,FY26,FY26 Q1,IIFL Finance Limited,DA,BL,PSL,DCB Bank,Catalyst Trusteeship,IDBI Trusteeship,0.8533,2025-06-07,2025-07-07,Fixed,10.8,2.31,13.11,0.5758,12.2496,2341,269.43,264.23,AA(SO),AA(SO),0.0,0.0,,None,0.0,0.1,24,2,True,Assumed true sale: outright assignment of receivables; assignee holds pro-rata beneficial interest in the underlying loans.,0.27,0.19,0.47,0.46,0.67,0.38,0.67
D0100,,IDBI-SME-D0100,Active,FY26,FY26 Q1,IIFL Finance Limited,PTC,SME,PSL,IDBI Bank,Catalyst Trusteeship,Axis Trustee,0.9412,2025-06-06,2025-07-06,Fixed,10.87,2.45,13.32,1.4711,12.2189,8975,130.32,127.54,AA(SO),AA(SO),0.0,0.0,Senior,Cash Collateral,9.47,0.1,31,16,True,"Assumed true sale: originator retains servicing rights only, no equitable interest retained beyond MRR.",0.13,0.07,0.2,0.29,0.29,0.19,0.33
D0101,,Federal-LAP-D0101,Active,FY26,FY26 Q1,IIFL Finance Limited,DA,LAP,NPSL,Federal Bank,Vistra ITCL,Vistra ITCL,0.9156,2025-06-09,2025-07-09,Fixed,7.88,2.1,9.98,1.9283,8.8285,22204,210.8,194.04,Unrated,Unrated,0.0,0.0,,None,0.0,0.1,55,13,True,Assumed true sale: outright assignment of receivables; assignee holds pro-rata beneficial interest in the underlying loans.,0.21,0.15,0.43,0.29,0.35,0.29,0.53
D0102,,IDBI-HCF-D0102,Active,FY26,FY26 Q4,IIFL Finance Limited,DA,HCF,NPSL,IDBI Bank,IDBI Trusteeship,IDBI Trusteeship,0.8794,2026-03-01,2026-04-01,Fixed,8.46,3.49,11.95,1.2062,10.7091,24641,318.82,302.34,Unrated,Unrated,0.0,0.0,,None,0.0,0.1,62,16,True,Assumed true sale: outright assignment of receivables; assignee holds pro-rata beneficial interest in the underlying loans.,0.32,0.39,0.68,0.76,1.23,0.45,0.8
D0103,,IDBI-SME-D0103,Active,FY25,FY25 Q4,IIFL Finance Limited,PTC,SME,PSL,IDBI Bank,IDBI Trusteeship,Vistra ITCL,0.8909,2025-01-14,2025-02-14,Fixed,8.47,2.02,10.49,1.3541,9.0834,2258,170.36,158.14,Unrated,Unrated,0.108,0.0,Senior,First Loss Guarantee,18.4,0.05,40,6,True,Assumed true sale: SPV holds legal title to the pool; no recourse to originator beyond the stated credit enhancement.,0.17,0.16,0.28,0.35,0.59,0.17,0.43
D0104,,DCB-MFI-D0104,Active,FY26,FY26 Q1,IIFL Finance Limited,PTC,MFI,PSL,DCB Bank,Catalyst Trusteeship,IDBI Trusteeship,0.8726,2025-06-09,2025-07-09,MCLR Linked,6.89,3.05,9.94,1.8155,9.1279,3384,179.01,174.26,A+(SO),A+(SO),0.0,0.0,Senior,None,0.0,0.05,15,3,True,Assumed true sale: SPV holds legal title to the pool; no recourse to originator beyond the stated credit enhancement.,0.18,0.11,0.36,0.26,0.3,0.1,0.45
D0105,,RBL-LAP-D0105,Active,FY26,FY26 Q2,IIFL Finance Limited,DA,LAP,PSL,RBL Bank,Vistra ITCL,Catalyst Trusteeship,0.8875,2025-08-11,2025-09-11,MCLR Linked,8.08,2.87,10.95,1.4605,9.6788,12271,129.82,127.63,A+(SO),A+(SO),0.0,0.0,,None,0.0,0.05,44,6,True,Assumed true sale: outright assignment of receivables; assignee holds pro-rata beneficial interest in the underlying loans.,0.13,0.15,0.28,0.14,0.23,0.17,0.32
D0106,,Aditya-HCF-D0106,Active,FY26,FY26 Q1,IIFL Finance Limited,PTC,HCF,PSL,Aditya Birla Capital Limited,Axis Trustee,IDBI Trusteeship,0.9109,2025-04-04,2025-05-04,MCLR Linked,9.01,2.45,11.46,1.6669,10.1285,804,83.84,81.16,Unrated,Unrated,0.0,0.0529,Senior,Overcollateralization,4.44,0.05,54,15,True,Assumed true sale: SPV holds legal title to the pool; no recourse to originator beyond the stated credit enhancement.,0.08,0.12,0.14,0.14,0.16,0.09,0.21
D0107,,Central-HCF-D0107,Active,FY25,FY25 Q1,IIFL Finance Limited,PTC,HCF,NPSL,Central Bank of India,Vistra ITCL,Axis Trustee,0.9239,2024-04-01,2024-05-01,Fixed,9.91,3.17,13.08,0.6425,11.8218,17267,64.96,60.17,AA(SO),AA(SO),0.0,0.0579,Senior,Overcollateralization,3.76,0.1,51,8,True,"Assumed true sale: originator retains servicing rights only, no equitable interest retained beyond MRR.",0.06,0.04,0.18,0.13,0.13,0.06,0.16
D0108,,South-BL-D0108,Active,FY25,FY25 Q1,IIFL Finance Limited,DA,BL,NPSL,South Indian Bank,IDBI Trusteeship,Axis Trustee,0.9279,2024-06-12,2024-07-12,Fixed,7.52,2.3,9.82,1.417,8.4574,16171,106.06,100.44,AA+(SO),AA+(SO),0.0,0.0,,None,0.0,0.05,12,0,True,Assumed true sale: outright assignment of receivables; assignee holds pro-rata beneficial interest in the underlying loans.,0.11,0.15,0.26,0.25,0.29,0.1,0.27
D0109,,Punjab-LAP-D0109,Active,FY26,FY26 Q3,IIFL Finance Limited,DA,LAP,PSL,Punjab and Sind Bank,Catalyst Trusteeship,Catalyst Trusteeship,0.9143,2025-12-11,2026-01-11,MCLR Linked,5.82,3.24,9.06,0.7354,7.7112,11585,342.6,331.26,Unrated,Unrated,0.0,0.0,,None,0.0,0.05,51,16,True,Assumed true sale: outright assignment of receivables; assignee holds pro-rata beneficial interest in the underlying loans.,0.34,0.46,0.94,0.38,0.93,0.25,0.86
D0110,,UCO-Gold-D0110,Active,FY26,FY26 Q3,IIFL Finance Limited,DA,Gold,PSL,UCO Bank,Vistra ITCL,IDBI Trusteeship,0.9155,2025-12-13,2026-01-13,Fixed,8.84,1.97,10.81,1.1843,9.9691,3384,163.8,157.27,AAA(SO),AAA(SO),0.0,0.0,,None,0.0,0.1,6,9,True,Assumed true sale: outright assignment of receivables; assignee holds pro-rata beneficial interest in the underlying loans.,0.16,0.22,0.43,0.37,0.38,0.21,0.41
D0111,,DCB-HCF-D0111,Active,FY26,FY26 Q1,IIFL Finance Limited,DA,HCF,NPSL,DCB Bank,IDBI Trusteeship,IDBI Trusteeship,0.8621,2025-06-04,2025-07-04,MCLR Linked,6.62,2.82,9.44,1.7783,8.7244,10067,129.35,126.52,AAA(SO),AAA(SO),0.0,0.0,,None,0.0,0.05,56,17,True,Assumed true sale: outright assignment of receivables; assignee holds pro-rata beneficial interest in the underlying loans.,0.13,0.17,0.18,0.19,0.44,0.07,0.32
D0112,,Central-LAP-D0112,Active,FY26,FY26 Q2,IIFL Finance Limited,PTC,LAP,NPSL,Central Bank of India,Axis Trustee,Vistra ITCL,0.947,2025-08-05,2025-09-05,MCLR Linked,11.83,1.51,13.34,1.1793,12.7066,19673,200.33,190.37,AA+(SO),AA+(SO),0.0,0.0,Senior,Cash Collateral,14.18,0.05,56,12,True,Assumed true sale: SPV holds legal title to the pool; no recourse to originator beyond the stated credit enhancement.,0.2,0.18,0.48,0.43,0.45,0.24,0.5
D0113,,RBL-HCF-D0113,Active,FY26,FY26 Q3,IIFL Finance Limited,DA,HCF,NPSL,RBL Bank,Vistra ITCL,Axis Trustee,0.9308,2025-12-07,2026-01-07,Fixed,7.15,2.75,9.9,1.2841,9.3747,4847,245.01,241.21,AA+(SO),AA+(SO),0.0,0.0,,None,0.0,0.05,68,18,True,Assumed true sale: outright assignment of receivables; assignee holds pro-rata beneficial interest in the underlying loans.,0.25,0.16,0.57,0.32,0.83,0.16,0.61
D0114,,South-HCF-D0114,Active,FY25,FY25 Q1,IIFL Finance Limited,DA,HCF,NPSL,South Indian Bank,Vistra ITCL,Catalyst Trusteeship,0.8513,2024-05-23,2024-06-23,Fixed,7.34,2.58,9.92,0.877,8.7994,22635,287.7,266.75,Unrated,Unrated,0.0,0.0,,None,0.0,0.05,66,6,True,Assumed true sale: outright assignment of receivables; assignee holds pro-rata beneficial interest in the underlying loans.,0.29,0.37,0.79,0.65,1.09,0.35,0.72
D0115,,UCO-BL-D0115,Active,FY25,FY25 Q3,IIFL Finance Limited,DA,BL,PSL,UCO Bank,IDBI Trusteeship,Vistra ITCL,0.9097,2024-10-25,2024-11-25,MCLR Linked,7.47,2.4,9.87,1.6605,8.7446,17337,77.64,72.37,AA(SO),AA(SO),0.0,0.0,,None,0.0,0.05,21,3,True,Assumed true sale: outright assignment of receivables; assignee holds pro-rata beneficial interest in the underlying loans.,0.08,0.1,0.12,0.17,0.22,0.04,0.19
D0116,,Karur-BL-D0116,Active,FY26,FY26 Q2,IIFL Finance Limited,DA,BL,PSL,Karur Vysya Bank,Vistra ITCL,Axis Trustee,0.874,2025-08-03,2025-09-03,Fixed,10.72,1.82,12.54,1.4634,11.1214,7491,45.8,42.85,AA(SO),AA(SO),0.0,0.0,,None,0.0,0.05,20,11,True,Assumed true sale: outright assignment of receivables; assignee holds pro-rata beneficial interest in the underlying loans.,0.05,0.03,0.05,0.11,0.11,0.06,0.11
D0117,,South-LAP-D0117,Active,FY25,FY25 Q4,IIFL Finance Limited,PTC,LAP,PSL,South Indian Bank,IDBI Trusteeship,Axis Trustee,0.9147,2025-01-01,2025-02-01,Fixed,10.45,2.25,12.7,1.9096,11.4531,21849,178.08,167.53,AAA(SO),AAA(SO),0.0,0.0,Senior,None,0.0,0.05,40,16,True,"Assumed true sale: originator retains servicing rights only, no equitable interest retained beyond MRR.",0.18,0.12,0.34,0.27,0.31,0.1,0.45
D0118,,Aditya-BL-D0118,Active,FY25,FY25 Q3,IIFL Finance Limited,DA,BL,NPSL,Aditya Birla Capital Limited,Vistra ITCL,Catalyst Trusteeship,0.8782,2024-11-09,2024-12-09,Fixed,8.72,2.31,11.03,1.89,10.1486,18025,20.66,19.98,AAA(SO),AAA(SO),0.0,0.0,,None,0.0,0.1,23,8,True,Assumed true sale: outright assignment of receivables; assignee holds pro-rata beneficial interest in the underlying loans.,0.02,0.03,0.02,0.03,0.04,0.03,0.05
D0119,,Bank-HCF-D0119,Active,FY27,FY27 Q1,IIFL Finance Limited,DA,HCF,PSL,Bank of Maharashtra,IDBI Trusteeship,IDBI Trusteeship,0.8721,2026-05-28,2026-06-28,MCLR Linked,10.03,2.25,12.28,1.7521,11.5857,4538,200.43,192.18,A+(SO),A+(SO),0.0,0.0,,None,0.0,0.05,61,17,True,Assumed true sale: outright assignment of receivables; assignee holds pro-rata beneficial interest in the underlying loans.,0.2,0.14,0.52,0.46,0.73,0.29,0.5
D0120,,UCO-HCF-D0120,Active,FY26,FY26 Q4,IIFL Finance Limited,DA,HCF,NPSL,UCO Bank,Vistra ITCL,Axis Trustee,0.8669,2026-01-03,2026-02-03,Fixed,8.24,1.89,10.13,0.9698,8.8443,22497,333.77,315.41,Unrated,Unrated,0.0,0.0,,None,0.0,0.05,79,15,True,Assumed true sale: outright assignment of receivables; assignee holds pro-rata beneficial interest in the underlying loans.,0.33,0.4,0.76,0.47,0.8,0.39,0.83
D0121,,Central-LAP-D0121,Active,FY27,FY27 Q1,IIFL Finance Limited,DA,LAP,PSL,Central Bank of India,Vistra ITCL,Axis Trustee,0.9154,2026-04-10,2026-05-10,MCLR Linked,9.47,1.72,11.19,0.7229,10.2975,5087,297.0,291.09,AAA(SO),AAA(SO),0.0,0.0,,None,0.0,0.1,37,15,True,Assumed true sale: outright assignment of receivables; assignee holds pro-rata beneficial interest in the underlying loans.,0.3,0.41,0.65,0.68,0.54,0.3,0.74
D0122,,IDBI-LAP-D0122,Active,FY26,FY26 Q4,IIFL Finance Limited,PTC,LAP,PSL,IDBI Bank,Vistra ITCL,Axis Trustee,0.897,2026-01-08,2026-02-08,MCLR Linked,9.71,3.11,12.82,1.182,12.2736,5717,268.66,249.81,AA+(SO),AA+(SO),0.0,0.0759,Senior,Overcollateralization,20.39,0.05,67,10,True,Assumed true sale: SPV holds legal title to the pool; no recourse to originator beyond the stated credit enhancement.,0.27,0.4,0.44,0.55,0.75,0.36,0.67
D0123,,UCO-BL-D0123,Active,FY26,FY26 Q1,IIFL Finance Limited,DA,BL,PSL,UCO Bank,Vistra ITCL,IDBI Trusteeship,0.865,2025-04-21,2025-05-21,MCLR Linked,8.02,2.68,10.7,0.736,9.598,7803,188.08,177.99,AA(SO),AA(SO),0.0,0.0,,None,0.0,0.05,21,5,True,Assumed true sale: outright assignment of receivables; assignee holds pro-rata beneficial interest in the underlying loans.,0.19,0.25,0.44,0.31,0.44,0.12,0.47
D0124,,Karur-LAP-D0124,Active,FY26,FY26 Q3,IIFL Finance Limited,DA,LAP,NPSL,Karur Vysya Bank,Catalyst Trusteeship,IDBI Trusteeship,0.8949,2025-12-27,2026-01-27,MCLR Linked,8.86,1.99,10.85,1.9892,9.4827,21128,207.12,192.89,AA+(SO),AA+(SO),0.0,0.0,,None,0.0,0.05,47,12,True,Assumed true sale: outright assignment of receivables; assignee holds pro-rata beneficial interest in the underlying loans.,0.21,0.14,0.55,0.39,0.72,0.27,0.52
D0125,,DCB-BL-D0125,Active,FY25,FY25 Q2,IIFL Finance Limited,PTC,BL,PSL,DCB Bank,Axis Trustee,IDBI Trusteeship,0.9402,2024-09-24,2024-10-24,MCLR Linked,10.46,2.69,13.15,1.3089,12.6488,4057,91.99,87.11,Unrated,Unrated,0.0315,0.0,Senior,First Loss Guarantee,2.9,0.1,21,15,True,Assumed true sale: SPV holds legal title to the pool; no recourse to originator beyond the stated credit enhancement.,0.09,0.13,0.22,0.15,0.23,0.13,0.23
D0126,,Bandhan-SME-D0126,Active,FY27,FY27 Q1,IIFL Finance Limited,DA,SME,PSL,Bandhan Bank,Axis Trustee,IDBI Trusteeship,0.9188,2026-04-13,2026-05-13,MCLR Linked,7.47,3.11,10.58,0.9739,9.7177,8118,157.54,147.74,Unrated,Unrated,0.0,0.0,,None,0.0,0.1,30,17,True,Assumed true sale: outright assignment of receivables; assignee holds pro-rata beneficial interest in the underlying loans.,0.16,0.1,0.36,0.22,0.57,0.15,0.39
D0127,,South-BL-D0127,Active,FY26,FY26 Q1,IIFL Finance Limited,DA,BL,NPSL,South Indian Bank,IDBI Trusteeship,Catalyst Trusteeship,0.8714,2025-04-25,2025-05-25,Fixed,7.32,2.6,9.92,1.1008,9.0816,16351,74.87,71.81,AA(SO),AA(SO),0.0,0.0,,None,0.0,0.1,14,2,True,Assumed true sale: outright assignment of receivables; assignee holds pro-rata beneficial interest in the underlying loans.,0.07,0.08,0.18,0.15,0.14,0.11,0.19
D0128,,AU-Gold-D0128,Active,FY26,FY26 Q3,IIFL Finance Limited,PTC,Gold,PSL,AU Small Finance Bank,Catalyst Trusteeship,IDBI Trusteeship,0.9115,2025-11-14,2025-12-14,Fixed,7.37,2.03,9.4,1.511,8.5403,13093,41.81,38.58,Unrated,Unrated,0.0,0.0,Senior,None,0.0,0.05,7,10,True,"Assumed true sale: originator retains servicing rights only, no equitable interest retained beyond MRR.",0.04,0.05,0.12,0.05,0.09,0.04,0.1
D0129,,Indian-LAP-D0129,Active,FY25,FY25 Q1,IIFL Finance Limited,DA,LAP,NPSL,Indian Overseas Bank,Catalyst Trusteeship,Vistra ITCL,0.9376,2024-04-24,2024-05-24,Fixed,10.54,2.6,13.14,1.7197,12.0651,7915,131.4,128.39,A+(SO),A+(SO),0.0,0.0,,None,0.0,0.05,62,14,True,Assumed true sale: outright assignment of receivables; assignee holds pro-rata beneficial interest in the underlying loans.,0.13,0.16,0.39,0.24,0.45,0.17,0.33
D0130,,Central-HCF-D0130,Closed,FY25,FY25 Q1,IIFL Finance Limited,DA,HCF,PSL,Central Bank of India,IDBI Trusteeship,Axis Trustee,0.8814,2024-04-16,2024-05-16,MCLR Linked,6.53,2.77,9.3,0.8278,8.2263,10845,241.77,226.32,Unrated,Unrated,0.0,0.0,,None,0.0,0.05,63,12,True,Assumed true sale: outright assignment of receivables; assignee holds pro-rata beneficial interest in the underlying loans.,0.24,0.17,0.6,0.58,0.48,0.3,0.6
D0131,,Karur-HCF-D0131,Closed,FY25,FY25 Q3,IIFL Finance Limited,PTC,HCF,NPSL,Karur Vysya Bank,IDBI Trusteeship,Vistra ITCL,0.8898,2024-10-08,2024-11-08,MCLR Linked,7.38,2.74,10.12,1.6253,9.4918,3071,275.94,256.18,Unrated,Unrated,0.0908,0.0,Senior,First Loss Guarantee,25.06,0.1,71,13,True,"Assumed true sale: originator retains servicing rights only, no equitable interest retained beyond MRR.",0.28,0.28,0.51,0.66,0.44,0.23,0.69
D0132,,Aditya-LAP-D0132,Active,FY26,FY26 Q1,IIFL Finance Limited,PTC,LAP,NPSL,Aditya Birla Capital Limited,Vistra ITCL,Axis Trustee,0.868,2025-06-11,2025-07-11,MCLR Linked,10.58,1.52,12.1,0.6967,11.0241,12348,142.11,131.74,Unrated,Unrated,0.0,0.0,Senior,Cash Collateral,11.07,0.05,63,17,True,"Assumed true sale: originator retains servicing rights only, no equitable interest retained beyond MRR.",0.14,0.1,0.17,0.2,0.3,0.13,0.36
D0133,,Bank-SME-D0133,Active,FY26,FY26 Q4,IIFL Finance Limited,DA,SME,PSL,Bank of Maharashtra,Vistra ITCL,Axis Trustee,0.9339,2026-03-05,2026-04-05,Fixed,9.61,1.52,11.13,0.6445,9.8854,21165,182.37,180.49,A+(SO),A+(SO),0.0,0.0,,None,0.0,0.05,42,7,True,Assumed true sale: outright assignment of receivables; assignee holds pro-rata beneficial interest in the underlying loans.,0.18,0.14,0.31,0.33,0.64,0.15,0.46
D0134,,IDBI-Gold-D0134,Active,FY26,FY26 Q3,IIFL Finance Limited,DA,Gold,NPSL,IDBI Bank,Axis Trustee,Catalyst Trusteeship,0.8579,2025-11-07,2025-12-07,MCLR Linked,8.8,2.8,11.6,1.0154,10.7865,11152,343.09,322.48,A+(SO),A+(SO),0.0,0.0,,None,0.0,0.1,8,5,True,Assumed true sale: outright assignment of receivables; assignee holds pro-rata beneficial interest in the underlying loans.,0.34,0.4,0.83,0.65,0.85,0.48,0.86
D0135,,Indian-HCF-D0135,Active,FY26,FY26 Q1,IIFL Finance Limited,DA,HCF,PSL,Indian Overseas Bank,Vistra ITCL,IDBI Trusteeship,0.8584,2025-06-14,2025-07-14,MCLR Linked,6.54,3.21,9.75,1.8974,8.8602,24875,258.8,250.09,AA+(SO),AA+(SO),0.0,0.0,,None,0.0,0.05,78,6,True,Assumed true sale: outright assignment of receivables; assignee holds pro-rata beneficial interest in the underlying loans.,0.26,0.19,0.64,0.43,0.47,0.27,0.65
D0136,,Punjab-Gold-D0136,Active,FY25,FY25 Q4,IIFL Finance Limited,PTC,Gold,PSL,Punjab and Sind Bank,Axis Trustee,Vistra ITCL,0.8866,2025-02-28,2025-03-28,Fixed,10.81,2.58,13.39,0.8897,12.5864,23359,198.76,184.74,A+(SO),A+(SO),0.0,0.0473,Senior,Overcollateralization,9.4,0.05,11,8,True,Assumed true sale: SPV holds legal title to the pool; no recourse to originator beyond the stated credit enhancement.,0.2,0.1,0.52,0.45,0.47,0.19,0.5
D0137,,Central-HCF-D0137,Active,FY26,FY26 Q2,IIFL Finance Limited,PTC,HCF,NPSL,Central Bank of India,Vistra ITCL,Axis Trustee,0.8688,2025-07-10,2025-08-10,Fixed,6.68,2.36,9.04,0.6027,8.4034,18463,215.0,209.79,Unrated,Unrated,0.0,0.0,Senior,Cash Collateral,14.13,0.1,62,12,True,"Assumed true sale: originator retains servicing rights only, no equitable interest retained beyond MRR.",0.21,0.13,0.41,0.36,0.7,0.21,0.54
D0138,,Bank-Gold-D0138,Active,FY26,FY26 Q2,IIFL Samasta Finance,DA,Gold,NPSL,Bank of Maharashtra,Catalyst Trusteeship,IDBI Trusteeship,0.8556,2025-09-01,2025-10-01,Fixed,8.14,1.7,9.84,1.6635,9.2686,768,56.89,54.08,A+(SO),A+(SO),0.0,0.0,,None,0.0,0.05,12,8,True,Assumed true sale: outright assignment of receivables; assignee holds pro-rata beneficial interest in the underlying loans.,0.06,0.06,0.08,0.13,0.2,0.08,0.14
D0139,,Karur-HCF-D0139,Active,FY26,FY26 Q1,IIFL Finance Limited,PTC,HCF,PSL,Karur Vysya Bank,Catalyst Trusteeship,IDBI Trusteeship,0.9133,2025-06-08,2025-07-08,Fixed,10.75,1.57,12.32,0.9868,11.6526,22323,4.81,4.67,AA(SO),AA(SO),0.1184,0.0,Subordinate,First Loss Guarantee,0.57,0.05,78,9,True,Assumed true sale: SPV holds legal title to the pool; no recourse to originator beyond the stated credit enhancement.,0.0,0.0,0.01,0.01,0.01,0.0,0.01
D0140,,Indian-HCF-D0140,Active,FY27,FY27 Q1,IIFL Finance Limited,DA,HCF,NPSL,Indian Overseas Bank,Axis Trustee,IDBI Trusteeship,0.8521,2026-04-03,2026-05-03,Fixed,7.62,2.5,10.12,1.0667,8.8956,20984,326.83,323.49,AA+(SO),AA+(SO),0.0,0.0,,None,0.0,0.1,56,11,False,True-sale status not independently verified for this synthetic deal -- flagged for legal review.,0.33,0.25,0.35,0.67,0.95,0.34,0.82
D0141,,Indian-SME-D0141,Active,FY25,FY25 Q4,IIFL Finance Limited,DA,SME,PSL,Indian Overseas Bank,Vistra ITCL,Catalyst Trusteeship,0.9158,2025-03-11,2025-04-11,MCLR Linked,7.08,3.16,10.24,1.3084,9.3525,10188,38.07,35.44,A+(SO),A+(SO),0.0,0.0,,None,0.0,0.05,36,6,True,Assumed true sale: outright assignment of receivables; assignee holds pro-rata beneficial interest in the underlying loans.,0.04,0.04,0.08,0.07,0.12,0.03,0.1
D0142,,Aditya-Gold-D0142,Active,FY25,FY25 Q1,IIFL Finance Limited,DA,Gold,PSL,Aditya Birla Capital Limited,IDBI Trusteeship,Axis Trustee,0.9428,2024-06-02,2024-07-02,MCLR Linked,6.33,3.25,9.58,1.7481,8.6119,1542,50.86,47.47,A+(SO),A+(SO),0.0,0.0,,None,0.0,0.05,8,6,True,Assumed true sale: outright assignment of receivables; assignee holds pro-rata beneficial interest in the underlying loans.,0.05,0.06,0.09,0.11,0.19,0.07,0.13
D0143,,South-BL-D0143,Active,FY26,FY26 Q4,IIFL Finance Limited,PTC,BL,NPSL,South Indian Bank,Axis Trustee,Catalyst Trusteeship,0.8667,2026-03-03,2026-04-03,MCLR Linked,11.1,1.66,12.76,0.7706,11.8584,24262,336.8,312.15,AA+(SO),AA+(SO),0.0,0.0,Senior,Cash Collateral,20.65,0.05,18,15,True,"Assumed true sale: originator retains servicing rights only, no equitable interest retained beyond MRR.",0.34,0.28,0.44,0.84,0.88,0.29,0.84
D0144,,IDBI-BL-D0144,Active,FY26,FY26 Q1,IIFL Finance Limited,DA,BL,PSL,IDBI Bank,IDBI Trusteeship,Vistra ITCL,0.8507,2025-05-25,2025-06-25,Fixed,8.7,3.15,11.85,1.9766,11.1352,7509,218.82,209.94,AA(SO),AA(SO),0.0,0.0,,None,0.0,0.05,18,3,False,True-sale status not independently verified for this synthetic deal -- flagged for legal review.,0.22,0.18,0.56,0.53,0.78,0.31,0.55
D0145,,Punjab-Gold-D0145,Closed,FY25,FY25 Q2,IIFL Finance Limited,PTC,Gold,PSL,Punjab and Sind Bank,Axis Trustee,Catalyst Trusteeship,0.928,2024-08-05,2024-09-05,Fixed,11.0,2.0,13.0,1.8828,12.1656,13600,286.71,265.62,AAA(SO),AAA(SO),0.0812,0.0,Senior,First Loss Guarantee,23.28,0.05,11,4,True,"Assumed true sale: originator retains servicing rights only, no equitable interest retained beyond MRR.",0.29,0.4,0.54,0.69,0.52,0.36,0.72
D0146,,Bandhan-HCF-D0146,Active,FY25,FY25 Q1,IIFL Finance Limited,PTC,HCF,NPSL,Bandhan Bank,Vistra ITCL,Catalyst Trusteeship,0.8899,2024-05-10,2024-06-10,Fixed,7.81,2.63,10.44,1.1517,9.2421,2155,183.3,171.47,A+(SO),A+(SO),0.0,0.0798,Senior,Overcollateralization,14.63,0.05,73,11,True,Assumed true sale: SPV holds legal title to the pool; no recourse to originator beyond the stated credit enhancement.,0.18,0.23,0.36,0.24,0.46,0.2,0.46
D0147,,Aditya-SME-D0147,Active,FY26,FY26 Q1,IIFL Finance Limited,PTC,SME,PSL,Aditya Birla Capital Limited,Vistra ITCL,IDBI Trusteeship,0.9258,2025-05-11,2025-06-11,MCLR Linked,9.43,2.65,12.08,1.7791,11.4676,11913,240.04,227.95,AAA(SO),AAA(SO),0.0,0.0,Senior,Cash Collateral,11.4,0.1,43,6,True,Assumed true sale: SPV holds legal title to the pool; no recourse to originator beyond the stated credit enhancement.,0.24,0.13,0.7,0.57,0.88,0.32,0.6
D0148,,RBL-MFI-D0148,Active,FY25,FY25 Q4,IIFL Finance Limited,PTC,MFI,PSL,RBL Bank,Axis Trustee,Catalyst Trusteeship,0.8567,2025-01-15,2025-02-15,MCLR Linked,7.51,2.98,10.49,1.4906,9.327,8975,83.27,79.66,AA+(SO),AA+(SO),0.0794,0.0,Senior,First Loss Guarantee,6.61,0.05,12,3,True,"Assumed true sale: originator retains servicing rights only, no equitable interest retained beyond MRR.",0.08,0.12,0.14,0.1,0.19,0.12,0.21
D0149,,Federal-SME-D0149,Active,FY26,FY26 Q4,IIFL Finance Limited,DA,SME,NPSL,Federal Bank,Vistra ITCL,Vistra ITCL,0.8736,2026-02-04,2026-03-04,MCLR Linked,10.6,2.47,13.07,1.9674,12.0687,15507,77.45,73.97,AAA(SO),AAA(SO),0.0,0.0,,None,0.0,0.05,34,17,True,Assumed true sale: outright assignment of receivables; assignee holds pro-rata beneficial interest in the underlying loans.,0.08,0.1,0.17,0.18,0.29,0.1,0.19
D0150,,South-BL-D0150,Active,FY25,FY25 Q4,IIFL Finance Limited,PTC,BL,NPSL,South Indian Bank,IDBI Trusteeship,IDBI Trusteeship,0.8817,2025-02-13,2025-03-13,MCLR Linked,7.14,2.26,9.4,1.336,7.9514,14474,154.81,148.63,AA(SO),AA(SO),0.0,0.0,Senior,Cash Collateral,9.69,0.05,15,1,True,Assumed true sale: SPV holds legal title to the pool; no recourse to originator beyond the stated credit enhancement.,0.15,0.1,0.25,0.36,0.51,0.2,0.39
D0151,,South-LAP-D0151,Active,FY27,FY27 Q1,IIFL Finance Limited,DA,LAP,NPSL,South Indian Bank,Vistra ITCL,IDBI Trusteeship,0.9352,2026-06-21,2026-07-21,MCLR Linked,11.15,2.05,13.2,1.2372,12.5625,20553,50.77,47.36,Unrated,Unrated,0.0,0.0,,None,0.0,0.05,37,17,True,Assumed true sale: outright assignment of receivables; assignee holds pro-rata beneficial interest in the underlying loans.,0.05,0.04,0.05,0.11,0.08,0.04,0.13
D0152,,RBL-SME-D0152,Closed,FY25,FY25 Q3,IIFL Finance Limited,DA,SME,PSL,RBL Bank,Axis Trustee,Axis Trustee,0.9327,2024-10-25,2024-11-25,Fixed,6.39,3.41,9.8,0.5636,8.3042,11146,305.49,291.53,A+(SO),A+(SO),0.0,0.0,,None,0.0,0.05,47,17,True,Assumed true sale: outright assignment of receivables; assignee holds pro-rata beneficial interest in the underlying loans.,0.31,0.31,0.55,0.64,0.88,0.31,0.76
D0153,,South-SME-D0153,Active,FY25,FY25 Q4,IIFL Finance Limited,PTC,SME,NPSL,South Indian Bank,IDBI Trusteeship,Axis Trustee,0.859,2025-01-25,2025-02-25,MCLR Linked,8.74,2.34,11.08,0.9861,9.9314,15690,246.13,242.01,Unrated,Unrated,0.1047,0.0,Senior,First Loss Guarantee,25.77,0.1,28,11,True,Assumed true sale: SPV holds legal title to the pool; no recourse to originator beyond the stated credit enhancement.,0.25,0.3,0.33,0.52,0.43,0.3,0.62
D0154,,UCO-Gold-D0154,Active,FY26,FY26 Q4,IIFL Finance Limited,DA,Gold,NPSL,UCO Bank,IDBI Trusteeship,Catalyst Trusteeship,0.9399,2026-03-26,2026-04-26,MCLR Linked,10.67,2.72,13.39,1.9407,12.8865,6099,141.86,134.29,AA+(SO),AA+(SO),0.0,0.0,,None,0.0,0.05,12,9,True,Assumed true sale: outright assignment of receivables; assignee holds pro-rata beneficial interest in the underlying loans.,0.14,0.18,0.15,0.25,0.39,0.19,0.35
D0155,,Karur-SME-D0155,Active,FY26,FY26 Q2,IIFL Finance Limited,DA,SME,NPSL,Karur Vysya Bank,Catalyst Trusteeship,Catalyst Trusteeship,0.8609,2025-07-15,2025-08-15,MCLR Linked,9.19,1.66,10.85,1.9906,10.1887,20808,96.98,92.94,AA+(SO),AA+(SO),0.0,0.0,,None,0.0,0.05,44,8,True,Assumed true sale: outright assignment of receivables; assignee holds pro-rata beneficial interest in the underlying loans.,0.1,0.08,0.23,0.2,0.28,0.1,0.24
D0156,,Indian-HCF-D0156,Active,FY25,FY25 Q1,IIFL Finance Limited,DA,HCF,NPSL,Indian Overseas Bank,Vistra ITCL,Axis Trustee,0.9109,2024-05-03,2024-06-03,MCLR Linked,7.15,3.3,10.45,0.9747,9.4246,2627,269.08,263.44,AA(SO),AA(SO),0.0,0.0,,None,0.0,0.05,61,15,True,Assumed true sale: outright assignment of receivables; assignee holds pro-rata beneficial interest in the underlying loans.,0.27,0.4,0.46,0.32,0.78,0.27,0.67
D0157,,Bandhan-LAP-D0157,Active,FY26,FY26 Q3,IIFL Finance Limited,DA,LAP,PSL,Bandhan Bank,Vistra ITCL,Vistra ITCL,0.929,2025-11-08,2025-12-08,MCLR Linked,8.73,3.46,12.19,0.9617,11.1833,4364,54.6,52.01,Unrated,Unrated,0.0,0.0,,None,0.0,0.1,57,18,True,Assumed true sale: outright assignment of receivables; assignee holds pro-rata beneficial interest in the underlying loans.,0.05,0.04,0.06,0.11,0.13,0.07,0.14
D0158,,Karur-SME-D0158,Active,FY25,FY25 Q4,IIFL Finance Limited,PTC,SME,PSL,Karur Vysya Bank,IDBI Trusteeship,Vistra ITCL,0.9341,2025-02-22,2025-03-22,MCLR Linked,9.57,1.57,11.14,1.0087,10.2648,18095,2.34,2.24,A+(SO),A+(SO),0.0,0.037,Subordinate,Overcollateralization,0.09,0.1,24,13,True,"Assumed true sale: originator retains servicing rights only, no equitable interest retained beyond MRR.",0.0,0.0,0.0,0.0,0.0,0.0,0.01
D0159,,AU-HCF-D0159,Active,FY25,FY25 Q1,IIFL Finance Limited,DA,HCF,PSL,AU Small Finance Bank,Vistra ITCL,Axis Trustee,0.9232,2024-05-09,2024-06-09,Fixed,9.26,1.98,11.24,1.2854,9.9645,17706,292.87,275.64,AAA(SO),AAA(SO),0.0,0.0,,None,0.0,0.1,80,13,True,Assumed true sale: outright assignment of receivables; assignee holds pro-rata beneficial interest in the underlying loans.,0.29,0.19,0.8,0.65,1.13,0.34,0.73
D0160,,RBL-SME-D0160,Active,FY26,FY26 Q1,IIFL Samasta Finance,PTC,SME,NPSL,RBL Bank,Vistra ITCL,Vistra ITCL,0.9273,2025-04-23,2025-05-23,Fixed,11.16,1.73,12.89,1.5067,12.1173,19973,327.33,316.89,AAA(SO),AAA(SO),0.1085,0.0,Senior,First Loss Guarantee,35.52,0.1,48,9,True,Assumed true sale: SPV holds legal title to the pool; no recourse to originator beyond the stated credit enhancement.,0.33,0.22,0.4,0.8,0.95,0.2,0.82
D0161,,IDBI-BL-D0161,Active,FY26,FY26 Q4,IIFL Finance Limited,DA,BL,NPSL,IDBI Bank,Vistra ITCL,Vistra ITCL,0.9317,2026-02-26,2026-03-26,MCLR Linked,8.28,1.99,10.27,1.5693,9.0991,18213,119.31,117.22,A+(SO),A+(SO),0.0,0.0,,None,0.0,0.1,18,9,True,Assumed true sale: outright assignment of receivables; assignee holds pro-rata beneficial interest in the underlying loans.,0.12,0.12,0.35,0.25,0.32,0.08,0.3
D0162,,Central-Gold-D0162,Active,FY26,FY26 Q3,IIFL Finance Limited,DA,Gold,NPSL,Central Bank of India,IDBI Trusteeship,Vistra ITCL,0.9268,2025-12-23,2026-01-23,MCLR Linked,10.01,2.44,12.45,1.4067,11.8226,8955,63.15,62.06,AA(SO),AA(SO),0.0,0.0,,None,0.0,0.1,9,10,True,Assumed true sale: outright assignment of receivables; assignee holds pro-rata beneficial interest in the underlying loans.,0.06,0.04,0.17,0.14,0.15,0.07,0.16
D0163,,Central-BL-D0163,Active,FY26,FY26 Q1,IIFL Finance Limited,DA,BL,PSL,Central Bank of India,Axis Trustee,Vistra ITCL,0.9055,2025-05-08,2025-06-08,Fixed,9.19,2.6,11.79,1.733,11.1138,23242,143.58,135.52,A+(SO),A+(SO),0.0,0.0,,None,0.0,0.05,23,13,True,Assumed true sale: outright assignment of receivables; assignee holds pro-rata beneficial interest in the underlying loans.,0.14,0.21,0.16,0.17,0.51,0.18,0.36
D0164,,Central-MFI-D0164,Closed,FY25,FY25 Q1,IIFL Finance Limited,DA,MFI,NPSL,Central Bank of India,Vistra ITCL,Catalyst Trusteeship,0.9083,2024-05-03,2024-06-03,MCLR Linked,6.97,2.66,9.63,1.4172,8.6196,15343,268.62,259.56,Unrated,Unrated,0.0,0.0,,None,0.0,0.05,17,15,True,Assumed true sale: outright assignment of receivables; assignee holds pro-rata beneficial interest in the underlying loans.,0.27,0.36,0.73,0.29,1.01,0.39,0.67
D0165,,UCO-HCF-D0165,Active,FY25,FY25 Q4,IIFL Finance Limited,PTC,HCF,PSL,UCO Bank,Catalyst Trusteeship,IDBI Trusteeship,0.9221,2025-03-04,2025-04-04,Fixed,10.93,1.97,12.9,1.2301,11.9633,13804,224.45,217.68,AA+(SO),AA+(SO),0.0,0.0,Senior,Cash Collateral,11.04,0.1,57,16,True,Assumed true sale: SPV holds legal title to the pool; no recourse to originator beyond the stated credit enhancement.,0.22,0.33,0.26,0.44,0.57,0.21,0.56
D0166,,Bank-BL-D0166,Active,FY26,FY26 Q1,IIFL Finance Limited,DA,BL,PSL,Bank of Maharashtra,Axis Trustee,Catalyst Trusteeship,0.8642,2025-05-18,2025-06-18,MCLR Linked,10.42,2.27,12.69,1.5969,11.2064,19437,77.24,74.33,Unrated,Unrated,0.0,0.0,,None,0.0,0.05,12,2,True,Assumed true sale: outright assignment of receivables; assignee holds pro-rata beneficial interest in the underlying loans.,0.08,0.11,0.2,0.13,0.13,0.11,0.19
D0167,,Central-SME-D0167,Active,FY26,FY26 Q4,IIFL Finance Limited,PTC,SME,PSL,Central Bank of India,Axis Trustee,IDBI Trusteeship,0.9073,2026-01-22,2026-02-22,Fixed,6.58,2.77,9.35,1.4845,8.5582,18031,14.78,13.94,Unrated,Unrated,0.0,0.0375,Subordinate,Overcollateralization,0.55,0.1,29,15,True,"Assumed true sale: originator retains servicing rights only, no equitable interest retained beyond MRR.",0.01,0.02,0.02,0.03,0.03,0.01,0.04
D0168,,Bank-MFI-D0168,Closed,FY25,FY25 Q3,IIFL Finance Limited,DA,MFI,PSL,Bank of Maharashtra,Axis Trustee,Axis Trustee,0.927,2024-12-28,2025-01-28,MCLR Linked,9.63,2.71,12.34,0.8569,11.3998,6247,235.82,223.06,A+(SO),A+(SO),0.0,0.0,,None,0.0,0.05,12,4,False,True-sale status not independently verified for this synthetic deal -- flagged for legal review.,0.24,0.27,0.34,0.5,0.56,0.27,0.59
D0169,,Bank-Gold-D0169,Active,FY26,FY26 Q2,IIFL Finance Limited,PTC,Gold,NPSL,Bank of Maharashtra,Vistra ITCL,Vistra ITCL,0.877,2025-07-10,2025-08-10,MCLR Linked,7.74,3.4,11.14,1.7035,10.3847,16051,142.23,137.88,A+(SO),A+(SO),0.0,0.0,Senior,None,0.0,0.05,10,3,True,"Assumed true sale: originator retains servicing rights only, no equitable interest retained beyond MRR.",0.14,0.15,0.27,0.29,0.3,0.17,0.36
D0170,,IDBI-BL-D0170,Active,FY25,FY25 Q2,IIFL Finance Limited,PTC,BL,PSL,IDBI Bank,IDBI Trusteeship,Axis Trustee,0.9156,2024-09-11,2024-10-11,MCLR Linked,8.87,3.16,12.03,1.8498,10.9639,22962,152.77,146.17,AA(SO),AA(SO),0.0,0.0,Senior,Cash Collateral,9.32,0.05,15,2,True,Assumed true sale: SPV holds legal title to the pool; no recourse to originator beyond the stated credit enhancement.,0.15,0.22,0.43,0.31,0.33,0.15,0.38
D0171,,Central-HCF-D0171,Active,FY25,FY25 Q3,IIFL Finance Limited,PTC,HCF,PSL,Central Bank of India,Catalyst Trusteeship,Axis Trustee,0.9215,2024-12-25,2025-01-25,Fixed,10.03,3.04,13.07,0.6549,12.4971,9586,7.2,7.03,AA(SO),AA(SO),0.0,0.0,Subordinate,Cash Collateral,0.24,0.1,73,13,True,"Assumed true sale: originator retains servicing rights only, no equitable interest retained beyond MRR.",0.01,0.01,0.01,0.01,0.03,0.0,0.02
D0172,,DCB-Gold-D0172,Closed,FY25,FY25 Q2,IIFL Finance Limited,PTC,Gold,NPSL,DCB Bank,Catalyst Trusteeship,Catalyst Trusteeship,0.8865,2024-08-23,2024-09-23,Fixed,9.25,1.51,10.76,1.78,9.9199,24347,175.18,166.12,Unrated,Unrated,0.0,0.0628,Senior,Overcollateralization,11.0,0.1,6,8,True,"Assumed true sale: originator retains servicing rights only, no equitable interest retained beyond MRR.",0.18,0.23,0.44,0.25,0.35,0.18,0.44
D0173,,Karur-HCF-D0173,Active,FY26,FY26 Q1,IIFL Finance Limited,DA,HCF,PSL,Karur Vysya Bank,Catalyst Trusteeship,Vistra ITCL,0.8556,2025-04-04,2025-05-04,MCLR Linked,9.62,2.22,11.84,1.6817,11.2972,6708,311.55,296.18,Unrated,Unrated,0.0,0.0,,None,0.0,0.05,82,13,True,Assumed true sale: outright assignment of receivables; assignee holds pro-rata beneficial interest in the underlying loans.,0.31,0.19,0.81,0.62,0.82,0.37,0.78
D0174,,Indian-HCF-D0174,Active,FY25,FY25 Q1,IIFL Finance Limited,PTC,HCF,PSL,Indian Overseas Bank,IDBI Trusteeship,Axis Trustee,0.8837,2024-06-02,2024-07-02,MCLR Linked,9.66,1.54,11.2,1.7538,9.9621,970,96.3,92.97,AA(SO),AA(SO),0.0,0.0,Senior,Cash Collateral,5.84,0.1,54,15,True,Assumed true sale: SPV holds legal title to the pool; no recourse to originator beyond the stated credit enhancement.,0.1,0.09,0.12,0.2,0.28,0.08,0.24
D0175,,Indian-Gold-D0175,Closed,FY25,FY25 Q1,IIFL Finance Limited,PTC,Gold,NPSL,Indian Overseas Bank,IDBI Trusteeship,IDBI Trusteeship,0.8643,2024-06-04,2024-07-04,Fixed,10.57,1.84,12.41,0.9064,11.4596,19570,200.39,190.51,Unrated,Unrated,0.0,0.0,Senior,Cash Collateral,14.83,0.05,6,12,True,"Assumed true sale: originator retains servicing rights only, no equitable interest retained beyond MRR.",0.2,0.15,0.27,0.41,0.6,0.24,0.5
D0176,,AU-HCF-D0176,Closed,FY25,FY25 Q4,IIFL Finance Limited,PTC,HCF,NPSL,AU Small Finance Bank,Vistra ITCL,IDBI Trusteeship,0.8935,2025-03-14,2025-04-14,MCLR Linked,8.32,1.74,10.06,1.0014,8.7548,18185,222.34,217.98,AA+(SO),AA+(SO),0.0,0.0,Senior,Cash Collateral,15.52,0.1,79,16,True,Assumed true sale: SPV holds legal title to the pool; no recourse to originator beyond the stated credit enhancement.,0.22,0.28,0.24,0.47,0.85,0.15,0.56
D0177,,UCO-LAP-D0177,Active,FY25,FY25 Q3,IIFL Finance Limited,PTC,LAP,PSL,UCO Bank,Axis Trustee,IDBI Trusteeship,0.9132,2024-11-24,2024-12-24,Fixed,9.27,2.34,11.61,1.9633,10.9078,7963,92.07,85.41,AA+(SO),AA+(SO),0.0,0.0,Senior,Cash Collateral,4.93,0.05,49,3,True,"Assumed true sale: originator retains servicing rights only, no equitable interest retained beyond MRR.",0.09,0.06,0.22,0.1,0.17,0.12,0.23
D0178,,Bank-LAP-D0178,Active,FY25,FY25 Q3,IIFL Finance Limited,DA,LAP,PSL,Bank of Maharashtra,IDBI Trusteeship,Vistra ITCL,0.8934,2024-11-10,2024-12-10,MCLR Linked,9.77,2.78,12.55,0.8336,11.1225,8026,208.67,200.05,A+(SO),A+(SO),0.0,0.0,,None,0.0,0.1,66,10,True,Assumed true sale: outright assignment of receivables; assignee holds pro-rata beneficial interest in the underlying loans.,0.21,0.3,0.59,0.49,0.53,0.11,0.52
D0179,,Bandhan-HCF-D0179,Active,FY26,FY26 Q1,IIFL Finance Limited,DA,HCF,PSL,Bandhan Bank,Axis Trustee,Catalyst Trusteeship,0.9476,2025-05-17,2025-06-17,MCLR Linked,7.65,3.12,10.77,1.1956,10.1314,18800,166.57,156.05,A+(SO),A+(SO),0.0,0.0,,None,0.0,0.1,66,7,True,Assumed true sale: outright assignment of receivables; assignee holds pro-rata beneficial interest in the underlying loans.,0.17,0.2,0.23,0.38,0.51,0.2,0.42
D0180,,Aditya-HCF-D0180,Active,FY26,FY26 Q4,IIFL Finance Limited,PTC,HCF,NPSL,Aditya Birla Capital Limited,Vistra ITCL,IDBI Trusteeship,0.9148,2026-02-11,2026-03-11,Fixed,9.3,2.09,11.39,1.5573,10.3292,19349,248.85,239.61,AAA(SO),AAA(SO),0.0,0.0,Senior,Cash Collateral,19.06,0.05,51,11,True,Assumed true sale: SPV holds legal title to the pool; no recourse to originator beyond the stated credit enhancement.,0.25,0.32,0.32,0.37,0.71,0.29,0.62
D0181,,Bandhan-HCF-D0181,Active,FY25,FY25 Q4,IIFL Finance Limited,PTC,HCF,PSL,Bandhan Bank,Vistra ITCL,Catalyst Trusteeship,0.8609,2025-03-09,2025-04-09,Fixed,9.29,1.61,10.9,0.9139,9.7029,17758,130.65,124.64,Unrated,Unrated,0.0,0.0376,Senior,Overcollateralization,4.91,0.05,52,13,True,"Assumed true sale: originator retains servicing rights only, no equitable interest retained beyond MRR.",0.13,0.13,0.36,0.23,0.4,0.1,0.33
D0182,,IDBI-LAP-D0182,Active,FY26,FY26 Q4,IIFL Finance Limited,PTC,LAP,NPSL,IDBI Bank,IDBI Trusteeship,Vistra ITCL,0.8727,2026-03-21,2026-04-21,MCLR Linked,7.22,1.88,9.1,1.0579,8.3119,17526,307.05,287.48,AA(SO),AA(SO),0.088,0.0,Senior,First Loss Guarantee,27.02,0.05,69,13,True,Assumed true sale: SPV holds legal title to the pool; no recourse to originator beyond the stated credit enhancement.,0.31,0.41,0.4,0.44,1.19,0.34,0.77
D0183,,UCO-HCF-D0183,Active,FY25,FY25 Q2,IIFL Finance Limited,PTC,HCF,NPSL,UCO Bank,Catalyst Trusteeship,Catalyst Trusteeship,0.8905,2024-09-27,2024-10-27,MCLR Linked,9.98,3.09,13.07,1.2491,12.4246,10875,94.7,87.4,AA(SO),AA(SO),0.0,0.0353,Senior,Overcollateralization,3.34,0.05,70,13,True,Assumed true sale: SPV holds legal title to the pool; no recourse to originator beyond the stated credit enhancement.,0.09,0.09,0.16,0.1,0.32,0.14,0.24
D0184,,RBL-HCF-D0184,Active,FY25,FY25 Q4,IIFL Finance Limited,DA,HCF,PSL,RBL Bank,Vistra ITCL,IDBI Trusteeship,0.8523,2025-01-25,2025-02-25,Fixed,9.79,1.79,11.58,1.3076,10.6345,16195,128.46,119.19,Unrated,Unrated,0.0,0.0,,None,0.0,0.05,62,7,True,Assumed true sale: outright assignment of receivables; assignee holds pro-rata beneficial interest in the underlying loans.,0.13,0.15,0.15,0.23,0.26,0.11,0.32
D0185,,IDBI-HCF-D0185,Active,FY26,FY26 Q4,IIFL Finance Limited,PTC,HCF,PSL,IDBI Bank,IDBI Trusteeship,Vistra ITCL,0.8975,2026-02-28,2026-03-28,MCLR Linked,8.65,2.27,10.92,1.8013,9.4334,15100,110.36,104.25,A+(SO),A+(SO),0.0,0.007,Senior,Overcollateralization,0.77,0.05,75,12,True,Assumed true sale: SPV holds legal title to the pool; no recourse to originator beyond the stated credit enhancement.,0.11,0.06,0.32,0.24,0.19,0.1,0.28
D0186,,Bank-LAP-D0186,Active,FY26,FY26 Q4,IIFL Finance Limited,DA,LAP,NPSL,Bank of Maharashtra,Axis Trustee,Catalyst Trusteeship,0.9154,2026-02-19,2026-03-19,MCLR Linked,10.63,1.77,12.4,1.839,11.4828,16575,293.82,276.27,Unrated,Unrated,0.0,0.0,,None,0.0,0.05,65,18,True,Assumed true sale: outright assignment of receivables; assignee holds pro-rata beneficial interest in the underlying loans.,0.29,0.29,0.7,0.4,0.53,0.23,0.73
D0187,,RBL-BL-D0187,Active,FY26,FY26 Q2,IIFL Finance Limited,PTC,BL,PSL,RBL Bank,Vistra ITCL,Vistra ITCL,0.903,2025-07-19,2025-08-19,Fixed,8.94,2.02,10.96,1.9045,9.9461,12729,341.38,333.62,AA(SO),AA(SO),0.0,0.0,Senior,Cash Collateral,15.7,0.1,14,8,True,"Assumed true sale: originator retains servicing rights only, no equitable interest retained beyond MRR.",0.34,0.43,0.47,0.39,1.15,0.36,0.85
D0188,,Bandhan-HCF-D0188,Active,FY26,FY26 Q4,IIFL Finance Limited,DA,HCF,NPSL,Bandhan Bank,Axis Trustee,Catalyst Trusteeship,0.8617,2026-01-23,2026-02-23,Fixed,10.41,1.69,12.1,0.6968,11.5826,17479,290.81,267.81,A+(SO),A+(SO),0.0,0.0,,None,0.0,0.05,61,9,True,Assumed true sale: outright assignment of receivables; assignee holds pro-rata beneficial interest in the underlying loans.,0.29,0.25,0.69,0.35,0.76,0.43,0.73
D0189,,RBL-SME-D0189,Active,FY26,FY26 Q4,IIFL Finance Limited,DA,SME,NPSL,RBL Bank,Catalyst Trusteeship,Vistra ITCL,0.8543,2026-03-27,2026-04-27,MCLR Linked,7.77,1.76,9.53,0.9525,9.0197,7376,245.5,231.14,AAA(SO),AAA(SO),0.0,0.0,,None,0.0,0.05,48,9,True,Assumed true sale: outright assignment of receivables; assignee holds pro-rata beneficial interest in the underlying loans.,0.25,0.15,0.31,0.47,0.73,0.17,0.61
D0190,,Aditya-Gold-D0190,Active,FY26,FY26 Q4,IIFL Finance Limited,DA,Gold,PSL,Aditya Birla Capital Limited,Catalyst Trusteeship,Catalyst Trusteeship,0.9424,2026-03-09,2026-04-09,MCLR Linked,11.07,2.2,13.27,1.8807,11.9187,20585,301.47,293.83,AAA(SO),AAA(SO),0.0,0.0,,None,0.0,0.1,10,6,False,True-sale status not independently verified for this synthetic deal -- flagged for legal review.,0.3,0.29,0.72,0.39,0.96,0.18,0.75
D0191,,Federal-LAP-D0191,Closed,FY25,FY25 Q3,IIFL Finance Limited,DA,LAP,PSL,Federal Bank,Axis Trustee,Vistra ITCL,0.9485,2024-11-14,2024-12-14,MCLR Linked,11.68,1.75,13.43,1.1419,12.0732,12337,189.11,180.54,AAA(SO),AAA(SO),0.0,0.0,,None,0.0,0.05,60,15,True,Assumed true sale: outright assignment of receivables; assignee holds pro-rata beneficial interest in the underlying loans.,0.19,0.26,0.49,0.46,0.46,0.1,0.47
D0192,,Aditya-HCF-D0192,Active,FY26,FY26 Q2,IIFL Finance Limited,DA,HCF,NPSL,Aditya Birla Capital Limited,Vistra ITCL,Vistra ITCL,0.9256,2025-08-22,2025-09-22,Fixed,10.3,1.74,12.04,1.7015,10.5968,3833,149.21,143.44,AA+(SO),AA+(SO),0.0,0.0,,None,0.0,0.05,60,12,True,Assumed true sale: outright assignment of receivables; assignee holds pro-rata beneficial interest in the underlying loans.,0.15,0.13,0.35,0.36,0.59,0.15,0.37
D0193,,Aditya-LAP-D0193,Active,FY26,FY26 Q2,IIFL Finance Limited,PTC,LAP,NPSL,Aditya Birla Capital Limited,IDBI Trusteeship,Vistra ITCL,0.9162,2025-07-16,2025-08-16,MCLR Linked,6.66,3.38,10.04,1.2354,9.2783,2735,48.37,44.68,AA+(SO),AA+(SO),0.0748,0.0,Senior,First Loss Guarantee,3.62,0.05,42,16,True,"Assumed true sale: originator retains servicing rights only, no equitable interest retained beyond MRR.",0.05,0.04,0.13,0.09,0.19,0.03,0.12
D0194,,Federal-Gold-D0194,Active,FY26,FY26 Q1,IIFL Finance Limited,DA,Gold,NPSL,Federal Bank,IDBI Trusteeship,Catalyst Trusteeship,0.8891,2025-04-15,2025-05-15,Fixed,9.5,1.57,11.07,1.242,9.5991,14612,311.37,290.04,A+(SO),A+(SO),0.0,0.0,,None,0.0,0.1,9,13,True,Assumed true sale: outright assignment of receivables; assignee holds pro-rata beneficial interest in the underlying loans.,0.31,0.35,0.53,0.77,0.72,0.16,0.78
D0195,,AU-SME-D0195,Active,FY27,FY27 Q1,IIFL Finance Limited,PTC,SME,PSL,AU Small Finance Bank,Axis Trustee,Axis Trustee,0.9068,2026-05-24,2026-06-24,Fixed,8.6,3.03,11.63,1.8521,10.8634,12210,142.49,135.36,AA+(SO),AA+(SO),0.0,0.0045,Senior,Overcollateralization,0.64,0.05,33,8,True,"Assumed true sale: originator retains servicing rights only, no equitable interest retained beyond MRR.",0.14,0.17,0.31,0.35,0.35,0.13,0.36
D0196,,Aditya-LAP-D0196,Active,FY25,FY25 Q3,IIFL Finance Limited,PTC,LAP,PSL,Aditya Birla Capital Limited,Vistra ITCL,Vistra ITCL,0.8567,2024-10-11,2024-11-11,MCLR Linked,9.82,2.83,12.65,1.7018,11.6747,14786,220.97,208.91,AAA(SO),AAA(SO),0.0,0.0508,Senior,Overcollateralization,11.23,0.05,72,9,True,Assumed true sale: SPV holds legal title to the pool; no recourse to originator beyond the stated credit enhancement.,0.22,0.16,0.57,0.44,0.5,0.29,0.55
D0197,,UCO-HCF-D0197,Active,FY26,FY26 Q1,IIFL Finance Limited,DA,HCF,PSL,UCO Bank,IDBI Trusteeship,Vistra ITCL,0.8962,2025-05-13,2025-06-13,MCLR Linked,7.6,2.53,10.13,0.8606,8.8836,17415,310.1,298.92,AA+(SO),AA+(SO),0.0,0.0,,None,0.0,0.1,77,16,True,Assumed true sale: outright assignment of receivables; assignee holds pro-rata beneficial interest in the underlying loans.,0.31,0.39,0.83,0.5,1.13,0.44,0.78
D0198,,South-LAP-D0198,Active,FY26,FY26 Q3,IIFL Finance Limited,PTC,LAP,PSL,South Indian Bank,Catalyst Trusteeship,Axis Trustee,0.9282,2025-12-06,2026-01-06,Fixed,7.45,2.7,10.15,0.583,8.7535,1407,94.89,88.29,A+(SO),A+(SO),0.0,0.0,Senior,None,0.0,0.05,46,6,True,"Assumed true sale: originator retains servicing rights only, no equitable interest retained beyond MRR.",0.09,0.08,0.15,0.1,0.37,0.13,0.24
D0199,,AU-LAP-D0199,Closed,FY25,FY25 Q2,IIFL Finance Limited,PTC,LAP,NPSL,AU Small Finance Bank,Axis Trustee,Vistra ITCL,0.9363,2024-08-08,2024-09-08,Fixed,8.94,3.37,12.31,0.5839,11.2765,20154,181.31,167.95,AA(SO),AA(SO),0.041,0.0,Senior,First Loss Guarantee,7.43,0.1,63,7,True,"Assumed true sale: originator retains servicing rights only, no equitable interest retained beyond MRR.",0.18,0.22,0.22,0.33,0.49,0.14,0.45
D0200,,IDBI-SME-D0200,Closed,FY25,FY25 Q4,IIFL Finance Limited,DA,SME,PSL,IDBI Bank,Axis Trustee,Axis Trustee,0.8508,2025-03-27,2025-04-27,MCLR Linked,8.59,3.31,11.9,1.9411,10.4725,2291,296.89,286.9,AA+(SO),AA+(SO),0.0,0.0,,None,0.0,0.05,44,2,True,Assumed true sale: outright assignment of receivables; assignee holds pro-rata beneficial interest in the underlying loans.,0.3,0.42,0.48,0.71,1.01,0.24,0.74
D0201,,DCB-LAP-D0201,Active,FY27,FY27 Q1,IIFL Finance Limited,PTC,LAP,NPSL,DCB Bank,Catalyst Trusteeship,Catalyst Trusteeship,0.9141,2026-05-25,2026-06-25,Fixed,8.82,3.08,11.9,0.7756,10.9566,16611,305.26,298.43,AA(SO),AA(SO),0.0724,0.0,Senior,First Loss Guarantee,22.1,0.1,52,11,True,"Assumed true sale: originator retains servicing rights only, no equitable interest retained beyond MRR.",0.31,0.35,0.31,0.4,0.69,0.33,0.76
D0202,,Karur-SME-D0202,Active,FY27,FY27 Q1,IIFL Finance Limited,PTC,SME,PSL,Karur Vysya Bank,Catalyst Trusteeship,IDBI Trusteeship,0.9407,2026-04-27,2026-05-27,Fixed,10.16,1.76,11.92,1.9612,11.2217,16175,280.54,264.37,AA+(SO),AA+(SO),0.1086,0.0,Senior,First Loss Guarantee,30.47,0.1,37,12,True,Assumed true sale: SPV holds legal title to the pool; no recourse to originator beyond the stated credit enhancement.,0.28,0.34,0.38,0.45,0.72,0.21,0.7
D0203,,Bank-MFI-D0203,Active,FY25,FY25 Q2,IIFL Finance Limited,PTC,MFI,PSL,Bank of Maharashtra,Catalyst Trusteeship,Vistra ITCL,0.9476,2024-07-01,2024-08-01,Fixed,7.62,3.34,10.96,0.8532,10.009,7855,292.13,278.86,AA(SO),AA(SO),0.0,0.0152,Senior,Overcollateralization,4.44,0.05,16,6,True,"Assumed true sale: originator retains servicing rights only, no equitable interest retained beyond MRR.",0.29,0.22,0.63,0.58,0.5,0.28,0.73
D0204,,Federal-HCF-D0204,Active,FY26,FY26 Q4,IIFL Finance Limited,DA,HCF,NPSL,Federal Bank,IDBI Trusteeship,Catalyst Trusteeship,0.908,2026-02-13,2026-03-13,Fixed,9.22,2.97,12.19,0.8904,11.1863,2207,39.47,37.85,AA(SO),AA(SO),0.0,0.0,,None,0.0,0.1,48,15,True,Assumed true sale: outright assignment of receivables; assignee holds pro-rata beneficial interest in the underlying loans.,0.04,0.06,0.11,0.05,0.09,0.04,0.1
D0205,,Aditya-MFI-D0205,Active,FY25,FY25 Q2,IIFL Finance Limited,PTC,MFI,PSL,Aditya Birla Capital Limited,IDBI Trusteeship,IDBI Trusteeship,0.8555,2024-08-16,2024-09-16,Fixed,9.76,3.0,12.76,0.7747,11.7898,20584,109.78,107.74,Unrated,Unrated,0.1047,0.0,Senior,First Loss Guarantee,11.49,0.05,20,2,True,"Assumed true sale: originator retains servicing rights only, no equitable interest retained beyond MRR.",0.11,0.07,0.21,0.13,0.41,0.11,0.27
D0206,,RBL-MFI-D0206,Active,FY26,FY26 Q1,IIFL Finance Limited,DA,MFI,PSL,RBL Bank,IDBI Trusteeship,Axis Trustee,0.942,2025-06-16,2025-07-16,MCLR Linked,6.57,2.94,9.51,0.8692,8.5119,9809,56.42,52.28,Unrated,Unrated,0.0,0.0,,None,0.0,0.1,22,12,False,True-sale status not independently verified for this synthetic deal -- flagged for legal review.,0.06,0.03,0.09,0.08,0.22,0.04,0.14
D0207,,Aditya-BL-D0207,Closed,FY25,FY25 Q2,IIFL Finance Limited,DA,BL,NPSL,Aditya Birla Capital Limited,Vistra ITCL,Catalyst Trusteeship,0.9244,2024-08-01,2024-09-01,Fixed,9.92,2.82,12.74,1.3207,11.6377,22061,225.5,211.71,Unrated,Unrated,0.0,0.0,,None,0.0,0.1,23,2,True,Assumed true sale: outright assignment of receivables; assignee holds pro-rata beneficial interest in the underlying loans.,0.23,0.13,0.34,0.31,0.77,0.2,0.56
D0208,,Bank-SME-D0208,Active,FY26,FY26 Q1,IIFL Finance Limited,PTC,SME,PSL,Bank of Maharashtra,Axis Trustee,Vistra ITCL,0.9114,2025-04-10,2025-05-10,MCLR Linked,8.5,3.41,11.91,1.1512,10.984,14667,55.4,52.87,Unrated,Unrated,0.0962,0.0,Senior,First Loss Guarantee,5.33,0.1,39,12,True,"Assumed true sale: originator retains servicing rights only, no equitable interest retained beyond MRR.",0.06,0.03,0.09,0.09,0.11,0.07,0.14
D0209,,UCO-LAP-D0209,Active,FY26,FY26 Q2,IIFL Finance Limited,PTC,LAP,NPSL,UCO Bank,Vistra ITCL,Catalyst Trusteeship,0.9269,2025-08-03,2025-09-03,Fixed,7.94,2.37,10.31,0.5244,9.0695,22923,115.63,114.35,Unrated,Unrated,0.0,0.0673,Senior,Overcollateralization,7.78,0.05,42,12,True,"Assumed true sale: originator retains servicing rights only, no equitable interest retained beyond MRR.",0.12,0.11,0.3,0.26,0.19,0.11,0.29
D0210,,Indian-MFI-D0210,Active,FY27,FY27 Q1,IIFL Finance Limited,DA,MFI,PSL,Indian Overseas Bank,Axis Trustee,Axis Trustee,0.9192,2026-04-22,2026-05-22,Fixed,7.9,3.12,11.02,1.8032,9.5542,6633,338.85,332.41,Unrated,Unrated,0.0,0.0,,None,0.0,0.05,18,3,True,Assumed true sale: outright assignment of receivables; assignee holds pro-rata beneficial interest in the underlying loans.,0.34,0.37,0.67,0.65,1.33,0.29,0.85
D0211,,Aditya-MFI-D0211,Closed,FY25,FY25 Q1,IIFL Finance Limited,DA,MFI,PSL,Aditya Birla Capital Limited,Axis Trustee,Axis Trustee,0.8971,2024-04-07,2024-05-07,MCLR Linked,5.63,3.44,9.07,1.7897,7.9848,21790,85.09,82.15,Unrated,Unrated,0.0,0.0,,None,0.0,0.05,19,9,True,Assumed true sale: outright assignment of receivables; assignee holds pro-rata beneficial interest in the underlying loans.,0.09,0.06,0.18,0.19,0.14,0.04,0.21
D0212,,AU-LAP-D0212,Active,FY26,FY26 Q3,IIFL Finance Limited,DA,LAP,NPSL,AU Small Finance Bank,Axis Trustee,Catalyst Trusteeship,0.8995,2025-10-20,2025-11-20,MCLR Linked,8.79,3.5,12.29,1.9084,11.4432,19867,178.31,170.11,A+(SO),A+(SO),0.0,0.0,,None,0.0,0.05,37,11,True,Assumed true sale: outright assignment of receivables; assignee holds pro-rata beneficial interest in the underlying loans.,0.18,0.21,0.19,0.26,0.35,0.15,0.45
D0213,,Karur-BL-D0213,Active,FY26,FY26 Q4,IIFL Finance Limited,PTC,BL,PSL,Karur Vysya Bank,IDBI Trusteeship,IDBI Trusteeship,0.9106,2026-01-11,2026-02-11,Fixed,9.94,3.21,13.15,0.6514,12.234,23810,58.94,55.44,AA(SO),AA(SO),0.0651,0.0,Senior,First Loss Guarantee,3.84,0.1,16,4,True,Assumed true sale: SPV holds legal title to the pool; no recourse to originator beyond the stated credit enhancement.,0.06,0.09,0.09,0.08,0.1,0.03,0.15
D0214,,DCB-MFI-D0214,Active,FY27,FY27 Q1,IIFL Finance Limited,DA,MFI,PSL,DCB Bank,Catalyst Trusteeship,Axis Trustee,0.9299,2026-06-28,2026-07-28,MCLR Linked,11.47,1.56,13.03,1.944,11.7742,7928,128.14,118.91,AA(SO),AA(SO),0.0,0.0,,None,0.0,0.1,24,11,True,Assumed true sale: outright assignment of receivables; assignee holds pro-rata beneficial interest in the underlying loans.,0.13,0.19,0.33,0.25,0.47,0.08,0.32
D0215,,Aditya-BL-D0215,Closed,FY25,FY25 Q2,IIFL Finance Limited,PTC,BL,NPSL,Aditya Birla Capital Limited,Vistra ITCL,Axis Trustee,0.8861,2024-07-28,2024-08-28,Fixed,7.67,2.96,10.63,1.4975,9.9784,3753,270.26,258.07,AA+(SO),AA+(SO),0.0,0.0,Senior,Cash Collateral,21.22,0.1,24,7,True,Assumed true sale: SPV holds legal title to the pool; no recourse to originator beyond the stated credit enhancement.,0.27,0.34,0.5,0.36,0.95,0.25,0.68
D0216,,AU-LAP-D0216,Active,FY26,FY26 Q4,IIFL Finance Limited,DA,LAP,NPSL,AU Small Finance Bank,Axis Trustee,Axis Trustee,0.9386,2026-01-12,2026-02-12,MCLR Linked,10.86,2.39,13.25,1.5512,11.8765,2780,255.4,244.22,AA+(SO),AA+(SO),0.0,0.0,,None,0.0,0.05,38,16,True,Assumed true sale: outright assignment of receivables; assignee holds pro-rata beneficial interest in the underlying loans.,0.26,0.31,0.42,0.39,0.91,0.36,0.64
D0217,,Federal-HCF-D0217,Active,FY25,FY25 Q3,IIFL Finance Limited,PTC,HCF,NPSL,Federal Bank,IDBI Trusteeship,Catalyst Trusteeship,0.8528,2024-10-18,2024-11-18,Fixed,9.4,2.38,11.78,1.6949,10.6875,13754,312.37,304.47,AAA(SO),AAA(SO),0.0,0.0,Senior,Cash Collateral,20.71,0.1,82,7,True,"Assumed true sale: originator retains servicing rights only, no equitable interest retained beyond MRR.",0.31,0.23,0.8,0.65,1.24,0.19,0.78
D0218,,South-MFI-D0218,Closed,FY25,FY25 Q4,IIFL Finance Limited,PTC,MFI,NPSL,South Indian Bank,IDBI Trusteeship,Catalyst Trusteeship,0.8828,2025-03-04,2025-04-04,Fixed,10.18,1.75,11.93,1.3736,10.6072,11607,206.77,190.3,Unrated,Unrated,0.1185,0.0,Senior,First Loss Guarantee,24.5,0.1,21,7,True,Assumed true sale: SPV holds legal title to the pool; no recourse to originator beyond the stated credit enhancement.,0.21,0.18,0.25,0.43,0.74,0.12,0.52
D0219,,Bank-LAP-D0219,Active,FY26,FY26 Q1,IIFL Finance Limited,PTC,LAP,PSL,Bank of Maharashtra,IDBI Trusteeship,Axis Trustee,0.8973,2025-06-03,2025-07-03,Fixed,8.11,2.55,10.66,1.6197,9.2159,21355,307.12,295.11,A+(SO),A+(SO),0.0,0.0352,Senior,Overcollateralization,10.81,0.05,67,8,False,True-sale status not independently verified for this synthetic deal -- flagged for legal review.,0.31,0.27,0.89,0.58,0.77,0.19,0.77
D0220,,UCO-Gold-D0220,Active,FY25,FY25 Q4,IIFL Finance Limited,DA,Gold,NPSL,UCO Bank,Axis Trustee,Vistra ITCL,0.9066,2025-03-10,2025-04-10,MCLR Linked,7.89,2.47,10.36,1.8504,9.0787,2094,62.62,60.19,AA(SO),AA(SO),0.0,0.0,,None,0.0,0.05,9,11,True,Assumed true sale: outright assignment of receivables; assignee holds pro-rata beneficial interest in the underlying loans.,0.06,0.06,0.15,0.12,0.21,0.06,0.16
D0221,,DCB-LAP-D0221,Active,FY26,FY26 Q4,IIFL Finance Limited,DA,LAP,PSL,DCB Bank,Catalyst Trusteeship,IDBI Trusteeship,0.9455,2026-03-11,2026-04-11,Fixed,6.65,2.75,9.4,1.3128,8.1424,11608,144.72,142.26,A+(SO),A+(SO),0.0,0.0,,None,0.0,0.1,46,15,True,Assumed true sale: outright assignment of receivables; assignee holds pro-rata beneficial interest in the underlying loans.,0.14,0.21,0.3,0.31,0.4,0.08,0.36
D0222,,South-Gold-D0222,Active,FY25,FY25 Q3,IIFL Finance Limited,PTC,Gold,PSL,South Indian Bank,Catalyst Trusteeship,Vistra ITCL,0.8681,2024-11-27,2024-12-27,Fixed,10.6,2.39,12.99,1.57,12.192,1262,8.62,8.09,AAA(SO),AAA(SO),0.0,0.0,Subordinate,Cash Collateral,0.3,0.05,8,5,True,"Assumed true sale: originator retains servicing rights only, no equitable interest retained beyond MRR.",0.01,0.01,0.01,0.02,0.02,0.01,0.02
D0223,,Karur-Gold-D0223,Active,FY26,FY26 Q3,IIFL Finance Limited,PTC,Gold,NPSL,Karur Vysya Bank,Axis Trustee,Axis Trustee,0.8584,2025-11-19,2025-12-19,Fixed,7.54,2.52,10.06,1.4537,9.3565,10931,333.03,312.67,A+(SO),A+(SO),0.0,0.0326,Senior,Overcollateralization,10.86,0.1,10,2,True,Assumed true sale: SPV holds legal title to the pool; no recourse to originator beyond the stated credit enhancement.,0.33,0.49,0.58,0.83,1.15,0.35,0.83
D0224,,Central-BL-D0224,Active,FY27,FY27 Q1,IIFL Samasta Finance,DA,BL,PSL,Central Bank of India,Vistra ITCL,Catalyst Trusteeship,0.8895,2026-06-15,2026-07-15,MCLR Linked,10.59,2.74,13.33,0.6845,12.6903,16300,15.18,14.96,A+(SO),A+(SO),0.0,0.0,,None,0.0,0.1,15,11,True,Assumed true sale: outright assignment of receivables; assignee holds pro-rata beneficial interest in the underlying loans.,0.02,0.02,0.02,0.03,0.05,0.02,0.04
D0225,,IDBI-HCF-D0225,Active,FY27,FY27 Q1,IIFL Finance Limited,DA,HCF,NPSL,IDBI Bank,Axis Trustee,Catalyst Trusteeship,0.9287,2026-04-23,2026-05-23,Fixed,9.05,1.99,11.04,1.4736,10.4625,20144,129.45,123.26,AA+(SO),AA+(SO),0.0,0.0,,None,0.0,0.1,78,6,True,Assumed true sale: outright assignment of receivables; assignee holds pro-rata beneficial interest in the underlying loans.,0.13,0.07,0.34,0.26,0.41,0.11,0.32
D0226,,IDBI-BL-D0226,Active,FY27,FY27 Q1,IIFL Finance Limited,DA,BL,PSL,IDBI Bank,Axis Trustee,Vistra ITCL,0.8537,2026-06-25,2026-07-25,MCLR Linked,9.18,3.47,12.65,1.2393,11.446,15067,170.0,167.54,AA(SO),AA(SO),0.0,0.0,,None,0.0,0.1,15,12,True,Assumed true sale: outright assignment of receivables; assignee holds pro-rata beneficial interest in the underlying loans.,0.17,0.19,0.17,0.42,0.53,0.1,0.42
D0227,,UCO-BL-D0227,Active,FY26,FY26 Q2,IIFL Finance Limited,DA,BL,NPSL,UCO Bank,Catalyst Trusteeship,Axis Trustee,0.9141,2025-09-07,2025-10-07,MCLR Linked,9.34,2.63,11.97,1.9146,11.4181,2631,36.9,34.28,AA+(SO),AA+(SO),0.0,0.0,,None,0.0,0.1,16,13,True,Assumed true sale: outright assignment of receivables; assignee holds pro-rata beneficial interest in the underlying loans.,0.04,0.05,0.07,0.09,0.08,0.04,0.09
D0228,,IDBI-LAP-D0228,Closed,FY25,FY25 Q1,IIFL Finance Limited,DA,LAP,NPSL,IDBI Bank,Catalyst Trusteeship,Catalyst Trusteeship,0.8528,2024-05-24,2024-06-24,Fixed,7.91,2.34,10.25,1.1479,9.726,11467,120.94,114.58,AAA(SO),AAA(SO),0.0,0.0,,None,0.0,0.1,63,1,True,Assumed true sale: outright assignment of receivables; assignee holds pro-rata beneficial interest in the underlying loans.,0.12,0.16,0.35,0.27,0.26,0.12,0.3
D0229,,AU-Gold-D0229,Active,FY27,FY27 Q1,IIFL Finance Limited,DA,Gold,NPSL,AU Small Finance Bank,Catalyst Trusteeship,Catalyst Trusteeship,0.9178,2026-05-08,2026-06-08,Fixed,10.2,3.05,13.25,1.3389,12.4551,19470,270.97,261.15,AAA(SO),AAA(SO),0.0,0.0,,None,0.0,0.05,12,15,True,Assumed true sale: outright assignment of receivables; assignee holds pro-rata beneficial interest in the underlying loans.,0.27,0.24,0.32,0.58,0.56,0.3,0.68
D0230,,Federal-LAP-D0230,Active,FY26,FY26 Q1,IIFL Finance Limited,PTC,LAP,PSL,Federal Bank,IDBI Trusteeship,IDBI Trusteeship,0.9297,2025-05-20,2025-06-20,MCLR Linked,9.61,2.18,11.79,0.5907,10.9783,6807,167.12,157.59,AAA(SO),AAA(SO),0.0397,0.0,Senior,First Loss Guarantee,6.63,0.1,68,12,True,"Assumed true sale: originator retains servicing rights only, no equitable interest retained beyond MRR.",0.17,0.16,0.49,0.36,0.38,0.23,0.42
D0231,,Central-SME-D0231,Active,FY25,FY25 Q4,IIFL Finance Limited,PTC,SME,NPSL,Central Bank of India,Axis Trustee,Vistra ITCL,0.8662,2025-02-10,2025-03-10,MCLR Linked,6.37,2.67,9.04,1.1815,7.7508,18832,16.37,15.29,AA+(SO),AA+(SO),0.0,0.0,Subordinate,Cash Collateral,0.65,0.05,38,11,True,"Assumed true sale: originator retains servicing rights only, no equitable interest retained beyond MRR.",0.02,0.01,0.02,0.02,0.03,0.01,0.04
D0232,,Central-SME-D0232,Active,FY27,FY27 Q1,IIFL Finance Limited,PTC,SME,PSL,Central Bank of India,Vistra ITCL,IDBI Trusteeship,0.884,2026-06-11,2026-07-11,Fixed,10.38,2.25,12.63,1.3318,11.9515,12388,76.72,75.9,Unrated,Unrated,0.0,0.0,Senior,Cash Collateral,3.05,0.05,25,1,True,Assumed true sale: SPV holds legal title to the pool; no recourse to originator beyond the stated credit enhancement.,0.08,0.04,0.21,0.18,0.12,0.09,0.19
D0233,,Bandhan-HCF-D0233,Closed,FY25,FY25 Q4,IIFL Finance Limited,DA,HCF,NPSL,Bandhan Bank,IDBI Trusteeship,Catalyst Trusteeship,0.9263,2025-02-07,2025-03-07,MCLR Linked,6.96,3.12,10.08,1.381,8.7256,20921,330.29,326.46,AAA(SO),AAA(SO),0.0,0.0,,None,0.0,0.05,60,12,True,Assumed true sale: outright assignment of receivables; assignee holds pro-rata beneficial interest in the underlying loans.,0.33,0.26,0.43,0.45,1.02,0.26,0.83
D0234,,Indian-BL-D0234,Closed,FY25,FY25 Q3,IIFL Finance Limited,PTC,BL,PSL,Indian Overseas Bank,IDBI Trusteeship,IDBI Trusteeship,0.8952,2024-10-24,2024-11-24,MCLR Linked,8.29,2.83,11.12,0.8516,10.4014,21637,71.09,67.33,Unrated,Unrated,0.0,0.0,Senior,Cash Collateral,3.46,0.1,19,12,True,Assumed true sale: SPV holds legal title to the pool; no recourse to originator beyond the stated credit enhancement.,0.07,0.07,0.12,0.09,0.26,0.05,0.18
D0235,,Bandhan-SME-D0235,Active,FY26,FY26 Q1,IIFL Finance Limited,PTC,SME,NPSL,Bandhan Bank,IDBI Trusteeship,Catalyst Trusteeship,0.8619,2025-06-17,2025-07-17,Fixed,7.91,2.67,10.58,1.0404,9.534,15283,186.61,176.08,A+(SO),A+(SO),0.0,0.0327,Senior,Overcollateralization,6.1,0.05,44,7,True,Assumed true sale: SPV holds legal title to the pool; no recourse to originator beyond the stated credit enhancement.,0.19,0.16,0.44,0.26,0.63,0.24,0.47
D0236,,RBL-SME-D0236,Active,FY25,FY25 Q2,IIFL Finance Limited,DA,SME,PSL,RBL Bank,Axis Trustee,IDBI Trusteeship,0.8727,2024-08-28,2024-09-28,MCLR Linked,9.01,3.32,12.33,1.6237,11.3556,11858,272.98,256.53,A+(SO),A+(SO),0.0,0.0,,None,0.0,0.1,24,11,False,True-sale status not independently verified for this synthetic deal -- flagged for legal review.,0.27,0.28,0.7,0.58,0.9,0.26,0.68
D0237,,AU-MFI-D0237,Active,FY27,FY27 Q1,IIFL Finance Limited,PTC,MFI,NPSL,AU Small Finance Bank,Catalyst Trusteeship,Catalyst Trusteeship,0.9422,2026-04-23,2026-05-23,MCLR Linked,8.5,2.38,10.88,0.7305,9.4274,4705,140.52,134.96,A+(SO),A+(SO),0.0575,0.0,Senior,First Loss Guarantee,8.08,0.05,22,15,True,"Assumed true sale: originator retains servicing rights only, no equitable interest retained beyond MRR.",0.14,0.12,0.32,0.27,0.42,0.19,0.35
D0238,,Federal-SME-D0238,Active,FY26,FY26 Q1,IIFL Finance Limited,DA,SME,NPSL,Federal Bank,IDBI Trusteeship,IDBI Trusteeship,0.8791,2025-04-07,2025-05-07,Fixed,8.98,2.16,11.14,1.2866,10.1853,6117,229.07,215.63,AAA(SO),AAA(SO),0.0,0.0,,None,0.0,0.1,24,4,True,Assumed true sale: outright assignment of receivables; assignee holds pro-rata beneficial interest in the underlying loans.,0.23,0.2,0.23,0.34,0.86,0.2,0.57
D0239,,UCO-SME-D0239,Active,FY26,FY26 Q4,IIFL Finance Limited,PTC,SME,NPSL,UCO Bank,Catalyst Trusteeship,Axis Trustee,0.9105,2026-03-03,2026-04-03,MCLR Linked,7.44,3.31,10.75,0.8703,9.9211,14662,58.53,54.69,AA+(SO),AA+(SO),0.0,0.0,Senior,None,0.0,0.05,45,9,True,Assumed true sale: SPV holds legal title to the pool; no recourse to originator beyond the stated credit enhancement.,0.06,0.06,0.12,0.1,0.09,0.03,0.15
D0240,,RBL-MFI-D0240,Active,FY27,FY27 Q1,IIFL Finance Limited,DA,MFI,NPSL,RBL Bank,Vistra ITCL,Catalyst Trusteeship,0.9198,2026-05-10,2026-06-10,MCLR Linked,7.61,3.15,10.76,1.5836,10.0427,20741,154.04,143.65,AA+(SO),AA+(SO),0.0,0.0,,None,0.0,0.1,23,0,True,Assumed true sale: outright assignment of receivables; assignee holds pro-rata beneficial interest in the underlying loans.,0.15,0.15,0.46,0.28,0.61,0.09,0.39
D0241,,Bandhan-BL-D0241,Active,FY26,FY26 Q1,IIFL Finance Limited,PTC,BL,NPSL,Bandhan Bank,Axis Trustee,Catalyst Trusteeship,0.8583,2025-05-15,2025-06-15,MCLR Linked,7.83,1.91,9.74,1.4855,8.5264,23256,169.83,157.11,AA(SO),AA(SO),0.0908,0.0,Senior,First Loss Guarantee,15.42,0.05,13,5,True,"Assumed true sale: originator retains servicing rights only, no equitable interest retained beyond MRR.",0.17,0.16,0.33,0.24,0.32,0.23,0.42
D0242,,South-SME-D0242,Active,FY26,FY26 Q4,IIFL Finance Limited,PTC,SME,NPSL,South Indian Bank,Axis Trustee,Catalyst Trusteeship,0.9098,2026-03-13,2026-04-13,MCLR Linked,6.92,2.84,9.76,0.573,8.8826,12233,241.92,225.17,Unrated,Unrated,0.046,0.0,Senior,First Loss Guarantee,11.13,0.1,44,16,True,"Assumed true sale: originator retains servicing rights only, no equitable interest retained beyond MRR.",0.24,0.17,0.36,0.57,0.48,0.12,0.6
D0243,,IDBI-Gold-D0243,Active,FY26,FY26 Q4,IIFL Finance Limited,PTC,Gold,PSL,IDBI Bank,Vistra ITCL,Vistra ITCL,0.8674,2026-01-22,2026-02-22,MCLR Linked,5.86,3.42,9.28,1.1032,8.4638,6001,281.97,275.8,Unrated,Unrated,0.0,0.0,Senior,Cash Collateral,16.38,0.05,10,9,True,Assumed true sale: SPV holds legal title to the pool; no recourse to originator beyond the stated credit enhancement.,0.28,0.25,0.54,0.31,1.0,0.32,0.7
D0244,,Aditya-Gold-D0244,Active,FY26,FY26 Q1,IIFL Finance Limited,DA,Gold,PSL,Aditya Birla Capital Limited,Vistra ITCL,Axis Trustee,0.8568,2025-05-10,2025-06-10,MCLR Linked,9.95,2.5,12.45,0.5265,11.0379,19151,253.7,247.46,Unrated,Unrated,0.0,0.0,,None,0.0,0.05,9,15,True,Assumed true sale: outright assignment of receivables; assignee holds pro-rata beneficial interest in the underlying loans.,0.25,0.24,0.51,0.54,0.7,0.31,0.63
D0245,,Punjab-SME-D0245,Closed,FY25,FY25 Q2,IIFL Finance Limited,PTC,SME,NPSL,Punjab and Sind Bank,Vistra ITCL,Catalyst Trusteeship,0.8729,2024-07-10,2024-08-10,MCLR Linked,8.94,1.99,10.93,1.5993,10.0873,10219,35.07,33.18,AAA(SO),AAA(SO),0.0482,0.0,Senior,First Loss Guarantee,1.69,0.1,34,11,True,Assumed true sale: SPV holds legal title to the pool; no recourse to originator beyond the stated credit enhancement.,0.04,0.02,0.04,0.08,0.14,0.05,0.09
D0246,,AU-BL-D0246,Active,FY25,FY25 Q4,IIFL Finance Limited,PTC,BL,PSL,AU Small Finance Bank,Axis Trustee,IDBI Trusteeship,0.9106,2025-02-06,2025-03-06,MCLR Linked,5.79,3.24,9.03,0.9547,7.9536,5137,334.48,308.94,AA+(SO),AA+(SO),0.1144,0.0,Senior,First Loss Guarantee,38.26,0.1,13,10,True,Assumed true sale: SPV holds legal title to the pool; no recourse to originator beyond the stated credit enhancement.,0.33,0.49,0.47,0.77,0.9,0.49,0.84
D0247,,Federal-LAP-D0247,Active,FY26,FY26 Q1,IIFL Finance Limited,DA,LAP,NPSL,Federal Bank,Axis Trustee,Vistra ITCL,0.8875,2025-06-14,2025-07-14,MCLR Linked,8.3,2.97,11.27,1.409,10.6981,1149,289.57,282.49,AAA(SO),AAA(SO),0.0,0.0,,None,0.0,0.1,45,8,True,Assumed true sale: outright assignment of receivables; assignee holds pro-rata beneficial interest in the underlying loans.,0.29,0.18,0.56,0.36,0.57,0.15,0.72
D0248,,Federal-LAP-D0248,Active,FY26,FY26 Q1,IIFL Finance Limited,DA,LAP,NPSL,Federal Bank,Axis Trustee,IDBI Trusteeship,0.8742,2025-04-24,2025-05-24,MCLR Linked,8.2,2.48,10.68,0.5518,9.3669,4578,151.94,140.2,AA+(SO),AA+(SO),0.0,0.0,,None,0.0,0.1,68,16,True,Assumed true sale: outright assignment of receivables; assignee holds pro-rata beneficial interest in the underlying loans.,0.15,0.17,0.36,0.31,0.47,0.12,0.38
D0249,,Bank-HCF-D0249,Active,FY26,FY26 Q3,IIFL Finance Limited,DA,HCF,NPSL,Bank of Maharashtra,Axis Trustee,Vistra ITCL,0.9234,2025-11-19,2025-12-19,MCLR Linked,10.1,3.18,13.28,1.6287,11.8557,23818,54.1,50.12,Unrated,Unrated,0.0,0.0,,None,0.0,0.1,60,1,True,Assumed true sale: outright assignment of receivables; assignee holds pro-rata beneficial interest in the underlying loans.,0.05,0.07,0.07,0.1,0.19,0.07,0.14
D0250,,Karur-HCF-D0250,Active,FY26,FY26 Q1,IIFL Finance Limited,DA,HCF,PSL,Karur Vysya Bank,Axis Trustee,IDBI Trusteeship,0.8686,2025-04-23,2025-05-23,Fixed,6.92,3.47,10.39,0.5885,9.7073,23316,15.53,14.36,AA(SO),AA(SO),0.0,0.0,,None,0.0,0.1,71,8,True,Assumed true sale: outright assignment of receivables; assignee holds pro-rata beneficial interest in the underlying loans.,0.02,0.02,0.02,0.04,0.04,0.02,0.04
D0251,,Bank-HCF-D0251,Closed,FY25,FY25 Q1,IIFL Finance Limited,PTC,HCF,NPSL,Bank of Maharashtra,Axis Trustee,Axis Trustee,0.9257,2024-06-13,2024-07-13,MCLR Linked,7.73,1.56,9.29,1.4066,8.4534,3803,175.1,169.34,AAA(SO),AAA(SO),0.0309,0.0,Senior,First Loss Guarantee,5.41,0.05,48,14,False,True-sale status not independently verified for this synthetic deal -- flagged for legal review.,0.18,0.21,0.3,0.26,0.37,0.15,0.44
D0252,,Indian-LAP-D0252,Closed,FY25,FY25 Q4,IIFL Finance Limited,DA,LAP,NPSL,Indian Overseas Bank,IDBI Trusteeship,Catalyst Trusteeship,0.9486,2025-03-28,2025-04-28,Fixed,7.04,2.41,9.45,1.9363,8.1374,5050,257.95,253.35,Unrated,Unrated,0.0,0.0,,None,0.0,0.05,51,15,True,Assumed true sale: outright assignment of receivables; assignee holds pro-rata beneficial interest in the underlying loans.,0.26,0.13,0.44,0.28,0.91,0.21,0.64
D0253,,Indian-SME-D0253,Active,FY26,FY26 Q4,IIFL Finance Limited,DA,SME,PSL,Indian Overseas Bank,Axis Trustee,Catalyst Trusteeship,0.8982,2026-03-20,2026-04-20,Fixed,10.37,2.2,12.57,1.311,11.8266,3791,345.6,338.69,AA+(SO),AA+(SO),0.0,0.0,,None,0.0,0.1,25,18,True,Assumed true sale: outright assignment of receivables; assignee holds pro-rata beneficial interest in the underlying loans.,0.35,0.23,1.0,0.71,0.61,0.52,0.86
D0254,,IDBI-SME-D0254,Active,FY27,FY27 Q1,IIFL Finance Limited,PTC,SME,NPSL,IDBI Bank,IDBI Trusteeship,IDBI Trusteeship,0.8759,2026-04-09,2026-05-09,Fixed,7.97,2.02,9.99,0.9365,9.3786,22306,333.75,322.72,A+(SO),A+(SO),0.0422,0.0,Senior,First Loss Guarantee,14.08,0.1,44,17,True,"Assumed true sale: originator retains servicing rights only, no equitable interest retained beyond MRR.",0.33,0.28,0.73,0.43,1.29,0.36,0.83
D0255,,Federal-MFI-D0255,Closed,FY25,FY25 Q1,IIFL Finance Limited,PTC,MFI,NPSL,Federal Bank,IDBI Trusteeship,Catalyst Trusteeship,0.9099,2024-04-10,2024-05-10,Fixed,8.22,3.19,11.41,0.9633,9.9197,22759,122.08,115.43,Unrated,Unrated,0.0,0.0,Senior,Cash Collateral,3.72,0.1,16,10,True,Assumed true sale: SPV holds legal title to the pool; no recourse to originator beyond the stated credit enhancement.,0.12,0.08,0.37,0.25,0.33,0.16,0.31
D0256,,RBL-MFI-D0256,Closed,FY25,FY25 Q1,IIFL Finance Limited,DA,MFI,NPSL,RBL Bank,Vistra ITCL,Axis Trustee,0.8891,2024-05-26,2024-06-26,MCLR Linked,10.81,1.92,12.73,1.2918,11.947,6366,249.64,230.59,AA(SO),AA(SO),0.0,0.0,,None,0.0,0.1,14,2,True,Assumed true sale: outright assignment of receivables; assignee holds pro-rata beneficial interest in the underlying loans.,0.25,0.3,0.35,0.57,0.62,0.16,0.62
D0257,,South-HCF-D0257,Closed,FY25,FY25 Q2,IIFL Finance Limited,PTC,HCF,NPSL,South Indian Bank,Axis Trustee,IDBI Trusteeship,0.9445,2024-09-19,2024-10-19,MCLR Linked,10.05,2.08,12.13,0.676,11.1146,6911,85.27,83.25,Unrated,Unrated,0.0962,0.0,Senior,First Loss Guarantee,8.2,0.1,75,8,True,Assumed true sale: SPV holds legal title to the pool; no recourse to originator beyond the stated credit enhancement.,0.09,0.07,0.16,0.1,0.28,0.06,0.21
D0258,,Federal-SME-D0258,Active,FY26,FY26 Q4,IIFL Finance Limited,PTC,SME,PSL,Federal Bank,Axis Trustee,Vistra ITCL,0.9194,2026-02-20,2026-03-20,Fixed,10.49,2.81,13.3,0.6418,12.2071,22478,274.91,271.99,A+(SO),A+(SO),0.0893,0.0,Senior,First Loss Guarantee,24.55,0.05,26,16,True,Assumed true sale: SPV holds legal title to the pool; no recourse to originator beyond the stated credit enhancement.,0.27,0.24,0.82,0.56,0.62,0.17,0.69
D0259,,RBL-Gold-D0259,Active,FY27,FY27 Q1,IIFL Finance Limited,DA,Gold,PSL,RBL Bank,IDBI Trusteeship,Catalyst Trusteeship,0.9055,2026-05-18,2026-06-18,MCLR Linked,6.7,3.13,9.83,1.7008,9.207,17869,146.92,143.57,Unrated,Unrated,0.0,0.0,,None,0.0,0.05,11,15,True,Assumed true sale: outright assignment of receivables; assignee holds pro-rata beneficial interest in the underlying loans.,0.15,0.09,0.21,0.18,0.43,0.2,0.37
D0260,,Aditya-Gold-D0260,Closed,FY25,FY25 Q4,IIFL Finance Limited,PTC,Gold,PSL,Aditya Birla Capital Limited,IDBI Trusteeship,Catalyst Trusteeship,0.8688,2025-03-18,2025-04-18,MCLR Linked,10.58,2.82,13.4,0.9496,12.0674,17521,115.7,114.11,Unrated,Unrated,0.0,0.0235,Senior,Overcollateralization,2.72,0.1,8,11,True,Assumed true sale: SPV holds legal title to the pool; no recourse to originator beyond the stated credit enhancement.,0.12,0.17,0.26,0.15,0.28,0.07,0.29
D0261,,UCO-Gold-D0261,Active,FY26,FY26 Q1,IIFL Finance Limited,DA,Gold,NPSL,UCO Bank,IDBI Trusteeship,Vistra ITCL,0.9492,2025-04-21,2025-05-21,MCLR Linked,10.77,2.3,13.07,1.1504,12.5441,23257,331.49,320.67,AA(SO),AA(SO),0.0,0.0,,None,0.0,0.1,7,12,True,Assumed true sale: outright assignment of receivables; assignee holds pro-rata beneficial interest in the underlying loans.,0.33,0.37,0.38,0.39,0.59,0.35,0.83
D0262,,DCB-MFI-D0262,Closed,FY25,FY25 Q4,IIFL Finance Limited,PTC,MFI,NPSL,DCB Bank,Catalyst Trusteeship,Catalyst Trusteeship,0.8671,2025-02-25,2025-03-25,MCLR Linked,10.96,1.95,12.91,1.9198,12.0204,7781,47.81,47.26,AAA(SO),AAA(SO),0.0641,0.0,Senior,First Loss Guarantee,3.06,0.05,19,8,True,"Assumed true sale: originator retains servicing rights only, no equitable interest retained beyond MRR.",0.05,0.04,0.12,0.12,0.14,0.05,0.12
D0263,,Indian-LAP-D0263,Active,FY25,FY25 Q1,IIFL Finance Limited,DA,LAP,NPSL,Indian Overseas Bank,Axis Trustee,IDBI Trusteeship,0.8805,2024-04-22,2024-05-22,Fixed,7.95,1.75,9.7,1.7869,8.2525,24270,205.13,192.56,AA+(SO),AA+(SO),0.0,0.0,,None,0.0,0.1,65,11,True,Assumed true sale: outright assignment of receivables; assignee holds pro-rata beneficial interest in the underlying loans.,0.21,0.19,0.33,0.23,0.35,0.25,0.51
D0264,,Indian-SME-D0264,Active,FY26,FY26 Q4,IIFL Finance Limited,PTC,SME,NPSL,Indian Overseas Bank,Vistra ITCL,IDBI Trusteeship,0.9494,2026-03-10,2026-04-10,MCLR Linked,9.0,2.49,11.49,1.4918,10.0695,17168,337.33,320.36,A+(SO),A+(SO),0.0,0.0,Senior,None,0.0,0.1,36,9,True,Assumed true sale: SPV holds legal title to the pool; no recourse to originator beyond the stated credit enhancement.,0.34,0.51,0.97,0.68,0.54,0.32,0.84
D0265,,Bandhan-HCF-D0265,Closed,FY25,FY25 Q3,IIFL Finance Limited,PTC,HCF,PSL,Bandhan Bank,Vistra ITCL,Catalyst Trusteeship,0.9435,2024-11-06,2024-12-06,MCLR Linked,10.25,2.53,12.78,1.8387,11.4316,12731,156.61,148.24,AA+(SO),AA+(SO),0.1173,0.0,Senior,First Loss Guarantee,18.37,0.1,78,9,True,"Assumed true sale: originator retains servicing rights only, no equitable interest retained beyond MRR.",0.16,0.09,0.16,0.26,0.35,0.1,0.39
D0266,,Bank-HCF-D0266,Active,FY25,FY25 Q1,IIFL Finance Limited,DA,HCF,PSL,Bank of Maharashtra,Axis Trustee,Axis Trustee,0.8662,2024-04-04,2024-05-04,MCLR Linked,7.33,2.56,9.89,1.0306,8.956,726,152.59,150.14,AA+(SO),AA+(SO),0.0,0.0,,None,0.0,0.05,71,8,True,Assumed true sale: outright assignment of receivables; assignee holds pro-rata beneficial interest in the underlying loans.,0.15,0.13,0.42,0.2,0.3,0.08,0.38
D0267,,RBL-LAP-D0267,Active,FY25,FY25 Q1,IIFL Finance Limited,DA,LAP,PSL,RBL Bank,Catalyst Trusteeship,Catalyst Trusteeship,0.9293,2024-05-06,2024-06-06,Fixed,9.85,3.42,13.27,0.6892,12.4259,16738,54.8,52.29,AA(SO),AA(SO),0.0,0.0,,None,0.0,0.1,61,17,True,Assumed true sale: outright assignment of receivables; assignee holds pro-rata beneficial interest in the underlying loans.,0.05,0.03,0.13,0.06,0.2,0.05,0.14
D0268,,Central-LAP-D0268,Active,FY26,FY26 Q2,IIFL Finance Limited,PTC,LAP,PSL,Central Bank of India,IDBI Trusteeship,Catalyst Trusteeship,0.8632,2025-07-03,2025-08-03,MCLR Linked,10.42,2.0,12.42,0.5575,10.9296,9712,259.3,241.95,AA+(SO),AA+(SO),0.0,0.0691,Senior,Overcollateralization,17.92,0.05,42,14,True,Assumed true sale: SPV holds legal title to the pool; no recourse to originator beyond the stated credit enhancement.,0.26,0.37,0.48,0.5,0.45,0.14,0.65
D0269,,South-BL-D0269,Closed,FY25,FY25 Q3,IIFL Finance Limited,DA,BL,NPSL,South Indian Bank,Axis Trustee,Vistra ITCL,0.9408,2024-11-08,2024-12-08,MCLR Linked,8.64,2.52,11.16,0.6511,10.4752,9693,116.94,109.79,AA+(SO),AA+(SO),0.0,0.0,,None,0.0,0.05,12,13,True,Assumed true sale: outright assignment of receivables; assignee holds pro-rata beneficial interest in the underlying loans.,0.12,0.17,0.2,0.17,0.2,0.06,0.29
D0270,,IDBI-MFI-D0270,Active,FY25,FY25 Q4,IIFL Finance Limited,PTC,MFI,NPSL,IDBI Bank,Axis Trustee,IDBI Trusteeship,0.9034,2025-03-24,2025-04-24,Fixed,9.14,2.24,11.38,0.7305,10.7522,3985,85.36,80.83,AAA(SO),AAA(SO),0.0,0.0,Senior,None,0.0,0.1,15,4,True,"Assumed true sale: originator retains servicing rights only, no equitable interest retained beyond MRR.",0.09,0.08,0.21,0.2,0.29,0.11,0.21
D0271,,Central-MFI-D0271,Closed,FY25,FY25 Q2,IIFL Finance Limited,DA,MFI,PSL,Central Bank of India,Axis Trustee,Axis Trustee,0.9062,2024-07-14,2024-08-14,MCLR Linked,7.53,3.36,10.89,1.0854,9.7828,4724,70.92,66.61,AAA(SO),AAA(SO),0.0,0.0,,None,0.0,0.1,23,10,True,Assumed true sale: outright assignment of receivables; assignee holds pro-rata beneficial interest in the underlying loans.,0.07,0.05,0.07,0.13,0.21,0.04,0.18
D0272,,RBL-BL-D0272,Active,FY25,FY25 Q3,IIFL Finance Limited,DA,BL,PSL,RBL Bank,Catalyst Trusteeship,Catalyst Trusteeship,0.9149,2024-12-10,2025-01-10,MCLR Linked,8.29,2.04,10.33,1.449,8.8578,8305,72.32,66.77,AA(SO),AA(SO),0.0,0.0,,None,0.0,0.1,24,6,False,True-sale status not independently verified for this synthetic deal -- flagged for legal review.,0.07,0.06,0.21,0.17,0.16,0.05,0.18
D0273,,Punjab-MFI-D0273,Active,FY25,FY25 Q1,IIFL Finance Limited,DA,MFI,PSL,Punjab and Sind Bank,Vistra ITCL,Vistra ITCL,0.8704,2024-04-27,2024-05-27,Fixed,10.23,2.06,12.29,1.4447,10.9318,19612,340.49,326.06,A+(SO),A+(SO),0.0,0.0,,None,0.0,0.1,22,11,True,Assumed true sale: outright assignment of receivables; assignee holds pro-rata beneficial interest in the underlying loans.,0.34,0.3,0.64,0.71,0.88,0.22,0.85
D0274,,Central-Gold-D0274,Active,FY25,FY25 Q2,IIFL Finance Limited,DA,Gold,PSL,Central Bank of India,IDBI Trusteeship,Catalyst Trusteeship,0.9103,2024-09-27,2024-10-27,MCLR Linked,7.37,2.48,9.85,1.0668,9.3293,5838,231.93,213.72,Unrated,Unrated,0.0,0.0,,None,0.0,0.05,9,13,False,True-sale status not independently verified for this synthetic deal -- flagged for legal review.,0.23,0.31,0.59,0.46,0.37,0.17,0.58
D0275,,Bank-MFI-D0275,Active,FY26,FY26 Q3,IIFL Finance Limited,PTC,MFI,PSL,Bank of Maharashtra,Vistra ITCL,Catalyst Trusteeship,0.9012,2025-11-01,2025-12-01,MCLR Linked,11.05,1.52,12.57,1.7547,11.9282,23681,20.57,19.37,Unrated,Unrated,0.0,0.0111,Subordinate,Overcollateralization,0.23,0.05,16,4,True,Assumed true sale: SPV holds legal title to the pool; no recourse to originator beyond the stated credit enhancement.,0.02,0.03,0.02,0.03,0.04,0.02,0.05
D0276,,Federal-HCF-D0276,Active,FY26,FY26 Q4,IIFL Finance Limited,PTC,HCF,NPSL,Federal Bank,IDBI Trusteeship,Vistra ITCL,0.9125,2026-02-27,2026-03-27,MCLR Linked,10.58,2.48,13.06,0.9305,11.6846,9734,90.22,89.04,AAA(SO),AAA(SO),0.0,0.0,Senior,None,0.0,0.05,57,14,True,Assumed true sale: SPV holds legal title to the pool; no recourse to originator beyond the stated credit enhancement.,0.09,0.07,0.18,0.14,0.2,0.13,0.23
D0277,,AU-Gold-D0277,Active,FY25,FY25 Q2,IIFL Finance Limited,PTC,Gold,PSL,AU Small Finance Bank,IDBI Trusteeship,Axis Trustee,0.8919,2024-08-25,2024-09-25,Fixed,8.16,2.28,10.44,1.2457,9.4062,14506,287.91,267.16,AAA(SO),AAA(SO),0.0,0.0,Senior,Cash Collateral,19.69,0.05,9,9,True,"Assumed true sale: originator retains servicing rights only, no equitable interest retained beyond MRR.",0.29,0.3,0.76,0.45,0.85,0.27,0.72
D0278,,Aditya-HCF-D0278,Active,FY25,FY25 Q1,IIFL Finance Limited,PTC,HCF,PSL,Aditya Birla Capital Limited,Axis Trustee,Catalyst Trusteeship,0.9196,2024-04-07,2024-05-07,MCLR Linked,6.46,2.62,9.08,1.1371,8.5259,11947,323.5,298.97,AA+(SO),AA+(SO),0.0,0.0,Senior,Cash Collateral,23.52,0.1,61,6,True,Assumed true sale: SPV holds legal title to the pool; no recourse to originator beyond the stated credit enhancement.,0.32,0.2,0.7,0.55,0.97,0.21,0.81
D0279,,Bank-MFI-D0279,Active,FY25,FY25 Q1,IIFL Finance Limited,PTC,MFI,PSL,Bank of Maharashtra,Catalyst Trusteeship,Axis Trustee,0.9333,2024-06-01,2024-07-01,MCLR Linked,10.86,1.8,12.66,1.5199,11.284,17783,172.37,160.27,A+(SO),A+(SO),0.0,0.024,Senior,Overcollateralization,4.14,0.1,13,13,True,Assumed true sale: SPV holds legal title to the pool; no recourse to originator beyond the stated credit enhancement.,0.17,0.18,0.46,0.41,0.47,0.21,0.43
D0280,,South-SME-D0280,Active,FY26,FY26 Q2,IIFL Finance Limited,DA,SME,NPSL,South Indian Bank,IDBI Trusteeship,Catalyst Trusteeship,0.9303,2025-08-13,2025-09-13,MCLR Linked,11.65,1.75,13.4,1.47,12.7053,13354,149.13,137.78,Unrated,Unrated,0.0,0.0,,None,0.0,0.1,46,11,True,Assumed true sale: outright assignment of receivables; assignee holds pro-rata beneficial interest in the underlying loans.,0.15,0.09,0.17,0.28,0.54,0.08,0.37
D0281,,UCO-SME-D0281,Closed,FY25,FY25 Q3,IIFL Finance Limited,DA,SME,NPSL,UCO Bank,Vistra ITCL,Axis Trustee,0.9,2024-10-20,2024-11-20,MCLR Linked,11.21,1.88,13.09,0.9717,12.1994,9320,228.86,211.07,AAA(SO),AAA(SO),0.0,0.0,,None,0.0,0.05,25,7,True,Assumed true sale: outright assignment of receivables; assignee holds pro-rata beneficial interest in the underlying loans.,0.23,0.2,0.29,0.46,0.53,0.32,0.57
D0282,,Bandhan-BL-D0282,Active,FY25,FY25 Q1,IIFL Finance Limited,PTC,BL,NPSL,Bandhan Bank,IDBI Trusteeship,Vistra ITCL,0.8791,2024-04-19,2024-05-19,MCLR Linked,7.91,3.24,11.15,1.4352,9.7099,15675,20.38,19.68,AA+(SO),AA+(SO),0.0371,0.0,Subordinate,First Loss Guarantee,0.76,0.05,23,11,True,"Assumed true sale: originator retains servicing rights only, no equitable interest retained beyond MRR.",0.02,0.01,0.05,0.04,0.04,0.03,0.05
D0283,,Indian-SME-D0283,Active,FY26,FY26 Q2,IIFL Finance Limited,PTC,SME,NPSL,Indian Overseas Bank,IDBI Trusteeship,Catalyst Trusteeship,0.9472,2025-07-04,2025-08-04,Fixed,10.83,1.79,12.62,1.2324,11.7565,3356,4.88,4.59,AA+(SO),AA+(SO),0.0,0.0364,Subordinate,Overcollateralization,0.18,0.05,48,13,False,True-sale status not independently verified for this synthetic deal -- flagged for legal review.,0.0,0.0,0.01,0.01,0.02,0.0,0.01
D0284,,Aditya-MFI-D0284,Active,FY26,FY26 Q2,IIFL Finance Limited,DA,MFI,NPSL,Aditya Birla Capital Limited,Axis Trustee,Catalyst Trusteeship,0.8849,2025-08-15,2025-09-15,MCLR Linked,6.93,3.25,10.18,1.2027,9.1449,24782,222.91,215.12,Unrated,Unrated,0.0,0.0,,None,0.0,0.05,18,9,True,Assumed true sale: outright assignment of receivables; assignee holds pro-rata beneficial interest in the underlying loans.,0.22,0.29,0.27,0.28,0.39,0.33,0.56
D0285,,Karur-LAP-D0285,Closed,FY25,FY25 Q1,IIFL Finance Limited,DA,LAP,NPSL,Karur Vysya Bank,IDBI Trusteeship,Catalyst Trusteeship,0.8711,2024-06-11,2024-07-11,Fixed,9.79,1.93,11.72,0.5344,10.4614,18361,53.3,50.73,AA+(SO),AA+(SO),0.0,0.0,,None,0.0,0.05,60,18,True,Assumed true sale: outright assignment of receivables; assignee holds pro-rata beneficial interest in the underlying loans.,0.05,0.05,0.08,0.07,0.1,0.04,0.13
D0286,,AU-MFI-D0286,Active,FY26,FY26 Q1,IIFL Finance Limited,PTC,MFI,PSL,AU Small Finance Bank,IDBI Trusteeship,Catalyst Trusteeship,0.9223,2025-05-17,2025-06-17,MCLR Linked,6.67,3.29,9.96,1.3677,9.3154,14542,293.23,271.67,AA+(SO),AA+(SO),0.0,0.0,Senior,None,0.0,0.05,24,14,True,"Assumed true sale: originator retains servicing rights only, no equitable interest retained beyond MRR.",0.29,0.34,0.78,0.62,1.04,0.36,0.73
D0287,,Central-SME-D0287,Active,FY26,FY26 Q2,IIFL Finance Limited,PTC,SME,PSL,Central Bank of India,Vistra ITCL,IDBI Trusteeship,0.9452,2025-07-28,2025-08-28,Fixed,7.34,3.08,10.42,1.9576,9.3432,15263,103.04,100.01,A+(SO),A+(SO),0.0,0.0686,Senior,Overcollateralization,7.07,0.05,30,14,True,"Assumed true sale: originator retains servicing rights only, no equitable interest retained beyond MRR.",0.1,0.05,0.27,0.11,0.39,0.1,0.26
D0288,,Central-HCF-D0288,Active,FY26,FY26 Q1,IIFL Finance Limited,PTC,HCF,PSL,Central Bank of India,Catalyst Trusteeship,Catalyst Trusteeship,0.915,2025-06-14,2025-07-14,Fixed,8.65,2.2,10.85,1.4244,9.9387,4215,190.26,185.23,AA(SO),AA(SO),0.0,0.0367,Senior,Overcollateralization,6.98,0.05,75,17,True,Assumed true sale: SPV holds legal title to the pool; no recourse to originator beyond the stated credit enhancement.,0.19,0.19,0.48,0.45,0.33,0.18,0.48
D0289,,South-HCF-D0289,Active,FY25,FY25 Q3,IIFL Finance Limited,PTC,HCF,PSL,South Indian Bank,Axis Trustee,Catalyst Trusteeship,0.8516,2024-10-08,2024-11-08,Fixed,9.75,1.73,11.48,0.7301,10.6056,15702,333.43,314.94,A+(SO),A+(SO),0.0,0.0656,Senior,Overcollateralization,21.87,0.05,64,18,True,Assumed true sale: SPV holds legal title to the pool; no recourse to originator beyond the stated credit enhancement.,0.33,0.44,0.88,0.63,0.78,0.49,0.83
D0290,,UCO-SME-D0290,Active,FY25,FY25 Q3,IIFL Finance Limited,DA,SME,NPSL,UCO Bank,IDBI Trusteeship,Vistra ITCL,0.8704,2024-10-20,2024-11-20,Fixed,9.63,3.1,12.73,0.6399,11.7926,24358,58.17,56.11,Unrated,Unrated,0.0,0.0,,None,0.0,0.05,46,14,True,Assumed true sale: outright assignment of receivables; assignee holds pro-rata beneficial interest in the underlying loans.,0.06,0.07,0.13,0.06,0.19,0.08,0.15
D0291,,Federal-BL-D0291,Active,FY26,FY26 Q4,IIFL Samasta Finance,PTC,BL,PSL,Federal Bank,Axis Trustee,Catalyst Trusteeship,0.8607,2026-03-05,2026-04-05,Fixed,10.66,2.77,13.43,0.9237,12.0354,7766,77.5,74.84,AA+(SO),AA+(SO),0.0567,0.0,Senior,First Loss Guarantee,4.39,0.05,12,5,True,Assumed true sale: SPV holds legal title to the pool; no recourse to originator beyond the stated credit enhancement.,0.08,0.05,0.15,0.12,0.28,0.07,0.19
D0292,,Federal-Gold-D0292,Active,FY26,FY26 Q3,IIFL Finance Limited,DA,Gold,NPSL,Federal Bank,Catalyst Trusteeship,IDBI Trusteeship,0.9022,2025-12-03,2026-01-03,Fixed,7.61,2.34,9.95,0.8818,9.3284,5779,227.24,216.23,AA+(SO),AA+(SO),0.0,0.0,,None,0.0,0.1,12,8,False,True-sale status not independently verified for this synthetic deal -- flagged for legal review.,0.23,0.25,0.47,0.4,0.77,0.16,0.57
D0293,,Karur-Gold-D0293,Closed,FY25,FY25 Q2,IIFL Samasta Finance,DA,Gold,NPSL,Karur Vysya Bank,Axis Trustee,Catalyst Trusteeship,0.9084,2024-08-08,2024-09-08,Fixed,10.36,1.75,12.11,1.6497,11.2984,11921,176.33,173.99,A+(SO),A+(SO),0.0,0.0,,None,0.0,0.1,10,0,True,Assumed true sale: outright assignment of receivables; assignee holds pro-rata beneficial interest in the underlying loans.,0.18,0.23,0.51,0.31,0.65,0.16,0.44
D0294,,Indian-MFI-D0294,Active,FY26,FY26 Q1,IIFL Finance Limited,DA,MFI,NPSL,Indian Overseas Bank,IDBI Trusteeship,Vistra ITCL,0.8745,2025-04-14,2025-05-14,MCLR Linked,7.69,2.21,9.9,0.8228,9.0283,17256,165.55,162.61,Unrated,Unrated,0.0,0.0,,None,0.0,0.1,20,3,True,Assumed true sale: outright assignment of receivables; assignee holds pro-rata beneficial interest in the underlying loans.,0.17,0.11,0.27,0.17,0.53,0.2,0.41
D0295,,Indian-LAP-D0295,Closed,FY25,FY25 Q3,IIFL Finance Limited,PTC,LAP,PSL,Indian Overseas Bank,Vistra ITCL,Axis Trustee,0.8619,2024-11-18,2024-12-18,MCLR Linked,8.36,1.92,10.28,1.1792,9.1786,20419,49.48,46.48,AAA(SO),AAA(SO),0.0,0.0646,Senior,Overcollateralization,3.2,0.1,56,6,True,"Assumed true sale: originator retains servicing rights only, no equitable interest retained beyond MRR.",0.05,0.05,0.07,0.05,0.08,0.06,0.12
D0296,,South-LAP-D0296,Active,FY26,FY26 Q1,IIFL Finance Limited,PTC,LAP,NPSL,South Indian Bank,Catalyst Trusteeship,Vistra ITCL,0.9438,2025-04-02,2025-05-02,MCLR Linked,9.69,3.34,13.03,0.6541,12.306,15897,128.03,117.93,AA(SO),AA(SO),0.0386,0.0,Senior,First Loss Guarantee,4.94,0.05,56,6,True,"Assumed true sale: originator retains servicing rights only, no equitable interest retained beyond MRR.",0.13,0.17,0.16,0.32,0.47,0.16,0.32
D0297,,Aditya-SME-D0297,Active,FY27,FY27 Q1,IIFL Finance Limited,PTC,SME,NPSL,Aditya Birla Capital Limited,IDBI Trusteeship,Axis Trustee,0.9137,2026-05-12,2026-06-12,MCLR Linked,10.09,2.58,12.67,1.5024,11.6482,9009,2.8,2.64,AAA(SO),AAA(SO),0.0,0.0034,Subordinate,Overcollateralization,0.01,0.1,29,4,True,Assumed true sale: SPV holds legal title to the pool; no recourse to originator beyond the stated credit enhancement.,0.0,0.0,0.01,0.0,0.01,0.0,0.01
D0298,,Aditya-SME-D0298,Closed,FY25,FY25 Q4,IIFL Finance Limited,DA,SME,NPSL,Aditya Birla Capital Limited,Axis Trustee,IDBI Trusteeship,0.9348,2025-01-23,2025-02-23,MCLR Linked,8.26,3.25,11.51,0.6585,10.8799,16707,247.81,229.29,AA+(SO),AA+(SO),0.0,0.0,,None,0.0,0.05,39,9,True,Assumed true sale: outright assignment of receivables; assignee holds pro-rata beneficial interest in the underlying loans.,0.25,0.35,0.44,0.42,0.76,0.17,0.62
D0299,,Aditya-SME-D0299,Closed,FY25,FY25 Q2,IIFL Finance Limited,DA,SME,NPSL,Aditya Birla Capital Limited,Axis Trustee,IDBI Trusteeship,0.8651,2024-09-22,2024-10-22,MCLR Linked,10.11,2.8,12.91,1.2533,11.9021,4111,169.42,157.14,AA+(SO),AA+(SO),0.0,0.0,,None,0.0,0.05,40,10,True,Assumed true sale: outright assignment of receivables; assignee holds pro-rata beneficial interest in the underlying loans.,0.17,0.09,0.26,0.19,0.53,0.21,0.42
D0300,,South-SME-D0300,Closed,FY25,FY25 Q2,IIFL Finance Limited,DA,SME,NPSL,South Indian Bank,Axis Trustee,Catalyst Trusteeship,0.872,2024-09-20,2024-10-20,MCLR Linked,9.19,2.54,11.73,1.7361,10.5383,4139,243.19,234.74,AAA(SO),AAA(SO),0.0,0.0,,None,0.0,0.05,41,9,True,Assumed true sale: outright assignment of receivables; assignee holds pro-rata beneficial interest in the underlying loans.,0.24,0.24,0.33,0.32,0.75,0.29,0.61
