deal_id,month,collections_available,servicing_fee_paid,senior_interest_paid,senior_principal_paid,subordinate_interest_paid,subordinate_principal_paid,excess_spread_to_originator,ce_opening_balance,ce_drawn_this_month,ce_closing_balance,ce_cover_ratio
D0001,2024-11-01,8.93,0.33,2.02,6.11,0.0,0.0,0.47,10.58,0.0,10.58,0.0512
D0001,2024-12-01,8.59,0.32,1.92,5.93,0.0,0.0,0.42,10.58,0.0,10.58,0.0527
D0001,2025-02-01,17.16,0.29,1.81,14.35,0.0,0.0,0.71,10.58,0.0,10.58,0.0586
D0001,2025-03-01,7.24,0.28,1.56,5.18,0.0,0.0,0.22,10.58,0.0,10.58,0.0603
D0001,2025-04-01,7.61,0.27,1.59,5.04,0.0,0.0,0.71,10.58,0.0,10.58,0.0621
D0001,2025-05-01,7.41,0.27,1.72,4.89,0.0,0.0,0.53,10.58,0.0,10.58,0.0639
D0001,2025-06-01,7.3,0.26,1.68,4.75,0.0,0.0,0.61,10.58,0.0,10.58,0.0658
D0001,2025-07-01,11.94,0.24,1.46,9.93,0.0,0.0,0.31,10.58,0.0,10.58,0.0701
D0001,2025-08-01,6.12,0.24,1.45,4.33,0.0,0.0,0.1,10.58,0.0,10.58,0.0722
D0001,2025-09-01,6.24,0.23,1.49,4.21,0.0,0.0,0.31,10.58,0.0,10.58,0.0743
D0001,2025-10-01,6.0,0.22,1.22,4.09,0.0,0.0,0.47,10.58,0.0,10.58,0.0765
D0001,2025-11-01,5.98,0.22,1.55,3.97,0.0,0.0,0.24,10.58,0.0,10.58,0.0788
D0001,2025-12-01,6.0,0.21,1.38,3.86,0.0,0.0,0.55,10.58,0.0,10.58,0.0811
D0001,2026-01-01,5.91,0.2,1.35,3.74,0.0,0.0,0.62,10.58,0.0,10.58,0.0835
D0001,2026-02-01,7.13,0.2,1.16,5.6,0.0,0.0,0.17,10.58,0.0,10.58,0.0874
D0001,2026-03-01,5.31,0.19,1.12,3.48,0.0,0.0,0.52,10.58,0.0,10.58,0.09
D0001,2026-04-01,5.02,0.18,1.09,3.37,0.0,0.0,0.38,10.58,0.0,10.58,0.0926
D0001,2026-05-01,4.77,0.18,1.16,3.28,0.0,0.0,0.15,10.58,0.0,10.58,0.0954
D0001,2026-06-01,4.43,0.17,1.04,3.18,0.0,0.0,0.04,10.58,0.0,10.58,0.0982
D0001,2026-07-01,4.55,0.17,1.06,3.1,0.0,0.0,0.22,10.58,0.0,10.58,0.1011
D0006,2024-06-01,3.25,0.05,0.65,2.48,0.0,0.0,0.07,3.02,0.0,3.02,0.0358
D0006,2024-07-01,3.08,0.05,0.57,2.31,0.0,0.0,0.15,3.02,0.0,3.02,0.0368
D0006,2024-08-01,3.22,0.04,0.55,2.4,0.0,0.0,0.23,3.02,0.0,3.02,0.0379
D0006,2024-09-01,2.79,0.04,0.66,1.95,0.0,0.0,0.14,3.02,0.0,3.02,0.0389
D0006,2024-10-01,3.02,0.04,0.68,2.03,0.0,0.0,0.27,3.02,0.0,3.02,0.0399
D0006,2024-11-01,2.69,0.04,0.51,1.78,0.0,0.0,0.36,3.02,0.0,3.02,0.0409
D0006,2024-12-01,2.94,0.04,0.6,1.96,0.0,0.0,0.34,3.02,0.0,3.02,0.042
D0006,2025-01-01,2.55,0.04,0.61,1.71,0.0,0.0,0.19,3.02,0.0,3.02,0.0431
D0006,2025-02-01,2.81,0.04,0.57,2.03,0.0,0.0,0.17,3.02,0.0,3.02,0.0443
D0006,2025-03-01,2.57,0.04,0.56,1.85,0.0,0.0,0.12,3.02,0.0,3.02,0.0456
D0006,2025-04-01,2.6,0.04,0.51,1.84,0.0,0.0,0.21,3.02,0.0,3.02,0.0469
D0006,2025-05-01,2.5,0.03,0.53,1.76,0.0,0.0,0.18,3.02,0.0,3.02,0.0482
D0006,2025-06-01,2.44,0.03,0.45,1.68,0.0,0.0,0.28,3.02,0.0,3.02,0.0495
D0006,2025-07-01,2.15,0.03,0.4,1.55,0.0,0.0,0.17,3.02,0.0,3.02,0.0508
D0006,2025-08-01,2.22,0.03,0.5,1.48,0.0,0.0,0.21,3.02,0.0,3.02,0.0521
D0006,2025-09-01,2.02,0.03,0.41,1.56,0.0,0.0,0.02,3.02,0.0,3.02,0.0535
D0006,2025-10-01,2.24,0.03,0.4,1.61,0.0,0.0,0.2,3.02,0.0,3.02,0.0551
D0006,2025-11-01,2.19,0.03,0.42,1.56,0.0,0.0,0.18,3.02,0.0,3.02,0.0567
D0006,2025-12-01,2.17,0.03,0.38,1.53,0.0,0.0,0.23,3.02,0.0,3.02,0.0584
D0006,2026-01-01,1.89,0.03,0.39,1.43,0.0,0.0,0.04,3.02,0.0,3.02,0.0601
D0006,2026-02-01,1.8,0.03,0.38,1.2,0.0,0.0,0.19,3.02,0.0,3.02,0.0615
D0006,2026-03-01,1.71,0.03,0.33,1.22,0.0,0.0,0.13,3.02,0.0,3.02,0.0631
D0006,2026-04-01,1.88,0.03,0.34,1.33,0.0,0.0,0.18,3.02,0.0,3.02,0.0649
D0006,2026-05-01,1.89,0.03,0.34,1.31,0.0,0.0,0.21,3.02,0.0,3.02,0.0668
D0006,2026-06-01,3.13,0.02,0.32,2.63,0.0,0.0,0.16,3.02,0.0,3.02,0.0709
D0006,2026-07-01,1.39,0.02,0.29,1.07,0.0,0.0,0.01,3.02,0.0,3.02,0.0728
D0007,2025-09-01,1.25,0.04,0.0,0.0,0.13,0.99,0.09,1.12,0.0,1.12,
D0007,2025-10-01,1.25,0.03,0.0,0.0,0.14,1.04,0.04,1.12,0.0,1.12,
D0007,2025-11-01,1.21,0.03,0.0,0.0,0.18,0.91,0.09,1.12,0.0,1.12,
D0007,2025-12-01,1.09,0.03,0.0,0.0,0.16,0.83,0.07,1.12,0.0,1.12,
D0007,2026-01-01,1.92,0.03,0.0,0.0,0.14,1.75,0.0,1.12,0.0,1.12,
D0007,2026-02-01,0.95,0.03,0.0,0.0,0.12,0.75,0.05,1.12,0.0,1.12,
D0007,2026-03-01,0.98,0.03,0.0,0.0,0.11,0.79,0.05,1.12,0.0,1.12,
D0007,2026-04-01,0.8,0.02,0.0,0.0,0.1,0.68,0.0,1.12,0.03,1.09,
D0007,2026-05-01,0.78,0.02,0.0,0.0,0.1,0.66,0.0,1.09,0.03,1.06,
D0007,2026-06-01,0.71,0.02,0.0,0.0,0.1,0.59,0.0,1.06,0.03,1.03,
D0007,2026-07-01,0.82,0.02,0.0,0.0,0.11,0.65,0.04,1.03,0.0,1.03,
D0008,2024-09-01,14.55,0.51,3.48,10.06,0.0,0.0,0.5,16.39,0.0,16.39,0.0512
D0008,2024-10-01,14.77,0.49,3.18,10.05,0.0,0.0,1.05,16.39,0.0,16.39,0.0528
D0008,2024-12-01,13.67,0.46,2.83,9.62,0.0,0.0,0.76,16.39,0.0,16.39,0.0563
D0008,2025-01-01,13.52,0.45,2.8,8.93,0.0,0.0,1.34,16.39,0.0,16.39,0.0581
D0008,2025-02-01,13.33,0.43,3.1,8.55,0.0,0.0,1.25,16.39,0.0,16.39,0.0599
D0008,2025-03-01,12.25,0.42,2.67,8.24,0.0,0.0,0.92,16.39,0.0,16.39,0.0618
D0008,2025-04-01,11.36,0.41,2.4,7.61,0.0,0.0,0.94,16.39,0.0,16.39,0.0636
D0008,2025-05-01,11.98,0.4,2.44,8.04,0.0,0.0,1.1,16.39,0.0,16.39,0.0657
D0008,2025-06-01,10.13,0.38,2.34,7.34,0.0,0.0,0.07,16.39,0.0,16.39,0.0676
D0008,2025-07-01,11.71,0.37,2.51,7.66,0.0,0.0,1.17,16.39,0.0,16.39,0.0699
D0008,2025-09-01,10.05,0.35,2.16,6.55,0.0,0.0,0.99,16.39,0.0,16.39,0.0742
D0008,2025-10-01,10.11,0.34,2.2,6.56,0.0,0.0,1.01,16.39,0.0,16.39,0.0764
D0008,2025-12-01,16.1,0.31,2.18,13.48,0.0,0.0,0.13,16.39,0.0,16.39,0.0844
D0008,2026-01-01,8.39,0.3,1.64,5.85,0.0,0.0,0.6,16.39,0.0,16.39,0.087
D0008,2026-02-01,15.86,0.28,1.51,13.4,0.0,0.0,0.67,16.39,0.0,16.39,0.0937
D0008,2026-03-01,8.23,0.27,1.79,5.56,0.0,0.0,0.61,16.39,0.0,16.39,0.0968
D0008,2026-04-01,7.58,0.26,1.66,4.91,0.0,0.0,0.75,16.39,0.0,16.39,0.0997
D0008,2026-05-01,7.07,0.25,1.57,4.87,0.0,0.0,0.38,16.39,0.0,16.39,0.1027
D0008,2026-06-01,7.59,0.24,1.58,5.16,0.0,0.0,0.61,16.39,0.0,16.39,0.1062
D0008,2026-07-01,6.97,0.24,1.46,4.68,0.0,0.0,0.59,16.39,0.0,16.39,0.1095
D0009,2025-03-01,9.83,0.22,2.41,6.26,0.0,0.0,0.94,13.77,0.0,13.77,0.0592
D0009,2025-04-01,8.76,0.21,2.42,5.89,0.0,0.0,0.24,13.77,0.0,13.77,0.0608
D0009,2025-05-01,9.43,0.21,2.37,6.0,0.0,0.0,0.85,13.77,0.0,13.77,0.0624
D0009,2025-06-01,8.17,0.2,2.21,5.65,0.0,0.0,0.11,13.77,0.0,13.77,0.0641
D0009,2025-07-01,8.72,0.2,2.36,5.33,0.0,0.0,0.83,13.77,0.0,13.77,0.0657
D0009,2025-08-01,7.95,0.19,2.08,5.26,0.0,0.0,0.42,13.77,0.0,13.77,0.0674
D0009,2025-09-01,8.5,0.19,2.16,5.53,0.0,0.0,0.62,13.77,0.0,13.77,0.0693
D0011,2024-07-01,8.29,0.09,1.47,6.23,0.0,0.0,0.5,6.62,0.0,6.62,0.0526
D0011,2024-08-01,7.3,0.09,1.2,5.49,0.0,0.0,0.52,6.62,0.0,6.62,0.055
D0011,2024-09-01,6.71,0.09,1.2,5.41,0.0,0.0,0.01,6.62,0.0,6.62,0.0576
D0011,2024-10-01,7.41,0.08,1.17,5.83,0.0,0.0,0.33,6.62,0.0,6.62,0.0606
D0011,2024-11-01,6.92,0.08,1.15,5.46,0.0,0.0,0.23,6.62,0.0,6.62,0.0638
D0011,2024-12-01,5.83,0.07,1.08,4.54,0.0,0.0,0.14,6.62,0.0,6.62,0.0667
D0011,2025-01-01,6.21,0.07,1.01,4.66,0.0,0.0,0.47,6.62,0.0,6.62,0.07
D0011,2025-02-01,5.98,0.07,0.95,4.68,0.0,0.0,0.28,6.62,0.0,6.62,0.0737
D0011,2025-03-01,7.34,0.06,0.9,6.31,0.0,0.0,0.07,6.62,0.0,6.62,0.0793
D0011,2025-04-01,5.46,0.06,0.92,4.25,0.0,0.0,0.23,6.62,0.0,6.62,0.0835
D0011,2025-05-01,6.35,0.05,0.78,5.5,0.0,0.0,0.02,6.62,0.0,6.62,0.0897
D0011,2025-06-01,4.28,0.05,0.83,3.18,0.0,0.0,0.22,6.62,0.0,6.62,0.0938
D0011,2025-07-01,4.39,0.05,0.73,3.57,0.0,0.0,0.04,6.62,0.0,6.62,0.0988
D0011,2025-08-01,3.82,0.05,0.6,3.13,0.0,0.0,0.04,6.62,0.0,6.62,0.1036
D0011,2025-09-01,3.59,0.05,0.68,2.82,0.0,0.0,0.04,6.62,0.0,6.62,0.1084
D0011,2025-10-01,3.74,0.04,0.67,2.93,0.0,0.0,0.1,6.62,0.0,6.62,0.1138
D0011,2025-11-01,3.26,0.04,0.63,2.49,0.0,0.0,0.1,6.62,0.0,6.62,0.1189
D0011,2025-12-01,3.56,0.04,0.55,2.81,0.0,0.0,0.16,6.62,0.0,6.62,0.1253
D0011,2026-01-01,3.29,0.04,0.53,2.48,0.0,0.0,0.24,6.62,0.0,6.62,0.1314
D0011,2026-02-01,2.81,0.04,0.54,2.22,0.0,0.0,0.01,6.62,0.0,6.62,0.1375
D0011,2026-03-01,2.99,0.03,0.47,2.28,0.0,0.0,0.21,6.62,0.0,6.62,0.1443
D0011,2026-04-01,2.66,0.03,0.43,2.03,0.0,0.0,0.17,6.62,0.0,6.62,0.151
D0011,2026-05-01,2.69,0.03,0.47,2.13,0.0,0.0,0.06,6.62,0.0,6.62,0.1587
D0011,2026-06-01,2.4,0.03,0.42,1.83,0.0,0.0,0.12,6.62,0.0,6.62,0.166
D0011,2026-07-01,2.22,0.03,0.43,1.76,0.0,0.0,0.0,6.62,0.0,6.62,0.1737
D0015,2025-01-01,3.09,0.05,0.57,2.27,0.0,0.0,0.2,0.33,0.0,0.33,0.0052
D0015,2025-02-01,2.78,0.05,0.48,2.11,0.0,0.0,0.14,0.33,0.0,0.33,0.0054
D0015,2025-03-01,2.72,0.05,0.5,2.0,0.0,0.0,0.17,0.33,0.0,0.33,0.0056
D0015,2025-04-01,2.7,0.05,0.49,2.13,0.0,0.0,0.03,0.33,0.0,0.33,0.0058
D0015,2025-05-01,2.98,0.04,0.5,2.23,0.0,0.0,0.21,0.33,0.0,0.33,0.006
D0015,2025-06-01,2.61,0.04,0.38,1.99,0.0,0.0,0.2,0.33,0.0,0.33,0.0063
D0015,2025-07-01,2.24,0.04,0.42,1.78,0.0,0.0,0.0,0.33,0.08,0.25,0.0049
D0015,2025-08-01,2.28,0.04,0.39,1.85,0.0,0.0,0.0,0.25,0.06,0.19,0.0039
D0015,2025-09-01,2.23,0.04,0.35,1.69,0.0,0.0,0.15,0.19,0.0,0.19,0.004
D0015,2025-10-01,2.01,0.04,0.42,1.5,0.0,0.0,0.05,0.19,0.0,0.19,0.0041
D0015,2025-11-01,1.99,0.04,0.38,1.57,0.0,0.0,0.0,0.19,0.04,0.15,0.0034
D0015,2025-12-01,2.02,0.03,0.35,1.64,0.0,0.0,0.0,0.15,0.09,0.06,0.0014
D0015,2026-01-01,1.9,0.03,0.33,1.43,0.0,0.0,0.11,0.06,0.0,0.06,0.0015
D0015,2026-02-01,1.96,0.03,0.38,1.58,0.0,0.0,0.0,0.06,0.06,0.0,0.0
D0015,2026-03-01,2.56,0.03,0.3,2.05,0.0,0.0,0.18,0.0,0.0,0.0,0.0
D0015,2026-04-01,1.57,0.03,0.32,1.16,0.0,0.0,0.06,0.0,0.0,0.0,0.0
D0015,2026-06-01,1.62,0.03,0.31,1.24,0.0,0.0,0.04,0.0,0.0,0.0,0.0
D0016,2025-08-01,9.96,0.22,2.21,6.39,0.0,0.0,1.14,30.47,0.0,30.47,0.1245
D0016,2025-09-01,9.08,0.21,2.18,6.05,0.0,0.0,0.64,30.47,0.0,30.47,0.1277
D0016,2025-10-01,9.39,0.21,2.15,6.12,0.0,0.0,0.91,30.47,0.0,30.47,0.1311
D0016,2025-11-01,9.5,0.2,2.31,5.95,0.0,0.0,1.04,30.47,0.0,30.47,0.1345
D0016,2025-12-01,8.85,0.2,2.11,5.59,0.0,0.0,0.95,30.47,0.0,30.47,0.1379
D0016,2026-01-01,8.32,0.19,1.8,5.66,0.0,0.0,0.67,30.47,0.0,30.47,0.1415
D0016,2026-02-01,8.35,0.19,2.01,5.37,0.0,0.0,0.78,30.47,0.0,30.47,0.1451
D0016,2026-03-01,7.47,0.18,1.71,5.37,0.0,0.0,0.21,30.47,0.0,30.47,0.149
D0016,2026-04-01,11.2,0.17,2.04,8.31,0.0,0.0,0.68,30.47,0.0,30.47,0.1553
D0016,2026-05-01,7.73,0.17,1.84,4.92,0.0,0.0,0.8,30.47,0.0,30.47,0.1593
D0016,2026-06-01,6.71,0.17,1.48,4.91,0.0,0.0,0.15,30.47,0.0,30.47,0.1634
D0016,2026-07-01,6.71,0.16,1.67,4.73,0.0,0.0,0.15,30.47,0.0,30.47,0.1677
D0018,2026-01-01,9.92,0.14,1.24,8.15,0.0,0.0,0.39,4.75,0.0,4.75,0.0386
D0018,2026-02-01,8.88,0.13,1.21,7.08,0.0,0.0,0.46,4.75,0.0,4.75,0.0409
D0018,2026-03-01,9.25,0.13,1.21,7.81,0.0,0.0,0.1,4.75,0.0,4.75,0.0439
D0018,2026-04-01,8.37,0.12,1.09,7.0,0.0,0.0,0.16,4.75,0.0,4.75,0.0469
D0018,2026-05-01,7.67,0.11,1.02,6.47,0.0,0.0,0.07,4.75,0.0,4.75,0.0501
D0018,2026-06-01,7.06,0.1,0.91,5.82,0.0,0.0,0.23,4.75,0.0,4.75,0.0534
D0018,2026-07-01,7.18,0.1,0.82,6.26,0.0,0.0,0.0,4.75,0.15,4.6,0.0556
D0022,2024-11-01,6.23,0.07,0.8,5.09,0.0,0.0,0.27,0.0,0.0,0.0,0.0
D0022,2024-12-01,7.04,0.06,0.79,5.91,0.0,0.0,0.28,0.0,0.0,0.0,0.0
D0022,2025-01-01,6.05,0.06,0.83,4.88,0.0,0.0,0.28,0.0,0.0,0.0,0.0
D0022,2025-02-01,6.39,0.06,0.75,5.23,0.0,0.0,0.35,0.0,0.0,0.0,0.0
D0022,2025-03-01,5.77,0.05,0.65,4.79,0.0,0.0,0.28,0.0,0.0,0.0,0.0
D0022,2025-04-01,5.62,0.05,0.67,4.71,0.0,0.0,0.19,0.0,0.0,0.0,0.0
D0022,2025-05-01,4.2,0.05,0.68,3.28,0.0,0.0,0.19,0.0,0.0,0.0,0.0
D0022,2025-06-01,4.56,0.05,0.57,3.8,0.0,0.0,0.14,0.0,0.0,0.0,0.0
D0022,2025-07-01,4.48,0.04,0.56,3.87,0.0,0.0,0.01,0.0,0.0,0.0,0.0
D0022,2025-08-01,4.21,0.04,0.46,3.7,0.0,0.0,0.01,0.0,0.0,0.0,0.0
D0022,2025-09-01,3.31,0.04,0.44,2.71,0.0,0.0,0.12,0.0,0.0,0.0,0.0
D0022,2025-10-01,3.25,0.04,0.46,2.55,0.0,0.0,0.2,0.0,0.0,0.0,0.0
D0022,2025-11-01,3.34,0.04,0.47,2.82,0.0,0.0,0.01,0.0,0.0,0.0,0.0
D0022,2025-12-01,3.77,0.03,0.48,3.15,0.0,0.0,0.11,0.0,0.0,0.0,0.0
D0022,2026-01-01,3.31,0.03,0.4,2.85,0.0,0.0,0.03,0.0,0.0,0.0,0.0
D0022,2026-02-01,3.37,0.03,0.36,2.81,0.0,0.0,0.17,0.0,0.0,0.0,0.0
D0022,2026-03-01,2.63,0.03,0.41,2.15,0.0,0.0,0.04,0.0,0.0,0.0,0.0
D0022,2026-04-01,3.09,0.03,0.33,2.64,0.0,0.0,0.09,0.0,0.0,0.0,0.0
D0022,2026-05-01,2.82,0.03,0.34,2.25,0.0,0.0,0.2,0.0,0.0,0.0,0.0
D0022,2026-06-01,2.53,0.03,0.33,2.02,0.0,0.0,0.15,0.0,0.0,0.0,0.0
D0022,2026-07-01,2.5,0.02,0.34,1.97,0.0,0.0,0.17,0.0,0.0,0.0,0.0
D0024,2025-02-01,1.87,0.07,0.45,1.16,0.0,0.0,0.19,3.27,0.0,3.27,0.0775
D0024,2025-03-01,1.73,0.06,0.47,1.16,0.0,0.0,0.04,3.27,0.0,3.27,0.0797
D0024,2025-04-01,1.59,0.06,0.43,1.01,0.0,0.0,0.09,3.27,0.0,3.27,0.0817
D0024,2025-05-01,1.5,0.06,0.41,0.94,0.0,0.0,0.09,3.27,0.0,3.27,0.0837
D0024,2025-06-01,1.47,0.06,0.4,1.01,0.0,0.0,0.0,3.27,0.0,3.27,0.0859
D0024,2025-07-01,1.57,0.06,0.39,0.98,0.0,0.0,0.14,3.27,0.0,3.27,0.0882
D0024,2025-08-01,1.53,0.06,0.41,0.95,0.0,0.0,0.11,3.27,0.0,3.27,0.0905
D0024,2025-09-01,1.27,0.06,0.36,0.84,0.0,0.0,0.01,3.27,0.0,3.27,0.0926
D0024,2025-10-01,1.48,0.05,0.37,0.93,0.0,0.0,0.13,3.27,0.0,3.27,0.0951
D0024,2025-11-01,1.3,0.05,0.36,0.88,0.0,0.0,0.01,3.27,0.0,3.27,0.0976
D0024,2026-01-01,1.3,0.05,0.35,0.82,0.0,0.0,0.08,3.27,0.0,3.27,0.1028
D0024,2026-02-01,1.3,0.05,0.33,0.76,0.0,0.0,0.16,3.27,0.0,3.27,0.1053
D0024,2026-03-01,1.3,0.05,0.29,0.85,0.0,0.0,0.11,3.27,0.0,3.27,0.1083
D0024,2026-04-01,1.19,0.05,0.3,0.75,0.0,0.0,0.09,3.27,0.0,3.27,0.111
D0024,2026-05-01,1.21,0.05,0.29,0.81,0.0,0.0,0.06,3.27,0.0,3.27,0.1142
D0024,2026-06-01,1.29,0.04,0.33,0.79,0.0,0.0,0.13,3.27,0.0,3.27,0.1174
D0025,2025-05-01,7.78,0.23,1.28,5.86,0.0,0.0,0.41,9.72,0.0,9.72,0.0594
D0025,2025-06-01,8.88,0.22,1.49,6.65,0.0,0.0,0.52,9.72,0.0,9.72,0.0619
D0025,2025-08-01,7.41,0.2,1.31,5.78,0.0,0.0,0.12,9.72,0.0,9.72,0.0669
D0025,2025-09-01,8.25,0.19,1.08,6.31,0.0,0.0,0.67,9.72,0.0,9.72,0.07
D0025,2025-10-01,6.54,0.19,1.17,5.05,0.0,0.0,0.13,9.72,0.0,9.72,0.0726
D0025,2025-11-01,7.26,0.18,0.91,5.79,0.0,0.0,0.38,9.72,0.0,9.72,0.0759
D0025,2025-12-01,6.04,0.17,1.0,4.6,0.0,0.0,0.27,9.72,0.0,9.72,0.0787
D0025,2026-01-01,5.99,0.17,0.89,4.43,0.0,0.0,0.5,9.72,0.0,9.72,0.0816
D0025,2026-02-01,5.1,0.16,0.9,3.82,0.0,0.0,0.22,9.72,0.0,9.72,0.0843
D0025,2026-03-01,6.46,0.15,1.09,4.78,0.0,0.0,0.44,9.72,0.0,9.72,0.088
D0025,2026-04-01,6.18,0.15,0.85,4.75,0.0,0.0,0.43,9.72,0.0,9.72,0.0919
D0025,2026-05-01,4.76,0.14,0.86,3.61,0.0,0.0,0.15,9.72,0.0,9.72,0.0952
D0025,2026-06-01,4.45,0.14,0.69,3.48,0.0,0.0,0.14,9.72,0.0,9.72,0.0986
D0025,2026-07-01,5.05,0.13,0.86,4.01,0.0,0.0,0.05,9.72,0.0,9.72,0.1027
D0026,2025-02-01,29.44,0.31,2.92,25.13,0.0,0.0,1.08,21.3,0.0,21.3,0.0669
D0026,2025-03-01,20.26,0.3,2.75,16.32,0.0,0.0,0.89,21.3,0.0,21.3,0.0705
D0026,2025-04-01,19.15,0.28,2.35,15.55,0.0,0.0,0.97,21.3,0.0,21.3,0.0743
D0026,2025-05-01,18.54,0.27,2.36,14.57,0.0,0.0,1.34,21.3,0.0,21.3,0.0783
D0026,2025-06-01,17.93,0.25,2.43,14.07,0.0,0.0,1.18,21.3,0.0,21.3,0.0826
D0026,2025-07-01,15.86,0.24,2.01,13.06,0.0,0.0,0.55,21.3,0.0,21.3,0.087
D0026,2025-08-01,16.05,0.23,1.86,13.13,0.0,0.0,0.83,21.3,0.0,21.3,0.0919
D0026,2025-09-01,14.88,0.22,1.98,12.06,0.0,0.0,0.62,21.3,0.0,21.3,0.097
D0026,2025-10-01,14.03,0.21,1.9,11.37,0.0,0.0,0.55,21.3,0.0,21.3,0.1023
D0026,2025-11-01,13.29,0.19,1.7,11.01,0.0,0.0,0.39,21.3,0.0,21.3,0.108
D0026,2025-12-01,11.85,0.19,1.68,9.84,0.0,0.0,0.14,21.3,0.0,21.3,0.1136
D0026,2026-01-01,12.31,0.18,1.54,10.05,0.0,0.0,0.54,21.3,0.0,21.3,0.1201
D0026,2026-02-01,10.7,0.17,1.51,8.94,0.0,0.0,0.08,21.3,0.0,21.3,0.1264
D0026,2026-03-01,11.21,0.16,1.43,8.98,0.0,0.0,0.64,21.3,0.0,21.3,0.1336
D0026,2026-04-01,9.76,0.15,1.37,7.97,0.0,0.0,0.27,21.3,0.0,21.3,0.1406
D0026,2026-05-01,9.45,0.14,1.32,7.76,0.0,0.0,0.23,21.3,0.0,21.3,0.1482
D0026,2026-06-01,9.42,0.13,1.2,7.6,0.0,0.0,0.49,21.3,0.0,21.3,0.1564
D0026,2026-07-01,8.83,0.13,1.22,7.28,0.0,0.0,0.2,21.3,0.0,21.3,0.1653
D0028,2025-04-01,1.09,0.01,0.0,0.0,0.17,0.87,0.04,0.01,0.0,0.01,
D0028,2025-05-01,0.91,0.01,0.0,0.0,0.16,0.72,0.02,0.01,0.0,0.01,
D0028,2025-06-01,0.91,0.01,0.0,0.0,0.15,0.69,0.06,0.01,0.0,0.01,
D0028,2025-07-01,0.83,0.01,0.0,0.0,0.14,0.64,0.04,0.01,0.0,0.01,
D0028,2025-09-01,0.88,0.01,0.0,0.0,0.13,0.69,0.05,0.01,0.0,0.01,
D0028,2025-10-01,0.67,0.01,0.0,0.0,0.12,0.51,0.03,0.01,0.0,0.01,
D0028,2025-11-01,0.64,0.01,0.0,0.0,0.12,0.5,0.01,0.01,0.0,0.01,
D0028,2025-12-01,0.67,0.01,0.0,0.0,0.12,0.5,0.04,0.01,0.0,0.01,
D0028,2026-01-01,0.65,0.01,0.0,0.0,0.11,0.49,0.04,0.01,0.0,0.01,
D0028,2026-02-01,0.51,0.01,0.0,0.0,0.1,0.39,0.01,0.01,0.0,0.01,
D0028,2026-03-01,0.67,0.01,0.0,0.0,0.11,0.54,0.01,0.01,0.0,0.01,
D0028,2026-04-01,0.53,0.01,0.0,0.0,0.11,0.36,0.05,0.01,0.0,0.01,
D0028,2026-05-01,0.53,0.01,0.0,0.0,0.09,0.41,0.02,0.01,0.0,0.01,
D0028,2026-06-01,0.6,0.01,0.0,0.0,0.09,0.46,0.04,0.01,0.0,0.01,
D0028,2026-07-01,0.52,0.01,0.0,0.0,0.08,0.42,0.01,0.01,0.0,0.01,
D0029,2026-04-01,20.94,0.13,2.38,17.47,0.0,0.0,0.96,13.66,0.0,13.66,0.0562
D0029,2026-05-01,16.67,0.12,2.83,13.48,0.0,0.0,0.24,13.66,0.0,13.66,0.0595
D0029,2026-06-01,18.63,0.11,2.31,15.89,0.0,0.0,0.32,13.66,0.0,13.66,0.0639
D0029,2026-07-01,16.21,0.11,2.25,13.35,0.0,0.0,0.5,13.66,0.0,13.66,0.0682
D0031,2025-06-01,2.0,0.02,0.24,1.61,0.0,0.0,0.13,0.57,0.0,0.57,0.0199
D0031,2025-07-01,1.8,0.02,0.23,1.43,0.0,0.0,0.12,0.57,0.0,0.57,0.021
D0031,2025-08-01,1.5,0.02,0.24,1.16,0.0,0.0,0.08,0.57,0.0,0.57,0.0219
D0031,2025-09-01,1.36,0.02,0.21,1.08,0.0,0.0,0.05,0.57,0.0,0.57,0.0229
D0031,2025-10-01,1.21,0.02,0.21,0.97,0.0,0.0,0.01,0.57,0.0,0.57,0.0238
D0031,2025-11-01,1.31,0.02,0.2,1.09,0.0,0.0,0.0,0.57,0.03,0.54,0.0236
D0031,2025-12-01,1.09,0.02,0.18,0.89,0.0,0.0,0.0,0.54,0.02,0.52,0.0237
D0031,2026-02-01,1.17,0.02,0.18,0.97,0.0,0.0,0.0,0.52,0.01,0.51,0.0255
D0031,2026-03-01,0.94,0.01,0.18,0.75,0.0,0.0,0.0,0.51,0.03,0.48,0.0249
D0031,2026-04-01,1.04,0.01,0.18,0.85,0.0,0.0,0.0,0.48,0.04,0.44,0.0239
D0031,2026-05-01,1.14,0.01,0.17,0.93,0.0,0.0,0.03,0.44,0.0,0.44,0.0252
D0031,2026-06-01,1.07,0.01,0.15,0.87,0.0,0.0,0.04,0.44,0.0,0.44,0.0265
D0031,2026-07-01,1.44,0.01,0.14,1.22,0.0,0.0,0.07,0.44,0.0,0.44,0.0286
D0033,2026-05-01,2.45,0.05,0.29,2.04,0.0,0.0,0.07,0.17,0.0,0.17,0.0056
D0033,2026-06-01,2.23,0.04,0.29,1.79,0.0,0.0,0.11,0.17,0.0,0.17,0.0059
D0033,2026-07-01,2.12,0.04,0.27,1.76,0.0,0.0,0.05,0.17,0.0,0.17,0.0063
D0034,2025-12-01,12.36,0.2,1.51,10.15,0.0,0.0,0.5,8.78,0.0,8.78,0.056
D0034,2026-02-01,10.2,0.17,1.28,8.11,0.0,0.0,0.64,8.78,0.0,8.78,0.0643
D0034,2026-03-01,8.0,0.17,1.35,6.33,0.0,0.0,0.15,8.78,0.0,8.78,0.0675
D0034,2026-04-01,8.13,0.16,1.2,6.21,0.0,0.0,0.56,8.78,0.0,8.78,0.0708
D0034,2026-05-01,8.32,0.15,1.03,7.11,0.0,0.0,0.03,8.78,0.0,8.78,0.0751
D0034,2026-06-01,7.04,0.14,1.06,5.48,0.0,0.0,0.36,8.78,0.0,8.78,0.0788
D0034,2026-07-01,7.25,0.13,0.97,5.93,0.0,0.0,0.22,8.78,0.0,8.78,0.0833
D0035,2025-09-01,20.04,0.43,2.16,17.31,0.0,0.0,0.14,17.75,0.0,17.75,0.0611
D0035,2025-10-01,32.68,0.38,2.34,29.05,0.0,0.0,0.91,17.75,0.0,17.75,0.0679
D0035,2025-11-01,19.79,0.36,2.32,16.71,0.0,0.0,0.4,17.75,0.0,17.75,0.0726
D0035,2025-12-01,18.9,0.34,2.12,16.19,0.0,0.0,0.25,17.75,0.0,17.75,0.0777
D0035,2026-01-01,16.32,0.32,2.07,13.4,0.0,0.0,0.53,17.75,0.0,17.75,0.0826
D0035,2026-02-01,15.66,0.3,1.73,12.72,0.0,0.0,0.91,17.75,0.0,17.75,0.0877
D0035,2026-03-01,14.8,0.28,1.49,12.09,0.0,0.0,0.94,17.75,0.0,17.75,0.0933
D0035,2026-04-01,12.59,0.26,1.6,10.54,0.0,0.0,0.19,17.75,0.0,17.75,0.0988
D0035,2026-05-01,13.96,0.25,1.48,11.62,0.0,0.0,0.61,17.75,0.0,17.75,0.1056
D0035,2026-06-01,12.29,0.23,1.48,10.21,0.0,0.0,0.37,17.75,0.0,17.75,0.1125
D0035,2026-07-01,12.02,0.22,1.18,10.2,0.0,0.0,0.42,17.75,0.0,17.75,0.1202
D0037,2024-07-01,1.74,0.01,0.29,1.32,0.0,0.0,0.12,1.05,0.0,1.05,0.0363
D0037,2024-08-01,1.72,0.01,0.29,1.4,0.0,0.0,0.02,1.05,0.0,1.05,0.0382
D0037,2024-09-01,1.43,0.01,0.26,1.04,0.0,0.0,0.12,1.05,0.0,1.05,0.0397
D0037,2024-10-01,1.67,0.01,0.25,1.29,0.0,0.0,0.12,1.05,0.0,1.05,0.0417
D0037,2024-11-01,1.43,0.01,0.23,1.16,0.0,0.0,0.03,1.05,0.0,1.05,0.0438
D0037,2024-12-01,1.58,0.01,0.24,1.23,0.0,0.0,0.1,1.05,0.0,1.05,0.0461
D0037,2025-01-01,1.63,0.01,0.21,1.37,0.0,0.0,0.04,1.05,0.0,1.05,0.0491
D0037,2025-02-01,1.2,0.01,0.19,0.98,0.0,0.0,0.02,1.05,0.0,1.05,0.0514
D0037,2025-03-01,1.27,0.01,0.19,1.03,0.0,0.0,0.04,1.05,0.0,1.05,0.0542
D0037,2025-04-01,1.01,0.01,0.17,0.78,0.0,0.0,0.05,1.05,0.0,1.05,0.0564
D0037,2025-05-01,1.25,0.01,0.18,1.01,0.0,0.0,0.05,1.05,0.0,1.05,0.0597
D0037,2025-06-01,0.91,0.01,0.14,0.73,0.0,0.0,0.03,1.05,0.0,1.05,0.0622
D0037,2025-07-01,1.11,0.01,0.16,0.93,0.0,0.0,0.01,1.05,0.0,1.05,0.0659
D0037,2025-08-01,1.01,0.01,0.14,0.8,0.0,0.0,0.06,1.05,0.0,1.05,0.0694
D0037,2025-09-01,0.77,0.01,0.15,0.58,0.0,0.0,0.03,1.05,0.0,1.05,0.0721
D0037,2025-10-01,0.76,0.01,0.13,0.57,0.0,0.0,0.05,1.05,0.0,1.05,0.0751
D0037,2025-11-01,0.79,0.01,0.14,0.59,0.0,0.0,0.05,1.05,0.0,1.05,0.0784
D0037,2025-12-01,0.69,0.01,0.13,0.54,0.0,0.0,0.01,1.05,0.0,1.05,0.0816
D0037,2026-01-01,0.78,0.01,0.1,0.64,0.0,0.0,0.03,1.05,0.0,1.05,0.0859
D0037,2026-02-01,0.81,0.01,0.11,0.64,0.0,0.0,0.05,1.05,0.0,1.05,0.0907
D0037,2026-03-01,0.67,0.01,0.11,0.55,0.0,0.0,0.0,1.05,0.0,1.05,0.0952
D0037,2026-04-01,0.64,0.0,0.11,0.51,0.0,0.0,0.02,1.05,0.0,1.05,0.0998
D0037,2026-05-01,0.58,0.0,0.11,0.44,0.0,0.0,0.03,1.05,0.0,1.05,0.1042
D0037,2026-07-01,0.49,0.0,0.09,0.37,0.0,0.0,0.03,1.05,0.0,1.05,0.114
D0039,2025-06-01,13.94,0.33,2.4,10.75,0.0,0.0,0.46,11.42,0.0,11.42,0.0389
D0039,2025-07-01,13.34,0.32,2.44,9.66,0.0,0.0,0.92,11.42,0.0,11.42,0.0402
D0039,2025-08-01,12.56,0.31,2.68,9.22,0.0,0.0,0.35,11.42,0.0,11.42,0.0415
D0039,2025-09-01,13.11,0.29,2.83,9.18,0.0,0.0,0.81,11.42,0.0,11.42,0.043
D0039,2025-10-01,12.54,0.28,2.35,8.87,0.0,0.0,1.04,11.42,0.0,11.42,0.0445
D0039,2025-11-01,12.73,0.27,2.43,9.04,0.0,0.0,0.99,11.42,0.0,11.42,0.0461
D0039,2025-12-01,11.42,0.27,2.18,8.26,0.0,0.0,0.71,11.42,0.0,11.42,0.0477
D0039,2026-01-01,11.04,0.26,2.2,7.93,0.0,0.0,0.65,11.42,0.0,11.42,0.0493
D0039,2026-02-01,10.41,0.25,2.06,7.36,0.0,0.0,0.74,11.42,0.0,11.42,0.0509
D0039,2026-03-01,10.18,0.24,2.15,7.45,0.0,0.0,0.34,11.42,0.0,11.42,0.0527
D0039,2026-04-01,10.29,0.23,2.26,7.09,0.0,0.0,0.71,11.42,0.0,11.42,0.0545
D0039,2026-05-01,10.32,0.22,1.72,7.4,0.0,0.0,0.98,11.42,0.0,11.42,0.0564
D0039,2026-06-01,9.71,0.22,1.72,7.03,0.0,0.0,0.74,11.42,0.0,11.42,0.0585
D0039,2026-07-01,9.14,0.21,1.88,6.43,0.0,0.0,0.62,11.42,0.0,11.42,0.0605
D0041,2025-03-01,6.9,0.09,1.13,5.58,0.0,0.0,0.1,12.25,0.0,12.25,0.1083
D0041,2025-04-01,6.32,0.08,0.94,5.16,0.0,0.0,0.14,12.25,0.0,12.25,0.1135
D0041,2025-05-01,6.06,0.08,1.11,4.77,0.0,0.0,0.1,12.25,0.0,12.25,0.1187
D0041,2025-06-01,6.24,0.08,0.93,5.09,0.0,0.0,0.14,12.25,0.0,12.25,0.1249
D0041,2025-07-01,10.33,0.07,0.83,9.0,0.0,0.0,0.43,12.25,0.0,12.25,0.1375
D0041,2025-08-01,5.47,0.07,0.79,4.21,0.0,0.0,0.4,12.25,0.0,12.25,0.1443
D0041,2025-09-01,5.01,0.06,0.86,3.8,0.0,0.0,0.29,12.25,0.0,12.25,0.151
D0041,2025-10-01,4.9,0.06,0.83,3.96,0.0,0.0,0.05,12.25,0.0,12.25,0.1588
D0041,2025-11-01,4.39,0.06,0.77,3.38,0.0,0.0,0.18,12.25,0.0,12.25,0.1661
D0041,2025-12-01,5.0,0.05,0.75,3.87,0.0,0.0,0.33,12.25,0.0,12.25,0.1753
D0041,2026-01-01,4.45,0.05,0.71,3.67,0.0,0.0,0.02,12.25,0.0,12.25,0.185
D0041,2026-02-01,4.06,0.05,0.61,3.29,0.0,0.0,0.11,12.25,0.0,12.25,0.1947
D0041,2026-03-01,4.09,0.05,0.59,3.19,0.0,0.0,0.26,12.25,0.0,12.25,0.2051
D0041,2026-04-01,3.82,0.04,0.59,3.13,0.0,0.0,0.06,12.25,0.0,12.25,0.2164
D0041,2026-05-01,3.47,0.04,0.5,2.76,0.0,0.0,0.17,12.25,0.0,12.25,0.2275
D0041,2026-06-01,3.31,0.04,0.51,2.62,0.0,0.0,0.14,12.25,0.0,12.25,0.2391
D0041,2026-07-01,3.05,0.04,0.54,2.47,0.0,0.0,0.0,12.25,0.0,12.25,0.2512
D0042,2024-09-01,1.77,0.03,0.31,1.37,0.0,0.0,0.06,1.52,0.0,1.52,0.0538
D0042,2024-10-01,1.7,0.03,0.28,1.35,0.0,0.0,0.04,1.52,0.0,1.52,0.0565
D0042,2024-11-01,1.58,0.02,0.28,1.27,0.0,0.0,0.01,1.52,0.0,1.52,0.0593
D0042,2024-12-01,1.56,0.02,0.25,1.22,0.0,0.0,0.07,1.52,0.0,1.52,0.0622
D0042,2025-01-01,1.43,0.02,0.23,1.14,0.0,0.0,0.04,1.52,0.0,1.52,0.0653
D0042,2025-02-01,1.41,0.02,0.24,1.08,0.0,0.0,0.07,1.52,0.0,1.52,0.0684
D0042,2025-03-01,1.34,0.02,0.23,1.08,0.0,0.0,0.01,1.52,0.0,1.52,0.0719
D0042,2025-04-01,1.22,0.02,0.19,1.01,0.0,0.0,0.0,1.52,0.0,1.52,0.0755
D0042,2025-05-01,1.19,0.02,0.19,0.96,0.0,0.0,0.02,1.52,0.0,1.52,0.0793
D0042,2025-06-01,1.18,0.02,0.18,0.92,0.0,0.0,0.06,1.52,0.0,1.52,0.0833
D0042,2025-07-01,1.07,0.02,0.15,0.86,0.0,0.0,0.04,1.52,0.0,1.52,0.0875
D0042,2025-08-01,0.98,0.02,0.15,0.8,0.0,0.0,0.01,1.52,0.0,1.52,0.0917
D0042,2025-09-01,0.93,0.01,0.15,0.77,0.0,0.0,0.0,1.52,0.0,1.52,0.0961
D0042,2025-10-01,0.93,0.01,0.16,0.73,0.0,0.0,0.03,1.52,0.0,1.52,0.1008
D0042,2025-11-01,0.85,0.01,0.14,0.69,0.0,0.0,0.01,1.52,0.0,1.52,0.1056
D0042,2025-12-01,0.84,0.01,0.14,0.67,0.0,0.0,0.02,1.52,0.0,1.52,0.1108
D0042,2026-01-01,0.84,0.01,0.14,0.64,0.0,0.0,0.05,1.52,0.0,1.52,0.1162
D0042,2026-02-01,0.77,0.01,0.13,0.6,0.0,0.0,0.03,1.52,0.0,1.52,0.1218
D0042,2026-03-01,0.76,0.01,0.11,0.58,0.0,0.0,0.06,1.52,0.0,1.52,0.1277
D0042,2026-04-01,0.7,0.01,0.12,0.57,0.0,0.0,0.0,1.52,0.0,1.52,0.1342
D0042,2026-05-01,0.65,0.01,0.1,0.52,0.0,0.0,0.02,1.52,0.0,1.52,0.1406
D0042,2026-06-01,0.67,0.01,0.11,0.53,0.0,0.0,0.02,1.52,0.0,1.52,0.1479
D0042,2026-07-01,0.61,0.01,0.08,0.5,0.0,0.0,0.02,1.52,0.0,1.52,0.1554
D0044,2024-04-01,4.84,0.03,0.34,4.38,0.0,0.0,0.09,3.93,0.0,3.93,0.0821
D0044,2024-05-01,2.17,0.03,0.42,1.72,0.0,0.0,0.0,3.93,0.0,3.93,0.0852
D0044,2024-07-01,1.99,0.03,0.36,1.58,0.0,0.0,0.02,3.93,0.0,3.93,0.0927
D0044,2024-08-01,2.41,0.03,0.33,1.98,0.0,0.0,0.07,3.93,0.0,3.93,0.0973
D0044,2024-09-01,3.15,0.02,0.35,2.64,0.0,0.0,0.14,3.93,0.0,3.93,0.1041
D0044,2024-10-01,2.93,0.02,0.29,2.58,0.0,0.0,0.04,3.93,0.0,3.93,0.1117
D0044,2024-11-01,1.99,0.02,0.29,1.51,0.0,0.0,0.17,3.93,0.0,3.93,0.1167
D0044,2024-12-01,1.95,0.02,0.26,1.55,0.0,0.0,0.12,3.93,0.0,3.93,0.1223
D0044,2025-01-01,1.84,0.02,0.26,1.56,0.0,0.0,0.0,3.93,0.0,3.93,0.1286
D0044,2025-02-01,1.8,0.02,0.25,1.5,0.0,0.0,0.03,3.93,0.0,3.93,0.1352
D0044,2025-04-01,1.31,0.02,0.22,0.98,0.0,0.0,0.09,3.93,0.0,3.93,0.1457
D0044,2025-05-01,1.82,0.02,0.22,1.54,0.0,0.0,0.04,3.93,0.0,3.93,0.1545
D0044,2025-06-01,1.49,0.02,0.19,1.23,0.0,0.0,0.05,3.93,0.0,3.93,0.1623
D0044,2025-07-01,1.42,0.01,0.2,1.17,0.0,0.0,0.04,3.93,0.0,3.93,0.1706
D0044,2025-08-01,1.0,0.01,0.15,0.8,0.0,0.0,0.04,3.93,0.0,3.93,0.1767
D0045,2025-12-01,6.92,0.21,1.42,4.74,0.0,0.0,0.55,4.34,0.0,4.34,0.0334
D0045,2026-01-01,6.36,0.2,1.28,4.35,0.0,0.0,0.53,4.34,0.0,4.34,0.0346
D0045,2026-02-01,6.45,0.19,1.39,4.36,0.0,0.0,0.51,4.34,0.0,4.34,0.0358
D0045,2026-03-01,6.01,0.19,1.34,4.25,0.0,0.0,0.23,4.34,0.0,4.34,0.0371
D0045,2026-04-01,5.76,0.18,1.2,3.96,0.0,0.0,0.42,4.34,0.0,4.34,0.0384
D0045,2026-05-01,5.74,0.17,1.24,3.93,0.0,0.0,0.4,4.34,0.0,4.34,0.0398
D0045,2026-06-01,5.45,0.17,1.24,3.79,0.0,0.0,0.25,4.34,0.0,4.34,0.0412
D0045,2026-07-01,4.94,0.16,1.19,3.55,0.0,0.0,0.04,4.34,0.0,4.34,0.0427
D0054,2025-02-01,6.41,0.09,1.12,5.16,0.0,0.0,0.04,6.16,0.0,6.16,0.0515
D0054,2025-03-01,5.76,0.09,0.95,4.72,0.0,0.0,0.0,6.16,0.0,6.16,0.0536
D0054,2025-04-01,5.46,0.08,0.94,4.15,0.0,0.0,0.29,6.16,0.0,6.16,0.0556
D0054,2025-05-01,4.86,0.08,0.94,3.51,0.0,0.0,0.33,6.16,0.0,6.16,0.0574
D0054,2025-06-01,5.69,0.08,0.95,4.25,0.0,0.0,0.41,6.16,0.0,6.16,0.0598
D0054,2025-07-01,4.8,0.07,0.83,3.5,0.0,0.0,0.4,6.16,0.0,6.16,0.0619
D0054,2025-08-01,4.96,0.07,0.83,3.99,0.0,0.0,0.07,6.16,0.0,6.16,0.0644
D0054,2025-09-01,4.3,0.07,0.78,3.34,0.0,0.0,0.11,6.16,0.0,6.16,0.0668
D0054,2025-10-01,4.08,0.07,0.83,2.91,0.0,0.0,0.27,6.16,0.0,6.16,0.069
D0054,2025-11-01,7.61,0.06,0.78,6.65,0.0,0.0,0.12,6.16,0.0,6.16,0.0745
D0054,2025-12-01,3.78,0.06,0.76,2.61,0.0,0.0,0.35,6.16,0.0,6.16,0.0769
D0054,2026-01-01,3.99,0.06,0.71,2.93,0.0,0.0,0.29,6.16,0.0,6.16,0.0798
D0054,2026-02-01,4.0,0.06,0.7,3.17,0.0,0.0,0.07,6.16,0.0,6.16,0.0833
D0054,2026-03-01,3.54,0.05,0.66,2.72,0.0,0.0,0.11,6.16,0.0,6.16,0.0864
D0054,2026-04-01,4.55,0.05,0.65,3.69,0.0,0.0,0.16,6.16,0.0,6.16,0.0912
D0054,2026-05-01,3.12,0.05,0.61,2.45,0.0,0.0,0.01,6.16,0.0,6.16,0.0946
D0054,2026-06-01,2.97,0.05,0.57,2.22,0.0,0.0,0.13,6.16,0.0,6.16,0.0979
D0054,2026-07-01,2.93,0.05,0.63,2.22,0.0,0.0,0.03,6.16,0.0,6.16,0.1015
D0058,2024-05-01,20.71,0.38,2.63,17.15,0.0,0.0,0.55,0.0,0.0,0.0,0.0
D0058,2024-06-01,19.47,0.36,2.52,15.44,0.0,0.0,1.15,0.0,0.0,0.0,0.0
D0058,2024-07-01,15.14,0.35,2.34,12.16,0.0,0.0,0.29,0.0,0.0,0.0,0.0
D0058,2024-08-01,16.77,0.33,2.38,13.01,0.0,0.0,1.05,0.0,0.0,0.0,0.0
D0058,2024-09-01,17.88,0.31,2.02,15.0,0.0,0.0,0.55,0.0,0.0,0.0,0.0
D0058,2024-10-01,16.7,0.29,2.11,13.37,0.0,0.0,0.93,0.0,0.0,0.0,0.0
D0058,2024-11-01,12.74,0.28,1.67,9.95,0.0,0.0,0.84,0.0,0.0,0.0,0.0
D0058,2024-12-01,14.02,0.26,1.91,11.53,0.0,0.0,0.32,0.0,0.0,0.0,0.0
D0058,2025-01-01,14.37,0.25,1.58,11.81,0.0,0.0,0.73,0.0,0.0,0.0,0.0
D0058,2025-02-01,13.41,0.24,1.91,10.48,0.0,0.0,0.78,0.0,0.0,0.0,0.0
D0058,2025-03-01,9.82,0.22,1.54,7.92,0.0,0.0,0.14,0.0,0.0,0.0,0.0
D0058,2025-04-01,12.38,0.21,1.48,10.21,0.0,0.0,0.48,0.0,0.0,0.0,0.0
D0058,2025-05-01,9.33,0.2,1.34,7.06,0.0,0.0,0.73,0.0,0.0,0.0,0.0
D0058,2025-06-01,10.98,0.19,1.48,8.8,0.0,0.0,0.51,0.0,0.0,0.0,0.0
D0058,2025-07-01,10.1,0.18,1.23,8.64,0.0,0.0,0.05,0.0,0.0,0.0,0.0
D0058,2025-08-01,8.0,0.17,1.25,6.0,0.0,0.0,0.58,0.0,0.0,0.0,0.0
D0058,2025-09-01,9.23,0.16,1.34,7.47,0.0,0.0,0.26,0.0,0.0,0.0,0.0
D0058,2025-10-01,7.67,0.15,1.08,6.1,0.0,0.0,0.34,0.0,0.0,0.0,0.0
D0058,2025-11-01,6.57,0.15,1.01,5.38,0.0,0.0,0.03,0.0,0.0,0.0,0.0
D0058,2025-12-01,7.81,0.14,0.88,6.49,0.0,0.0,0.3,0.0,0.0,0.0,0.0
D0058,2026-01-01,6.08,0.13,0.95,4.68,0.0,0.0,0.32,0.0,0.0,0.0,0.0
D0058,2026-02-01,6.55,0.12,0.94,5.44,0.0,0.0,0.05,0.0,0.0,0.0,0.0
D0058,2026-03-01,5.58,0.12,0.72,4.35,0.0,0.0,0.39,0.0,0.0,0.0,0.0
D0058,2026-04-01,5.42,0.11,0.9,4.2,0.0,0.0,0.21,0.0,0.0,0.0,0.0
D0058,2026-06-01,5.74,0.1,0.73,4.59,0.0,0.0,0.32,0.0,0.0,0.0,0.0
D0058,2026-07-01,5.09,0.09,0.58,4.4,0.0,0.0,0.02,0.0,0.0,0.0,0.0
D0063,2025-12-01,9.5,0.06,0.86,8.41,0.0,0.0,0.17,0.0,0.0,0.0,0.0
D0063,2026-01-01,4.73,0.06,0.7,3.81,0.0,0.0,0.16,0.0,0.0,0.0,0.0
D0063,2026-02-01,4.37,0.06,0.72,3.57,0.0,0.0,0.02,0.0,0.0,0.0,0.0
D0063,2026-03-01,4.69,0.06,0.69,3.78,0.0,0.0,0.16,0.0,0.0,0.0,0.0
D0063,2026-04-01,4.46,0.05,0.61,3.5,0.0,0.0,0.3,0.0,0.0,0.0,0.0
D0063,2026-05-01,3.94,0.05,0.61,3.09,0.0,0.0,0.19,0.0,0.0,0.0,0.0
D0063,2026-06-01,3.4,0.05,0.51,2.8,0.0,0.0,0.04,0.0,0.0,0.0,0.0
D0063,2026-07-01,3.78,0.05,0.52,3.04,0.0,0.0,0.17,0.0,0.0,0.0,0.0
D0064,2026-06-01,0.19,0.01,0.0,0.0,0.03,0.13,0.02,0.23,0.0,0.23,
D0064,2026-07-01,0.18,0.01,0.0,0.0,0.04,0.12,0.01,0.23,0.0,0.23,
D0065,2025-02-01,0.6,0.01,0.0,0.0,0.09,0.46,0.04,0.8,0.0,0.8,
D0065,2025-03-01,0.66,0.01,0.0,0.0,0.09,0.52,0.04,0.8,0.0,0.8,
D0065,2025-04-01,0.52,0.01,0.0,0.0,0.09,0.41,0.01,0.8,0.0,0.8,
D0065,2025-05-01,0.61,0.01,0.0,0.0,0.09,0.47,0.04,0.8,0.0,0.8,
D0065,2025-06-01,0.62,0.01,0.0,0.0,0.1,0.49,0.02,0.8,0.0,0.8,
D0065,2025-07-01,0.49,0.01,0.0,0.0,0.07,0.38,0.03,0.8,0.0,0.8,
D0065,2025-08-01,0.49,0.01,0.0,0.0,0.09,0.36,0.03,0.8,0.0,0.8,
D0065,2025-09-01,0.44,0.01,0.0,0.0,0.08,0.32,0.03,0.8,0.0,0.8,
D0065,2025-10-01,0.52,0.0,0.0,0.0,0.08,0.4,0.04,0.8,0.0,0.8,
D0065,2025-11-01,0.51,0.0,0.0,0.0,0.08,0.4,0.03,0.8,0.0,0.8,
D0065,2025-12-01,0.39,0.0,0.0,0.0,0.08,0.3,0.01,0.8,0.0,0.8,
D0065,2026-01-01,0.73,0.0,0.0,0.0,0.08,0.63,0.02,0.8,0.0,0.8,
D0065,2026-02-01,0.36,0.0,0.0,0.0,0.08,0.28,0.0,0.8,0.0,0.8,
D0065,2026-03-01,0.38,0.0,0.0,0.0,0.06,0.31,0.01,0.8,0.0,0.8,
D0065,2026-04-01,0.33,0.0,0.0,0.0,0.06,0.24,0.03,0.8,0.0,0.8,
D0065,2026-05-01,0.39,0.0,0.0,0.0,0.07,0.28,0.04,0.8,0.0,0.8,
D0065,2026-06-01,0.32,0.0,0.0,0.0,0.06,0.25,0.01,0.8,0.0,0.8,
D0065,2026-07-01,0.36,0.0,0.0,0.0,0.05,0.29,0.02,0.8,0.0,0.8,
D0068,2025-09-01,1.69,0.01,0.0,0.0,0.17,1.43,0.08,0.0,0.0,0.0,
D0068,2025-10-01,1.52,0.01,0.0,0.0,0.15,1.31,0.05,0.0,0.0,0.0,
D0068,2025-11-01,1.28,0.01,0.0,0.0,0.13,1.11,0.03,0.0,0.0,0.0,
D0068,2025-12-01,1.34,0.01,0.0,0.0,0.15,1.14,0.04,0.0,0.0,0.0,
D0068,2026-01-01,1.19,0.01,0.0,0.0,0.13,0.98,0.07,0.0,0.0,0.0,
D0068,2026-02-01,1.31,0.01,0.0,0.0,0.11,1.15,0.04,0.0,0.0,0.0,
D0068,2026-03-01,1.14,0.01,0.0,0.0,0.1,0.96,0.07,0.0,0.0,0.0,
D0068,2026-04-01,0.91,0.01,0.0,0.0,0.1,0.79,0.01,0.0,0.0,0.0,
D0068,2026-05-01,0.97,0.01,0.0,0.0,0.09,0.82,0.05,0.0,0.0,0.0,
D0068,2026-06-01,0.95,0.01,0.0,0.0,0.1,0.81,0.03,0.0,0.0,0.0,
D0068,2026-07-01,0.9,0.01,0.0,0.0,0.09,0.76,0.04,0.0,0.0,0.0,
D0070,2026-02-01,6.49,0.18,1.39,4.27,0.0,0.0,0.65,7.12,0.0,7.12,0.0541
D0070,2026-03-01,6.38,0.18,1.25,4.48,0.0,0.0,0.47,7.12,0.0,7.12,0.056
D0070,2026-04-01,5.87,0.17,1.14,4.23,0.0,0.0,0.33,7.12,0.0,7.12,0.058
D0070,2026-05-01,5.61,0.17,1.32,3.86,0.0,0.0,0.26,7.12,0.0,7.12,0.0598
D0070,2026-06-01,5.32,0.16,1.18,3.88,0.0,0.0,0.1,7.12,0.0,7.12,0.0619
D0070,2026-07-01,8.23,0.15,1.05,6.49,0.0,0.0,0.54,7.12,0.0,7.12,0.0655
D0071,2025-07-01,6.28,0.14,0.84,4.79,0.0,0.0,0.51,4.07,0.0,4.07,0.0368
D0071,2025-08-01,5.81,0.14,0.96,4.61,0.0,0.0,0.1,4.07,0.0,4.07,0.0384
D0071,2025-09-01,5.83,0.13,0.87,4.48,0.0,0.0,0.35,4.07,0.0,4.07,0.0401
D0071,2025-10-01,5.26,0.13,0.85,4.27,0.0,0.0,0.01,4.07,0.0,4.07,0.0418
D0071,2025-11-01,5.27,0.12,0.66,4.13,0.0,0.0,0.36,4.07,0.0,4.07,0.0437
D0071,2025-12-01,4.76,0.11,0.7,3.95,0.0,0.0,0.0,4.07,0.18,3.89,0.0436
D0071,2026-01-01,4.47,0.11,0.56,3.8,0.0,0.0,0.0,3.89,0.1,3.79,0.0444
D0071,2026-02-01,4.32,0.11,0.59,3.62,0.0,0.0,0.0,3.79,0.1,3.69,0.0451
D0071,2026-03-01,4.1,0.1,0.61,3.38,0.0,0.0,0.01,3.69,0.0,3.69,0.0471
D0071,2026-04-01,4.03,0.1,0.55,3.31,0.0,0.0,0.07,3.69,0.0,3.69,0.0491
D0071,2026-05-01,4.13,0.09,0.59,3.11,0.0,0.0,0.34,3.69,0.0,3.69,0.0513
D0071,2026-06-01,3.61,0.09,0.52,3.0,0.0,0.0,0.0,3.69,0.16,3.53,0.0512
D0071,2026-07-01,3.45,0.08,0.41,2.93,0.0,0.0,0.03,3.53,0.0,3.53,0.0535
D0072,2026-05-01,0.41,0.01,0.0,0.0,0.05,0.33,0.02,0.6,0.0,0.6,
D0072,2026-06-01,0.39,0.01,0.0,0.0,0.04,0.33,0.01,0.6,0.0,0.6,
D0072,2026-07-01,0.4,0.01,0.0,0.0,0.04,0.33,0.02,0.6,0.0,0.6,
D0074,2025-01-01,9.04,0.1,0.97,7.65,0.0,0.0,0.32,10.13,0.0,10.13,0.0817
D0074,2025-02-01,7.84,0.1,0.83,6.87,0.0,0.0,0.04,10.13,0.0,10.13,0.0865
D0074,2025-03-01,7.03,0.09,0.84,6.09,0.0,0.0,0.01,10.13,0.0,10.13,0.0912
D0074,2025-04-01,7.73,0.09,0.68,6.88,0.0,0.0,0.08,10.13,0.0,10.13,0.0972
D0074,2025-05-01,6.86,0.08,0.85,5.67,0.0,0.0,0.26,10.13,0.0,10.13,0.1028
D0074,2025-06-01,6.98,0.08,0.67,5.79,0.0,0.0,0.44,10.13,0.0,10.13,0.1092
D0074,2025-07-01,8.67,0.07,0.67,7.61,0.0,0.0,0.32,10.13,0.0,10.13,0.119
D0074,2025-08-01,5.56,0.07,0.59,4.74,0.0,0.0,0.16,10.13,0.0,10.13,0.126
D0074,2025-09-01,5.36,0.06,0.62,4.32,0.0,0.0,0.36,10.13,0.0,10.13,0.1332
D0074,2025-10-01,5.6,0.06,0.58,4.73,0.0,0.0,0.23,10.13,0.0,10.13,0.142
D0074,2025-11-01,5.09,0.06,0.56,4.19,0.0,0.0,0.28,10.13,0.0,10.13,0.1509
D0074,2025-12-01,4.92,0.05,0.47,4.14,0.0,0.0,0.26,10.13,0.0,10.13,0.1608
D0074,2026-01-01,3.99,0.05,0.47,3.43,0.0,0.0,0.04,10.13,0.0,10.13,0.17
D0074,2026-02-01,3.66,0.05,0.41,3.13,0.0,0.0,0.07,10.13,0.0,10.13,0.1795
D0074,2026-03-01,3.94,0.04,0.41,3.47,0.0,0.0,0.02,10.13,0.0,10.13,0.1912
D0074,2026-04-01,3.75,0.04,0.34,3.17,0.0,0.0,0.2,10.13,0.0,10.13,0.2034
D0074,2026-05-01,3.11,0.04,0.31,2.75,0.0,0.0,0.01,10.13,0.0,10.13,0.2153
D0074,2026-06-01,3.37,0.04,0.33,2.94,0.0,0.0,0.06,10.13,0.0,10.13,0.2296
D0074,2026-07-01,3.02,0.03,0.32,2.54,0.0,0.0,0.13,10.13,0.0,10.13,0.2436
D0076,2024-07-01,13.08,0.32,1.81,10.3,0.0,0.0,0.65,11.52,0.0,11.52,0.0584
D0076,2024-08-01,13.33,0.3,1.3,11.0,0.0,0.0,0.73,11.52,0.0,11.52,0.0618
D0076,2024-09-01,12.63,0.29,1.46,10.3,0.0,0.0,0.58,11.52,0.0,11.52,0.0655
D0076,2024-10-01,10.63,0.27,1.49,8.56,0.0,0.0,0.31,11.52,0.0,11.52,0.0688
D0076,2024-11-01,10.53,0.26,1.44,8.38,0.0,0.0,0.45,11.52,0.0,11.52,0.0724
D0076,2024-12-01,9.84,0.24,1.14,7.98,0.0,0.0,0.48,11.52,0.0,11.52,0.0763
D0076,2025-01-01,9.39,0.23,1.21,7.61,0.0,0.0,0.34,11.52,0.0,11.52,0.0803
D0076,2025-02-01,9.77,0.22,1.11,8.08,0.0,0.0,0.36,11.52,0.0,11.52,0.0851
D0076,2025-03-01,8.67,0.21,0.97,6.98,0.0,0.0,0.51,11.52,0.0,11.52,0.0897
D0076,2025-04-01,7.84,0.2,0.99,6.58,0.0,0.0,0.07,11.52,0.0,11.52,0.0946
D0076,2025-05-01,7.98,0.19,0.97,6.44,0.0,0.0,0.38,11.52,0.0,11.52,0.0999
D0076,2025-06-01,7.13,0.18,0.83,5.79,0.0,0.0,0.33,11.52,0.0,11.52,0.1051
D0076,2025-07-01,6.75,0.17,0.76,5.63,0.0,0.0,0.19,11.52,0.0,11.52,0.1108
D0076,2025-08-01,6.89,0.16,0.83,5.65,0.0,0.0,0.25,11.52,0.0,11.52,0.1172
D0076,2025-09-01,6.52,0.15,0.79,5.55,0.0,0.0,0.03,11.52,0.0,11.52,0.1242
D0076,2025-11-01,5.52,0.13,0.68,4.61,0.0,0.0,0.1,11.52,0.0,11.52,0.139
D0076,2025-12-01,5.29,0.13,0.68,4.16,0.0,0.0,0.32,11.52,0.0,11.52,0.1464
D0076,2026-01-01,4.97,0.12,0.58,3.97,0.0,0.0,0.3,11.52,0.0,11.52,0.1541
D0076,2026-03-01,4.11,0.11,0.53,3.46,0.0,0.0,0.01,11.52,0.0,11.52,0.1705
D0076,2026-04-01,4.39,0.1,0.5,3.5,0.0,0.0,0.29,11.52,0.0,11.52,0.1798
D0076,2026-05-01,4.0,0.1,0.53,3.19,0.0,0.0,0.18,11.52,0.0,11.52,0.1892
D0076,2026-06-01,3.7,0.09,0.48,3.04,0.0,0.0,0.09,11.52,0.0,11.52,0.1991
D0076,2026-07-01,3.74,0.09,0.46,2.99,0.0,0.0,0.2,11.52,0.0,11.52,0.21
D0077,2024-11-01,6.81,0.33,1.44,4.76,0.0,0.0,0.28,1.86,0.0,1.86,0.0093
D0077,2024-12-01,6.9,0.32,1.52,4.8,0.0,0.0,0.26,1.86,0.0,1.86,0.0095
D0077,2025-01-01,7.26,0.32,1.5,4.71,0.0,0.0,0.73,1.86,0.0,1.86,0.0098
D0077,2025-02-01,6.8,0.31,1.42,4.44,0.0,0.0,0.63,1.86,0.0,1.86,0.01
D0077,2025-03-01,6.92,0.3,1.64,4.48,0.0,0.0,0.5,1.86,0.0,1.86,0.0103
D0077,2025-04-01,6.67,0.29,1.71,4.38,0.0,0.0,0.29,1.86,0.0,1.86,0.0105
D0077,2025-05-01,6.28,0.29,1.25,4.22,0.0,0.0,0.52,1.86,0.0,1.86,0.0108
D0077,2025-06-01,6.04,0.28,1.46,4.11,0.0,0.0,0.19,1.86,0.0,1.86,0.011
D0077,2025-07-01,5.95,0.27,1.48,3.99,0.0,0.0,0.21,1.86,0.0,1.86,0.0113
D0077,2025-08-01,5.63,0.27,1.26,3.97,0.0,0.0,0.13,1.86,0.0,1.86,0.0116
D0077,2025-09-01,5.79,0.26,1.26,3.83,0.0,0.0,0.44,1.86,0.0,1.86,0.0119
D0077,2025-10-01,5.89,0.26,1.23,3.72,0.0,0.0,0.68,1.86,0.0,1.86,0.0122
D0078,2026-02-01,3.38,0.11,0.82,2.11,0.0,0.0,0.34,4.02,0.0,4.02,0.0587
D0078,2026-03-01,3.19,0.11,0.79,2.06,0.0,0.0,0.23,4.02,0.0,4.02,0.0605
D0078,2026-04-01,3.06,0.11,0.66,1.98,0.0,0.0,0.31,4.02,0.0,4.02,0.0624
D0078,2026-05-01,2.84,0.1,0.61,1.94,0.0,0.0,0.19,4.02,0.0,4.02,0.0643
D0078,2026-07-01,2.7,0.1,0.58,1.82,0.0,0.0,0.2,4.02,0.0,4.02,0.0684
D0081,2024-04-01,9.61,0.1,1.25,7.9,0.0,0.0,0.36,8.59,0.0,8.59,0.0514
D0081,2024-05-01,9.15,0.1,1.32,7.06,0.0,0.0,0.67,8.59,0.0,8.59,0.0537
D0081,2024-06-01,8.94,0.09,1.38,7.01,0.0,0.0,0.46,8.59,0.0,8.59,0.0561
D0081,2024-07-01,7.8,0.09,1.27,6.42,0.0,0.0,0.02,8.59,0.0,8.59,0.0586
D0081,2024-08-01,7.99,0.08,1.08,6.48,0.0,0.0,0.35,8.59,0.0,8.59,0.0613
D0081,2024-09-01,7.92,0.08,1.11,6.09,0.0,0.0,0.64,8.59,0.0,8.59,0.0641
D0081,2024-10-01,6.93,0.08,1.16,5.69,0.0,0.0,0.0,8.59,0.19,8.4,0.0654
D0081,2024-11-01,6.49,0.07,0.82,5.56,0.0,0.0,0.04,8.4,0.0,8.4,0.0684
D0081,2024-12-01,6.77,0.07,0.96,5.57,0.0,0.0,0.17,8.4,0.0,8.4,0.0716
D0081,2025-01-01,6.39,0.07,0.88,5.2,0.0,0.0,0.24,8.4,0.0,8.4,0.075
D0081,2025-02-01,6.24,0.06,0.7,5.01,0.0,0.0,0.47,8.4,0.0,8.4,0.0785
D0081,2025-03-01,5.49,0.06,0.9,4.53,0.0,0.0,0.0,8.4,0.08,8.32,0.0812
D0081,2025-04-01,5.92,0.06,0.9,4.62,0.0,0.0,0.34,8.32,0.0,8.32,0.085
D0084,2024-11-01,7.21,0.09,1.18,5.47,0.0,0.0,0.47,9.22,0.0,9.22,0.0815
D0084,2024-12-01,6.54,0.08,1.17,5.14,0.0,0.0,0.15,9.22,0.0,9.22,0.0854
D0084,2025-01-01,6.33,0.08,1.18,4.57,0.0,0.0,0.5,9.22,0.0,9.22,0.0891
D0084,2025-02-01,6.24,0.07,1.08,4.89,0.0,0.0,0.2,9.22,0.0,9.22,0.0936
D0084,2025-03-01,5.96,0.07,1.09,4.39,0.0,0.0,0.41,9.22,0.0,9.22,0.0979
D0084,2025-04-01,5.12,0.07,1.05,4.0,0.0,0.0,0.0,9.22,0.25,8.97,0.0995
D0084,2025-05-01,8.35,0.06,0.91,7.38,0.0,0.0,0.0,8.97,0.26,8.71,0.1052
D0084,2025-06-01,4.75,0.06,0.75,3.72,0.0,0.0,0.22,8.71,0.0,8.71,0.1102
D0084,2025-07-01,4.34,0.06,0.89,3.39,0.0,0.0,0.0,8.71,0.16,8.55,0.113
D0084,2025-08-01,4.16,0.05,0.87,3.24,0.0,0.0,0.0,8.55,0.15,8.4,0.116
D0084,2025-09-01,4.02,0.05,0.75,3.22,0.0,0.0,0.0,8.4,0.15,8.25,0.1192
D0084,2025-10-01,3.81,0.05,0.68,2.97,0.0,0.0,0.11,8.25,0.0,8.25,0.1246
D0086,2025-01-01,8.21,0.17,1.13,6.59,0.0,0.0,0.32,2.69,0.0,2.69,0.0204
D0086,2025-02-01,7.54,0.16,1.01,6.19,0.0,0.0,0.18,2.69,0.0,2.69,0.0214
D0086,2025-03-01,7.49,0.15,0.93,6.41,0.0,0.0,0.0,2.69,0.0,2.69,0.0225
D0086,2025-05-01,6.42,0.14,1.04,5.12,0.0,0.0,0.12,2.69,0.0,2.69,0.0249
D0086,2025-06-01,6.61,0.13,0.85,5.53,0.0,0.0,0.1,2.69,0.0,2.69,0.0262
D0086,2025-07-01,5.79,0.13,0.86,4.62,0.0,0.0,0.18,2.69,0.0,2.69,0.0275
D0086,2025-08-01,6.0,0.12,0.82,4.71,0.0,0.0,0.35,2.69,0.0,2.69,0.0289
D0086,2025-09-01,6.33,0.11,0.83,5.16,0.0,0.0,0.23,2.69,0.0,2.69,0.0305
D0086,2025-10-01,5.4,0.11,0.74,4.38,0.0,0.0,0.17,2.69,0.0,2.69,0.0321
D0086,2025-11-01,5.35,0.1,0.64,4.43,0.0,0.0,0.18,2.69,0.0,2.69,0.0339
D0086,2025-12-01,5.5,0.1,0.69,4.49,0.0,0.0,0.22,2.69,0.0,2.69,0.036
D0086,2026-01-01,4.82,0.09,0.57,3.94,0.0,0.0,0.22,2.69,0.0,2.69,0.038
D0086,2026-02-01,4.78,0.09,0.66,3.97,0.0,0.0,0.06,2.69,0.0,2.69,0.0402
D0086,2026-04-01,4.19,0.08,0.47,3.59,0.0,0.0,0.05,2.69,0.0,2.69,0.045
D0086,2026-05-01,3.54,0.07,0.42,2.96,0.0,0.0,0.09,2.69,0.0,2.69,0.0474
D0086,2026-06-01,3.73,0.07,0.49,3.09,0.0,0.0,0.08,2.69,0.0,2.69,0.0501
D0086,2026-07-01,3.72,0.07,0.38,3.03,0.0,0.0,0.24,2.69,0.0,2.69,0.0531
D0087,2024-05-01,13.2,0.12,2.12,10.46,0.0,0.0,0.5,10.09,0.0,10.09,0.0422
D0087,2024-06-01,14.74,0.12,1.68,12.21,0.0,0.0,0.73,10.09,0.0,10.09,0.0444
D0087,2024-07-01,12.47,0.11,1.72,10.53,0.0,0.0,0.11,10.09,0.0,10.09,0.0466
D0087,2024-08-01,10.11,0.11,1.43,8.29,0.0,0.0,0.28,10.09,0.0,10.09,0.0484
D0087,2024-09-01,10.89,0.1,1.52,8.3,0.0,0.0,0.97,10.09,0.0,10.09,0.0505
D0087,2024-10-01,9.38,0.1,1.46,7.82,0.0,0.0,0.0,10.09,0.28,9.81,0.051
D0087,2024-11-01,10.73,0.09,1.44,9.2,0.0,0.0,0.0,9.81,0.53,9.28,0.0507
D0087,2024-12-01,8.49,0.09,1.16,7.24,0.0,0.0,0.0,9.28,0.28,9.0,0.0512
D0087,2025-01-01,9.65,0.09,1.56,8.0,0.0,0.0,0.0,9.0,0.15,8.85,0.0528
D0087,2025-02-01,8.85,0.08,1.21,7.24,0.0,0.0,0.32,8.85,0.0,8.85,0.0551
D0087,2025-03-01,7.74,0.08,1.17,6.49,0.0,0.0,0.0,8.85,0.37,8.48,0.0551
D0087,2025-04-01,9.97,0.07,1.18,8.0,0.0,0.0,0.72,8.48,0.0,8.48,0.0581
D0087,2025-05-01,7.23,0.07,1.14,6.02,0.0,0.0,0.0,8.48,0.29,8.19,0.0585
D0087,2025-07-01,7.64,0.07,0.92,6.2,0.0,0.0,0.45,8.19,0.0,8.19,0.0639
D0087,2025-08-01,7.98,0.06,1.03,6.6,0.0,0.0,0.29,8.19,0.0,8.19,0.0674
D0087,2025-09-01,6.92,0.06,0.87,5.68,0.0,0.0,0.31,8.19,0.0,8.19,0.0707
D0087,2025-10-01,7.37,0.06,0.97,6.02,0.0,0.0,0.32,8.19,0.0,8.19,0.0745
D0087,2025-11-01,6.29,0.05,0.74,5.05,0.0,0.0,0.45,8.19,0.0,8.19,0.0781
D0087,2025-12-01,4.85,0.05,0.73,3.99,0.0,0.0,0.08,8.19,0.0,8.19,0.0812
D0087,2026-01-01,6.63,0.05,0.82,5.52,0.0,0.0,0.24,8.19,0.0,8.19,0.0859
D0087,2026-02-01,5.75,0.05,0.71,4.88,0.0,0.0,0.11,8.19,0.0,8.19,0.0906
D0087,2026-04-01,5.31,0.04,0.72,4.28,0.0,0.0,0.27,8.19,0.0,8.19,0.0989
D0087,2026-05-01,4.23,0.04,0.59,3.46,0.0,0.0,0.14,8.19,0.0,8.19,0.1032
D0087,2026-06-01,5.04,0.04,0.58,4.28,0.0,0.0,0.14,8.19,0.0,8.19,0.1091
D0087,2026-07-01,3.92,0.04,0.56,3.25,0.0,0.0,0.07,8.19,0.0,8.19,0.1141
D0089,2024-11-01,14.01,0.13,1.64,11.96,0.0,0.0,0.28,15.21,0.0,15.21,0.0768
D0089,2024-12-01,14.49,0.12,1.91,11.96,0.0,0.0,0.5,15.21,0.0,15.21,0.0817
D0089,2025-01-01,11.71,0.11,1.33,10.11,0.0,0.0,0.16,15.21,0.0,15.21,0.0864
D0089,2025-02-01,12.45,0.1,1.49,10.66,0.0,0.0,0.2,15.21,0.0,15.21,0.092
D0089,2025-03-01,11.06,0.1,1.32,9.15,0.0,0.0,0.49,15.21,0.0,15.21,0.0974
D0089,2025-04-01,9.75,0.09,1.39,8.18,0.0,0.0,0.09,15.21,0.0,15.21,0.1027
D0089,2025-05-01,10.44,0.09,1.36,8.77,0.0,0.0,0.22,15.21,0.0,15.21,0.1092
D0089,2025-06-01,9.4,0.08,1.4,7.35,0.0,0.0,0.57,15.21,0.0,15.21,0.1153
D0089,2025-07-01,9.6,0.08,1.07,8.15,0.0,0.0,0.3,15.21,0.0,15.21,0.1229
D0089,2025-08-01,7.93,0.07,1.07,6.44,0.0,0.0,0.35,15.21,0.0,15.21,0.1296
D0089,2025-09-01,7.84,0.07,0.9,6.44,0.0,0.0,0.43,15.21,0.0,15.21,0.1371
D0089,2025-10-01,7.88,0.07,0.94,6.52,0.0,0.0,0.35,15.21,0.0,15.21,0.1457
D0089,2025-11-01,7.19,0.06,0.83,6.12,0.0,0.0,0.18,15.21,0.0,15.21,0.1548
D0089,2025-12-01,7.12,0.06,0.83,5.78,0.0,0.0,0.45,15.21,0.0,15.21,0.1645
D0089,2026-01-01,6.11,0.06,0.85,5.11,0.0,0.0,0.09,15.21,0.0,15.21,0.1741
D0089,2026-02-01,5.82,0.05,0.82,4.72,0.0,0.0,0.23,15.21,0.0,15.21,0.184
D0089,2026-03-01,5.74,0.05,0.75,4.59,0.0,0.0,0.35,15.21,0.0,15.21,0.1948
D0089,2026-04-01,5.51,0.05,0.71,4.39,0.0,0.0,0.36,15.21,0.0,15.21,0.2064
D0090,2025-09-01,8.11,0.17,1.31,6.03,0.0,0.0,0.6,0.0,0.0,0.0,0.0
D0090,2025-11-01,7.97,0.16,1.23,6.41,0.0,0.0,0.17,0.0,0.0,0.0,0.0
D0090,2026-01-01,6.74,0.15,1.1,4.91,0.0,0.0,0.58,0.0,0.0,0.0,0.0
D0090,2026-02-01,6.21,0.14,0.97,4.97,0.0,0.0,0.13,0.0,0.0,0.0,0.0
D0090,2026-03-01,5.0,0.14,0.95,3.69,0.0,0.0,0.22,0.0,0.0,0.0,0.0
D0090,2026-04-01,8.19,0.13,0.77,7.01,0.0,0.0,0.28,0.0,0.0,0.0,0.0
D0090,2026-05-01,4.95,0.13,0.86,3.84,0.0,0.0,0.12,0.0,0.0,0.0,0.0
D0090,2026-06-01,6.18,0.12,0.87,4.93,0.0,0.0,0.26,0.0,0.0,0.0,0.0
D0090,2026-07-01,5.5,0.11,0.78,4.55,0.0,0.0,0.06,0.0,0.0,0.0,0.0
D0091,2024-12-01,13.71,0.09,1.99,11.33,0.0,0.0,0.3,13.95,0.0,13.95,0.0754
D0091,2025-01-01,13.81,0.08,1.82,11.77,0.0,0.0,0.14,13.95,0.0,13.95,0.0805
D0091,2025-02-01,11.17,0.08,1.5,9.33,0.0,0.0,0.26,13.95,0.0,13.95,0.0851
D0091,2025-03-01,11.33,0.07,1.72,9.01,0.0,0.0,0.53,13.95,0.0,13.95,0.0901
D0091,2025-04-01,12.14,0.07,1.54,10.01,0.0,0.0,0.52,13.95,0.0,13.95,0.0963
D0091,2025-05-01,9.16,0.06,1.47,7.53,0.0,0.0,0.1,13.95,0.0,13.95,0.1016
D0091,2025-06-01,8.86,0.06,1.32,7.33,0.0,0.0,0.15,13.95,0.0,13.95,0.1073
D0091,2025-07-01,9.74,0.06,1.4,7.85,0.0,0.0,0.43,13.95,0.0,13.95,0.1142
D0091,2025-08-01,8.68,0.05,1.25,7.32,0.0,0.0,0.06,13.95,0.0,13.95,0.1215
D0091,2025-09-01,7.47,0.05,1.1,6.21,0.0,0.0,0.11,13.95,0.0,13.95,0.1284
D0091,2025-10-01,7.31,0.05,1.11,5.97,0.0,0.0,0.18,13.95,0.0,13.95,0.1359
D0091,2025-11-01,6.78,0.05,1.06,5.31,0.0,0.0,0.36,13.95,0.0,13.95,0.1433
D0091,2025-12-01,6.66,0.04,1.08,5.18,0.0,0.0,0.36,13.95,0.0,13.95,0.1514
D0091,2026-02-01,5.99,0.04,0.92,4.67,0.0,0.0,0.36,13.95,0.0,13.95,0.1702
D0091,2026-04-01,5.65,0.03,0.81,4.69,0.0,0.0,0.12,13.95,0.0,13.95,0.1912
D0091,2026-05-01,5.26,0.03,0.76,4.32,0.0,0.0,0.15,13.95,0.0,13.95,0.2032
D0091,2026-06-01,7.47,0.03,0.63,6.64,0.0,0.0,0.17,13.95,0.0,13.95,0.225
D0091,2026-07-01,4.89,0.03,0.62,4.1,0.0,0.0,0.14,13.95,0.0,13.95,0.2409
D0092,2026-05-01,8.08,0.23,2.06,4.87,0.0,0.0,0.92,0.0,0.0,0.0,0.0
D0092,2026-06-01,7.79,0.23,2.28,4.9,0.0,0.0,0.38,0.0,0.0,0.0,0.0
D0092,2026-07-01,7.65,0.22,2.05,5.37,0.0,0.0,0.01,0.0,0.0,0.0,0.0
D0094,2025-03-01,4.07,0.04,0.73,3.06,0.0,0.0,0.24,3.39,0.0,3.39,0.051
D0094,2025-04-01,3.8,0.03,0.67,2.83,0.0,0.0,0.27,3.39,0.0,3.39,0.0533
D0094,2025-05-01,3.47,0.03,0.68,2.66,0.0,0.0,0.1,3.39,0.0,3.39,0.0556
D0094,2025-06-01,3.41,0.03,0.63,2.65,0.0,0.0,0.1,3.39,0.0,3.39,0.0582
D0094,2025-07-01,3.22,0.03,0.57,2.47,0.0,0.0,0.15,3.39,0.0,3.39,0.0607
D0094,2025-10-01,2.93,0.03,0.52,2.13,0.0,0.0,0.25,3.39,0.0,3.39,0.069
D0094,2025-12-01,3.97,0.02,0.48,3.4,0.0,0.0,0.07,3.39,0.0,3.39,0.0777
D0094,2026-01-01,4.56,0.02,0.44,4.0,0.0,0.0,0.1,3.39,0.0,3.39,0.0856
D0094,2026-02-01,2.19,0.02,0.4,1.65,0.0,0.0,0.12,3.39,0.0,3.39,0.0893
D0094,2026-03-01,2.12,0.02,0.4,1.65,0.0,0.0,0.05,3.39,0.0,3.39,0.0934
D0094,2026-04-01,2.05,0.02,0.36,1.59,0.0,0.0,0.08,3.39,0.0,3.39,0.0976
D0094,2026-05-01,1.91,0.02,0.33,1.45,0.0,0.0,0.11,3.39,0.0,3.39,0.1019
D0094,2026-06-01,1.73,0.02,0.29,1.39,0.0,0.0,0.03,3.39,0.0,3.39,0.1063
D0094,2026-07-01,1.75,0.02,0.32,1.35,0.0,0.0,0.06,3.39,0.0,3.39,0.111
D0097,2024-09-01,4.03,0.09,0.55,3.24,0.0,0.0,0.15,1.7,0.0,1.7,0.0214
D0097,2024-10-01,4.1,0.09,0.59,3.29,0.0,0.0,0.13,1.7,0.0,1.7,0.0223
D0097,2024-11-01,4.31,0.08,0.68,3.39,0.0,0.0,0.16,1.7,0.0,1.7,0.0234
D0097,2024-12-01,3.78,0.08,0.6,3.04,0.0,0.0,0.06,1.7,0.0,1.7,0.0244
D0097,2025-01-01,3.63,0.08,0.54,2.95,0.0,0.0,0.06,1.7,0.0,1.7,0.0255
D0097,2025-03-01,3.24,0.07,0.49,2.54,0.0,0.0,0.14,1.7,0.0,1.7,0.0279
D0097,2025-04-01,3.39,0.07,0.54,2.52,0.0,0.0,0.26,1.7,0.0,1.7,0.029
D0097,2025-05-01,3.09,0.06,0.41,2.62,0.0,0.0,0.0,1.7,0.11,1.59,0.0284
D0097,2025-06-01,2.95,0.06,0.37,2.26,0.0,0.0,0.26,1.59,0.0,1.59,0.0296
D0097,2025-07-01,2.65,0.06,0.37,2.12,0.0,0.0,0.1,1.59,0.0,1.59,0.0309
D0097,2025-08-01,2.62,0.06,0.42,2.05,0.0,0.0,0.09,1.59,0.0,1.59,0.0321
D0097,2025-09-01,2.78,0.05,0.41,2.12,0.0,0.0,0.2,1.59,0.0,1.59,0.0336
D0097,2025-10-01,2.14,0.05,0.3,1.79,0.0,0.0,0.0,1.59,0.03,1.56,0.0342
D0097,2025-11-01,2.2,0.05,0.3,1.85,0.0,0.0,0.0,1.56,0.08,1.48,0.0339
D0097,2025-12-01,2.17,0.05,0.3,1.82,0.0,0.0,0.0,1.48,0.06,1.42,0.0339
D0097,2026-01-01,2.03,0.05,0.36,1.62,0.0,0.0,0.0,1.42,0.09,1.33,0.033
D0097,2026-02-01,2.12,0.04,0.29,1.79,0.0,0.0,0.0,1.33,0.05,1.28,0.0333
D0097,2026-03-01,1.95,0.04,0.27,1.48,0.0,0.0,0.16,1.28,0.0,1.28,0.0346
D0097,2026-04-01,2.08,0.04,0.29,1.64,0.0,0.0,0.11,1.28,0.0,1.28,0.0362
D0097,2026-05-01,1.74,0.04,0.26,1.36,0.0,0.0,0.08,1.28,0.0,1.28,0.0376
D0097,2026-06-01,1.76,0.04,0.24,1.48,0.0,0.0,0.0,1.28,0.0,1.28,0.0394
D0097,2026-07-01,1.81,0.04,0.23,1.42,0.0,0.0,0.12,1.28,0.0,1.28,0.0412
D0100,2025-06-01,6.88,0.15,1.33,4.88,0.0,0.0,0.52,9.47,0.0,9.47,0.0755
D0100,2025-07-01,6.19,0.15,1.44,4.13,0.0,0.0,0.47,9.47,0.0,9.47,0.0781
D0100,2025-08-01,6.09,0.14,1.27,4.19,0.0,0.0,0.49,9.47,0.0,9.47,0.0809
D0100,2025-09-01,5.94,0.14,1.4,3.9,0.0,0.0,0.5,9.47,0.0,9.47,0.0836
D0100,2025-10-01,5.93,0.13,1.16,4.13,0.0,0.0,0.51,9.47,0.0,9.47,0.0868
D0100,2025-11-01,5.27,0.13,1.13,3.78,0.0,0.0,0.23,9.47,0.0,9.47,0.0899
D0100,2026-01-01,5.37,0.12,1.04,3.76,0.0,0.0,0.45,9.47,0.0,9.47,0.0965
D0100,2026-02-01,5.17,0.12,1.08,3.61,0.0,0.0,0.36,9.47,0.0,9.47,0.1002
D0100,2026-03-01,4.78,0.11,1.08,3.2,0.0,0.0,0.39,9.47,0.0,9.47,0.1037
D0100,2026-04-01,4.64,0.11,0.95,3.34,0.0,0.0,0.24,9.47,0.0,9.47,0.1076
D0100,2026-05-01,4.0,0.1,0.9,2.7,0.0,0.0,0.3,9.47,0.0,9.47,0.111
D0100,2026-06-01,3.87,0.1,0.88,2.72,0.0,0.0,0.17,9.47,0.0,9.47,0.1147
D0100,2026-07-01,4.44,0.1,0.89,3.16,0.0,0.0,0.29,9.47,0.0,9.47,0.1192
D0103,2025-01-01,5.64,0.19,1.63,3.75,0.0,0.0,0.07,18.4,0.0,18.4,0.1104
D0103,2025-02-01,6.22,0.18,1.47,3.77,0.0,0.0,0.8,18.4,0.0,18.4,0.113
D0103,2025-03-01,6.07,0.18,1.26,3.84,0.0,0.0,0.79,18.4,0.0,18.4,0.1157
D0103,2025-04-01,5.52,0.18,1.3,3.58,0.0,0.0,0.46,18.4,0.0,18.4,0.1184
D0103,2025-06-01,5.75,0.17,1.49,3.74,0.0,0.0,0.35,18.4,0.0,18.4,0.1243
D0103,2025-07-01,5.73,0.16,1.34,3.61,0.0,0.0,0.62,18.4,0.0,18.4,0.1274
D0103,2025-08-01,5.41,0.16,1.25,3.4,0.0,0.0,0.6,18.4,0.0,18.4,0.1305
D0103,2025-09-01,4.62,0.16,1.19,3.27,0.0,0.0,0.0,18.4,0.08,18.32,0.133
D0103,2025-10-01,5.09,0.15,1.1,3.47,0.0,0.0,0.37,18.32,0.0,18.32,0.1365
D0103,2025-11-01,4.87,0.15,1.16,3.04,0.0,0.0,0.52,18.32,0.0,18.32,0.1396
D0103,2025-12-01,4.9,0.14,1.07,3.27,0.0,0.0,0.42,18.32,0.0,18.32,0.1432
D0103,2026-01-01,4.76,0.14,1.01,2.99,0.0,0.0,0.62,18.32,0.0,18.32,0.1466
D0103,2026-02-01,4.39,0.14,1.17,2.84,0.0,0.0,0.24,18.32,0.0,18.32,0.15
D0103,2026-03-01,4.56,0.13,1.13,3.03,0.0,0.0,0.27,18.32,0.0,18.32,0.1538
D0103,2026-04-01,4.27,0.13,1.0,2.65,0.0,0.0,0.49,18.32,0.0,18.32,0.1573
D0103,2026-05-01,4.18,0.13,1.02,2.6,0.0,0.0,0.43,18.32,0.0,18.32,0.1609
D0103,2026-06-01,3.98,0.13,0.88,2.7,0.0,0.0,0.27,18.32,0.0,18.32,0.1649
D0103,2026-07-01,4.12,0.12,0.94,2.65,0.0,0.0,0.41,18.32,0.0,18.32,0.1689
D0104,2025-06-01,10.99,0.26,1.4,9.1,0.0,0.0,0.23,0.0,0.0,0.0,0.0
D0104,2025-07-01,11.56,0.24,1.31,9.78,0.0,0.0,0.23,0.0,0.0,0.0,0.0
D0104,2025-08-01,11.48,0.23,1.23,9.93,0.0,0.0,0.09,0.0,0.0,0.0,0.0
D0104,2025-09-01,10.37,0.21,1.26,8.46,0.0,0.0,0.44,0.0,0.0,0.0,0.0
D0104,2025-10-01,8.8,0.2,1.22,6.75,0.0,0.0,0.63,0.0,0.0,0.0,0.0
D0104,2025-11-01,8.09,0.19,0.92,6.88,0.0,0.0,0.1,0.0,0.0,0.0,0.0
D0104,2025-12-01,7.64,0.18,0.96,6.4,0.0,0.0,0.1,0.0,0.0,0.0,0.0
D0104,2026-01-01,8.67,0.17,0.84,7.65,0.0,0.0,0.01,0.0,0.0,0.0,0.0
D0104,2026-02-01,8.56,0.16,1.04,6.84,0.0,0.0,0.52,0.0,0.0,0.0,0.0
D0104,2026-03-01,6.91,0.15,0.87,5.56,0.0,0.0,0.33,0.0,0.0,0.0,0.0
D0104,2026-04-01,6.85,0.15,0.84,5.48,0.0,0.0,0.38,0.0,0.0,0.0,0.0
D0104,2026-05-01,6.32,0.14,0.74,5.09,0.0,0.0,0.35,0.0,0.0,0.0,0.0
D0104,2026-06-01,5.44,0.13,0.62,4.33,0.0,0.0,0.36,0.0,0.0,0.0,0.0
D0104,2026-07-01,5.5,0.12,0.7,4.4,0.0,0.0,0.28,0.0,0.0,0.0,0.0
D0106,2025-04-01,4.44,0.11,0.72,3.29,0.0,0.0,0.32,4.44,0.0,4.44,0.0551
D0106,2025-05-01,3.65,0.11,0.68,2.81,0.0,0.0,0.05,4.44,0.0,4.44,0.0571
D0106,2025-06-01,3.81,0.1,0.74,2.76,0.0,0.0,0.21,4.44,0.0,4.44,0.0592
D0106,2025-07-01,3.8,0.1,0.68,2.75,0.0,0.0,0.27,4.44,0.0,4.44,0.0615
D0106,2025-08-01,3.32,0.1,0.7,2.48,0.0,0.0,0.04,4.44,0.0,4.44,0.0637
D0106,2025-09-01,3.33,0.09,0.59,2.5,0.0,0.0,0.15,4.44,0.0,4.44,0.066
D0106,2025-10-01,3.48,0.09,0.62,2.48,0.0,0.0,0.29,4.44,0.0,4.44,0.0686
D0106,2025-11-01,3.13,0.09,0.61,2.43,0.0,0.0,0.0,4.44,0.15,4.29,0.0688
D0106,2025-12-01,2.92,0.08,0.59,2.25,0.0,0.0,0.0,4.29,0.1,4.19,0.0697
D0106,2026-01-01,3.13,0.08,0.56,2.32,0.0,0.0,0.17,4.19,0.0,4.19,0.0725
D0106,2026-02-01,2.64,0.08,0.45,2.11,0.0,0.0,0.0,4.19,0.03,4.16,0.0747
D0106,2026-03-01,2.85,0.07,0.5,2.1,0.0,0.0,0.18,4.16,0.0,4.16,0.0777
D0106,2026-04-01,5.21,0.07,0.47,4.54,0.0,0.0,0.13,4.16,0.0,4.16,0.0849
D0106,2026-05-01,2.2,0.07,0.4,1.73,0.0,0.0,0.0,4.16,0.03,4.13,0.0873
D0106,2026-06-01,2.35,0.06,0.45,1.84,0.0,0.0,0.0,4.13,0.12,4.01,0.0882
D0106,2026-07-01,2.32,0.06,0.39,1.71,0.0,0.0,0.16,4.01,0.0,4.01,0.0917
D0107,2024-04-01,3.15,0.03,0.65,2.47,0.0,0.0,0.0,3.76,0.0,3.76,0.0602
D0107,2024-05-01,3.28,0.03,0.62,2.42,0.0,0.0,0.21,3.76,0.0,3.76,0.0626
D0107,2024-06-01,3.17,0.03,0.69,2.31,0.0,0.0,0.14,3.76,0.0,3.76,0.0651
D0107,2024-07-01,2.96,0.03,0.6,2.23,0.0,0.0,0.1,3.76,0.0,3.76,0.0677
D0107,2024-08-01,2.85,0.03,0.61,2.08,0.0,0.0,0.13,3.76,0.0,3.76,0.0703
D0107,2024-09-01,2.69,0.03,0.56,1.89,0.0,0.0,0.21,3.76,0.0,3.76,0.0729
D0107,2024-10-01,2.76,0.03,0.55,1.99,0.0,0.0,0.19,3.76,0.0,3.76,0.0759
D0107,2024-11-01,2.5,0.03,0.56,1.85,0.0,0.0,0.06,3.76,0.0,3.76,0.0788
D0107,2024-12-01,2.51,0.02,0.51,1.83,0.0,0.0,0.15,3.76,0.0,3.76,0.0819
D0107,2025-01-01,2.29,0.02,0.46,1.67,0.0,0.0,0.14,3.76,0.0,3.76,0.085
D0107,2025-02-01,2.27,0.02,0.48,1.69,0.0,0.0,0.08,3.76,0.0,3.76,0.0884
D0107,2025-03-01,3.07,0.02,0.42,2.51,0.0,0.0,0.12,3.76,0.0,3.76,0.094
D0107,2025-04-01,1.98,0.02,0.39,1.44,0.0,0.0,0.13,3.76,0.0,3.76,0.0975
D0107,2025-05-01,1.91,0.02,0.39,1.38,0.0,0.0,0.12,3.76,0.0,3.76,0.1011
D0107,2025-06-01,1.92,0.02,0.4,1.43,0.0,0.0,0.07,3.76,0.0,3.76,0.1051
D0107,2025-07-01,1.74,0.02,0.41,1.28,0.0,0.0,0.03,3.76,0.0,3.76,0.109
D0107,2025-08-01,1.75,0.02,0.38,1.25,0.0,0.0,0.1,3.76,0.0,3.76,0.1131
D0107,2025-09-01,1.67,0.02,0.36,1.18,0.0,0.0,0.11,3.76,0.0,3.76,0.1173
D0107,2025-10-01,1.63,0.02,0.33,1.22,0.0,0.0,0.06,3.76,0.0,3.76,0.1219
D0107,2025-11-01,1.59,0.02,0.36,1.17,0.0,0.0,0.04,3.76,0.0,3.76,0.1267
D0107,2025-12-01,1.42,0.02,0.27,1.11,0.0,0.0,0.02,3.76,0.0,3.76,0.1317
D0107,2026-01-01,1.38,0.01,0.31,1.02,0.0,0.0,0.04,3.76,0.0,3.76,0.1365
D0107,2026-02-01,1.38,0.01,0.29,1.01,0.0,0.0,0.07,3.76,0.0,3.76,0.1417
D0107,2026-03-01,1.32,0.01,0.27,0.97,0.0,0.0,0.07,3.76,0.0,3.76,0.1471
D0107,2026-04-01,1.3,0.01,0.28,0.94,0.0,0.0,0.07,3.76,0.0,3.76,0.1527
D0107,2026-05-01,1.27,0.01,0.26,0.91,0.0,0.0,0.09,3.76,0.0,3.76,0.1586
D0107,2026-06-01,1.12,0.01,0.23,0.88,0.0,0.0,0.0,3.76,0.0,3.76,0.1647
D0107,2026-07-01,1.2,0.01,0.25,0.83,0.0,0.0,0.11,3.76,0.0,3.76,0.1709
D0112,2025-08-01,14.92,0.18,1.95,12.27,0.0,0.0,0.52,14.18,0.0,14.18,0.0754
D0112,2025-09-01,13.08,0.17,2.09,10.36,0.0,0.0,0.46,14.18,0.0,14.18,0.0798
D0112,2025-10-01,11.06,0.17,1.85,8.39,0.0,0.0,0.65,14.18,0.0,14.18,0.0838
D0112,2025-11-01,13.1,0.16,1.65,10.55,0.0,0.0,0.74,14.18,0.0,14.18,0.0893
D0112,2025-12-01,11.09,0.15,1.67,8.7,0.0,0.0,0.57,14.18,0.0,14.18,0.0945
D0112,2026-01-01,13.72,0.14,1.55,11.67,0.0,0.0,0.36,14.18,0.0,14.18,0.1025
D0112,2026-02-01,8.21,0.13,1.59,6.43,0.0,0.0,0.06,14.18,0.0,14.18,0.1075
D0112,2026-03-01,9.34,0.12,1.36,7.3,0.0,0.0,0.56,14.18,0.0,14.18,0.1137
D0112,2026-04-01,8.58,0.12,1.25,6.94,0.0,0.0,0.27,14.18,0.0,14.18,0.1205
D0112,2026-05-01,7.95,0.11,1.15,6.53,0.0,0.0,0.16,14.18,0.0,14.18,0.1275
D0112,2026-06-01,7.96,0.1,1.06,6.41,0.0,0.0,0.39,14.18,0.0,14.18,0.1353
D0112,2026-07-01,6.85,0.1,1.04,5.26,0.0,0.0,0.45,14.18,0.0,14.18,0.1425
D0117,2025-01-01,11.01,0.27,1.85,8.72,0.0,0.0,0.17,0.0,0.0,0.0,0.0
D0117,2025-02-01,11.44,0.26,1.84,9.02,0.0,0.0,0.32,0.0,0.0,0.0,0.0
D0117,2025-03-01,9.72,0.24,1.64,7.65,0.0,0.0,0.19,0.0,0.0,0.0,0.0
D0117,2025-04-01,9.4,0.23,1.41,7.05,0.0,0.0,0.71,0.0,0.0,0.0,0.0
D0117,2025-05-01,9.35,0.22,1.52,7.26,0.0,0.0,0.35,0.0,0.0,0.0,0.0
D0117,2025-06-01,8.33,0.21,1.33,6.46,0.0,0.0,0.33,0.0,0.0,0.0,0.0
D0117,2025-07-01,8.57,0.2,1.45,6.71,0.0,0.0,0.21,0.0,0.0,0.0,0.0
D0117,2025-08-01,8.24,0.19,1.23,6.49,0.0,0.0,0.33,0.0,0.0,0.0,0.0
D0117,2025-09-01,7.24,0.18,1.09,5.68,0.0,0.0,0.29,0.0,0.0,0.0,0.0
D0117,2025-10-01,6.64,0.17,1.14,5.19,0.0,0.0,0.14,0.0,0.0,0.0,0.0
D0117,2025-11-01,7.42,0.16,1.06,5.81,0.0,0.0,0.39,0.0,0.0,0.0,0.0
D0117,2025-12-01,6.54,0.15,1.0,5.29,0.0,0.0,0.1,0.0,0.0,0.0,0.0
D0117,2026-01-01,6.38,0.15,0.91,4.94,0.0,0.0,0.38,0.0,0.0,0.0,0.0
D0117,2026-02-01,5.96,0.14,0.97,4.79,0.0,0.0,0.06,0.0,0.0,0.0,0.0
D0117,2026-03-01,5.36,0.13,0.84,4.34,0.0,0.0,0.05,0.0,0.0,0.0,0.0
D0117,2026-04-01,4.76,0.13,0.81,3.74,0.0,0.0,0.08,0.0,0.0,0.0,0.0
D0117,2026-05-01,5.07,0.12,0.8,3.99,0.0,0.0,0.16,0.0,0.0,0.0,0.0
D0117,2026-06-01,4.82,0.11,0.72,3.71,0.0,0.0,0.28,0.0,0.0,0.0,0.0
D0117,2026-07-01,4.38,0.11,0.72,3.31,0.0,0.0,0.24,0.0,0.0,0.0,0.0
D0122,2026-01-01,12.72,0.26,2.43,8.74,0.0,0.0,1.29,20.39,0.0,20.39,0.0784
D0122,2026-02-01,13.16,0.25,2.68,9.16,0.0,0.0,1.07,20.39,0.0,20.39,0.0813
D0122,2026-03-01,12.26,0.24,2.67,9.09,0.0,0.0,0.26,20.39,0.0,20.39,0.0844
D0122,2026-04-01,11.76,0.23,2.33,8.55,0.0,0.0,0.65,20.39,0.0,20.39,0.0875
D0122,2026-05-01,11.84,0.22,2.31,8.24,0.0,0.0,1.07,20.39,0.0,20.39,0.0907
D0122,2026-06-01,11.99,0.21,2.23,8.71,0.0,0.0,0.84,20.39,0.0,20.39,0.0943
D0122,2026-07-01,10.79,0.2,2.27,8.24,0.0,0.0,0.08,20.39,0.0,20.39,0.0981
D0125,2024-09-01,5.64,0.1,0.91,4.37,0.0,0.0,0.26,2.9,0.0,2.9,0.0331
D0125,2024-10-01,6.33,0.09,0.89,5.07,0.0,0.0,0.28,2.9,0.0,2.9,0.0351
D0125,2024-11-01,5.06,0.09,0.79,3.98,0.0,0.0,0.2,2.9,0.0,2.9,0.0369
D0125,2024-12-01,5.85,0.08,0.8,4.67,0.0,0.0,0.3,2.9,0.0,2.9,0.0392
D0125,2025-01-01,4.97,0.08,0.78,4.03,0.0,0.0,0.08,2.9,0.0,2.9,0.0415
D0125,2025-02-01,4.94,0.07,0.71,3.87,0.0,0.0,0.29,2.9,0.0,2.9,0.0439
D0125,2025-03-01,3.91,0.07,0.72,2.9,0.0,0.0,0.22,2.9,0.0,2.9,0.046
D0125,2025-04-01,4.48,0.06,0.66,3.75,0.0,0.0,0.01,2.9,0.0,2.9,0.0489
D0125,2025-05-01,3.85,0.06,0.56,3.06,0.0,0.0,0.17,2.9,0.0,2.9,0.0515
D0125,2025-06-01,3.66,0.06,0.58,2.89,0.0,0.0,0.13,2.9,0.0,2.9,0.0543
D0125,2025-07-01,3.83,0.05,0.54,3.0,0.0,0.0,0.24,2.9,0.0,2.9,0.0575
D0125,2025-08-01,3.56,0.05,0.49,2.94,0.0,0.0,0.08,2.9,0.0,2.9,0.0611
D0125,2025-09-01,3.15,0.05,0.54,2.39,0.0,0.0,0.17,2.9,0.0,2.9,0.0643
D0125,2025-10-01,2.96,0.05,0.48,2.32,0.0,0.0,0.11,2.9,0.0,2.9,0.0678
D0125,2025-11-01,3.0,0.04,0.44,2.36,0.0,0.0,0.16,2.9,0.0,2.9,0.0718
D0125,2025-12-01,2.77,0.04,0.45,2.25,0.0,0.0,0.03,2.9,0.0,2.9,0.076
D0125,2026-01-01,2.8,0.04,0.37,2.29,0.0,0.0,0.1,2.9,0.0,2.9,0.0809
D0125,2026-02-01,2.12,0.04,0.37,1.61,0.0,0.0,0.1,2.9,0.0,2.9,0.0847
D0125,2026-03-01,1.99,0.04,0.37,1.42,0.0,0.0,0.16,2.9,0.0,2.9,0.0884
D0125,2026-04-01,2.14,0.03,0.35,1.75,0.0,0.0,0.01,2.9,0.0,2.9,0.0933
D0125,2026-05-01,2.12,0.03,0.33,1.68,0.0,0.0,0.08,2.9,0.0,2.9,0.0987
D0125,2026-07-01,1.83,0.03,0.26,1.44,0.0,0.0,0.1,2.9,0.0,2.9,0.1107
D0128,2025-11-01,2.19,0.05,0.31,1.77,0.0,0.0,0.06,0.0,0.0,0.0,0.0
D0128,2025-12-01,2.95,0.05,0.3,2.57,0.0,0.0,0.03,0.0,0.0,0.0,0.0
D0128,2026-01-01,1.91,0.05,0.28,1.56,0.0,0.0,0.02,0.0,0.0,0.0,0.0
D0128,2026-02-01,1.9,0.04,0.25,1.45,0.0,0.0,0.16,0.0,0.0,0.0,0.0
D0128,2026-03-01,2.17,0.04,0.3,1.68,0.0,0.0,0.15,0.0,0.0,0.0,0.0
D0128,2026-04-01,3.26,0.04,0.21,2.99,0.0,0.0,0.02,0.0,0.0,0.0,0.0
D0128,2026-05-01,1.71,0.04,0.18,1.4,0.0,0.0,0.09,0.0,0.0,0.0,0.0
D0128,2026-06-01,1.53,0.03,0.2,1.25,0.0,0.0,0.05,0.0,0.0,0.0,0.0
D0128,2026-07-01,1.35,0.03,0.19,1.11,0.0,0.0,0.02,0.0,0.0,0.0,0.0
D0131,2024-10-01,11.15,0.36,2.37,8.14,0.0,0.0,0.28,25.06,0.0,25.06,0.0936
D0131,2024-11-01,10.92,0.35,2.27,8.13,0.0,0.0,0.17,25.06,0.0,25.06,0.0965
D0131,2024-12-01,10.48,0.34,1.9,7.62,0.0,0.0,0.62,25.06,0.0,25.06,0.0994
D0131,2025-01-01,9.07,0.33,1.87,6.73,0.0,0.0,0.14,25.06,0.0,25.06,0.1022
D0131,2025-02-01,10.03,0.32,2.1,6.67,0.0,0.0,0.94,25.06,0.0,25.06,0.105
D0131,2025-03-01,9.4,0.31,1.97,7.12,0.0,0.0,0.0,25.06,0.16,24.9,0.1075
D0131,2025-04-01,17.35,0.29,1.79,15.27,0.0,0.0,0.0,24.9,0.27,24.63,0.1139
D0131,2025-05-01,8.83,0.28,1.79,6.21,0.0,0.0,0.55,24.63,0.0,24.63,0.1173
D0131,2025-06-01,8.44,0.28,1.44,5.83,0.0,0.0,0.89,24.63,0.0,24.63,0.1206
D0131,2025-07-01,10.47,0.27,1.62,7.98,0.0,0.0,0.6,24.63,0.0,24.63,0.1255
D0131,2025-08-01,7.69,0.26,1.75,5.68,0.0,0.0,0.0,24.63,0.2,24.43,0.1282
D0131,2025-09-01,7.22,0.25,1.63,5.34,0.0,0.0,0.0,24.43,0.15,24.28,0.1311
D0132,2025-06-01,8.18,0.08,1.31,6.53,0.0,0.0,0.26,11.07,0.0,11.07,0.0816
D0132,2025-07-01,8.32,0.07,1.31,6.86,0.0,0.0,0.08,11.07,0.0,11.07,0.086
D0132,2025-08-01,9.21,0.07,1.19,7.68,0.0,0.0,0.27,11.07,0.0,11.07,0.0915
D0132,2025-09-01,9.03,0.07,1.09,7.37,0.0,0.0,0.5,11.07,0.0,11.07,0.0974
D0132,2025-10-01,6.93,0.06,1.06,5.76,0.0,0.0,0.05,11.07,0.0,11.07,0.1026
D0132,2025-11-01,7.54,0.06,1.0,6.03,0.0,0.0,0.45,11.07,0.0,11.07,0.1087
D0132,2025-12-01,7.03,0.06,0.84,6.08,0.0,0.0,0.05,11.07,0.0,11.07,0.1156
D0132,2026-01-01,5.42,0.05,0.89,4.22,0.0,0.0,0.26,11.07,0.0,11.07,0.1209
D0132,2026-02-01,5.22,0.05,0.84,4.23,0.0,0.0,0.1,11.07,0.0,11.07,0.1267
D0132,2026-03-01,5.9,0.05,0.79,4.67,0.0,0.0,0.39,11.07,0.0,11.07,0.1339
D0132,2026-04-01,4.97,0.05,0.86,4.05,0.0,0.0,0.01,11.07,0.0,11.07,0.1408
D0132,2026-05-01,5.51,0.04,0.69,4.45,0.0,0.0,0.33,11.07,0.0,11.07,0.1492
D0132,2026-06-01,5.17,0.04,0.62,4.49,0.0,0.0,0.02,11.07,0.0,11.07,0.1588
D0132,2026-07-01,4.99,0.04,0.72,4.03,0.0,0.0,0.2,11.07,0.0,11.07,0.1686
D0136,2025-02-01,11.93,0.14,2.2,8.79,0.0,0.0,0.8,9.4,0.0,9.4,0.0495
D0136,2025-03-01,11.7,0.13,1.92,8.96,0.0,0.0,0.69,9.4,0.0,9.4,0.0519
D0136,2025-04-01,11.19,0.13,1.91,9.09,0.0,0.0,0.06,9.4,0.0,9.4,0.0547
D0136,2025-05-01,10.18,0.12,1.79,7.94,0.0,0.0,0.33,9.4,0.0,9.4,0.0573
D0136,2025-06-01,11.35,0.11,1.63,9.12,0.0,0.0,0.49,9.4,0.0,9.4,0.0607
D0136,2025-07-01,9.69,0.11,1.46,8.01,0.0,0.0,0.11,9.4,0.0,9.4,0.064
D0136,2025-08-01,8.52,0.1,1.55,6.49,0.0,0.0,0.38,9.4,0.0,9.4,0.067
D0136,2025-09-01,9.32,0.1,1.52,7.69,0.0,0.0,0.01,9.4,0.0,9.4,0.0709
D0136,2025-10-01,8.21,0.09,1.43,6.55,0.0,0.0,0.14,9.4,0.0,9.4,0.0745
D0136,2025-11-01,8.05,0.09,1.28,6.41,0.0,0.0,0.27,9.4,0.0,9.4,0.0785
D0136,2025-12-01,7.19,0.08,1.2,5.89,0.0,0.0,0.02,9.4,0.0,9.4,0.0826
D0136,2026-01-01,11.38,0.08,1.27,10.01,0.0,0.0,0.02,9.4,0.0,9.4,0.0906
D0136,2026-02-01,6.82,0.07,1.07,5.4,0.0,0.0,0.28,9.4,0.0,9.4,0.0955
D0136,2026-03-01,6.9,0.07,1.1,5.32,0.0,0.0,0.41,9.4,0.0,9.4,0.101
D0136,2026-05-01,5.82,0.06,0.84,4.55,0.0,0.0,0.37,9.4,0.0,9.4,0.1123
D0136,2026-06-01,5.64,0.06,0.93,4.61,0.0,0.0,0.04,9.4,0.0,9.4,0.1189
D0136,2026-07-01,5.23,0.06,0.84,4.11,0.0,0.0,0.22,9.4,0.0,9.4,0.1254
D0137,2025-07-01,10.06,0.1,1.72,8.23,0.0,0.0,0.01,14.13,0.0,14.13,0.0683
D0137,2025-08-01,10.12,0.1,1.47,7.69,0.0,0.0,0.86,14.13,0.0,14.13,0.071
D0137,2025-09-01,10.27,0.1,1.19,8.26,0.0,0.0,0.72,14.13,0.0,14.13,0.074
D0137,2025-10-01,8.83,0.09,1.5,6.88,0.0,0.0,0.36,14.13,0.0,14.13,0.0768
D0137,2025-11-01,8.52,0.09,1.22,6.87,0.0,0.0,0.34,14.13,0.0,14.13,0.0798
D0137,2025-12-01,9.04,0.09,1.38,7.37,0.0,0.0,0.2,14.13,0.0,14.13,0.0833
D0137,2026-01-01,8.47,0.08,1.22,7.17,0.0,0.0,0.0,14.13,0.4,13.73,0.0845
D0137,2026-02-01,7.14,0.08,1.2,5.86,0.0,0.0,0.0,13.73,0.33,13.4,0.0855
D0137,2026-03-01,6.97,0.08,1.15,5.74,0.0,0.0,0.0,13.4,0.25,13.15,0.0871
D0137,2026-04-01,7.45,0.07,0.88,6.5,0.0,0.0,0.0,13.15,0.09,13.06,0.0904
D0137,2026-05-01,7.91,0.07,0.97,6.21,0.0,0.0,0.66,13.06,0.0,13.06,0.0945
D0137,2026-06-01,7.16,0.07,1.1,5.99,0.0,0.0,0.0,13.06,0.28,12.78,0.0966
D0137,2026-07-01,6.33,0.06,0.87,4.96,0.0,0.0,0.44,12.78,0.0,12.78,0.1004
D0139,2025-07-01,0.27,0.0,0.0,0.0,0.05,0.2,0.02,0.57,0.0,0.57,
D0139,2025-09-01,0.26,0.0,0.0,0.0,0.04,0.21,0.01,0.57,0.0,0.57,
D0139,2025-10-01,0.24,0.0,0.0,0.0,0.04,0.2,0.0,0.57,0.0,0.57,
D0139,2025-11-01,0.23,0.0,0.0,0.0,0.03,0.2,0.0,0.57,0.0,0.57,
D0139,2025-12-01,0.21,0.0,0.0,0.0,0.03,0.18,0.0,0.57,0.0,0.57,
D0139,2026-01-01,0.23,0.0,0.0,0.0,0.03,0.18,0.02,0.57,0.0,0.57,
D0139,2026-02-01,0.34,0.0,0.0,0.0,0.03,0.3,0.01,0.57,0.0,0.57,
D0139,2026-03-01,0.19,0.0,0.0,0.0,0.03,0.15,0.01,0.57,0.0,0.57,
D0139,2026-04-01,0.2,0.0,0.0,0.0,0.03,0.17,0.0,0.57,0.0,0.57,
D0139,2026-05-01,0.14,0.0,0.0,0.0,0.03,0.11,0.0,0.57,0.0,0.57,
D0139,2026-06-01,0.14,0.0,0.0,0.0,0.02,0.12,0.0,0.57,0.0,0.57,
D0139,2026-07-01,0.13,0.0,0.0,0.0,0.02,0.1,0.01,0.57,0.0,0.57,
D0143,2026-03-01,13.81,0.21,3.17,9.99,0.0,0.0,0.44,20.65,0.0,20.65,0.0632
D0143,2026-04-01,14.65,0.2,3.22,9.74,0.0,0.0,1.49,20.65,0.0,20.65,0.0651
D0143,2026-05-01,13.38,0.2,3.01,9.42,0.0,0.0,0.75,20.65,0.0,20.65,0.0671
D0143,2026-06-01,12.35,0.19,2.98,9.13,0.0,0.0,0.05,20.65,0.0,20.65,0.0692
D0143,2026-07-01,13.42,0.19,3.07,8.86,0.0,0.0,1.3,20.65,0.0,20.65,0.0713
D0145,2024-08-01,22.92,0.42,3.04,18.57,0.0,0.0,0.89,23.28,0.0,23.28,0.0868
D0145,2024-09-01,18.15,0.4,2.84,13.88,0.0,0.0,1.03,23.28,0.0,23.28,0.0916
D0145,2024-10-01,17.7,0.38,2.66,13.52,0.0,0.0,1.14,23.28,0.0,23.28,0.0967
D0145,2024-11-01,16.79,0.36,2.45,13.87,0.0,0.0,0.11,23.28,0.0,23.28,0.1026
D0145,2024-12-01,16.44,0.33,2.38,13.49,0.0,0.0,0.24,23.28,0.0,23.28,0.1091
D0145,2025-02-01,14.96,0.3,1.98,12.68,0.0,0.0,0.0,23.28,0.5,22.78,0.1205
D0145,2025-03-01,15.38,0.28,2.13,12.97,0.0,0.0,0.0,22.78,0.19,22.59,0.1284
D0145,2025-04-01,15.59,0.26,1.55,13.3,0.0,0.0,0.48,22.59,0.0,22.59,0.1388
D0145,2025-05-01,11.15,0.24,1.69,8.61,0.0,0.0,0.61,22.59,0.0,22.59,0.1466
D0145,2025-06-01,11.43,0.23,1.48,9.72,0.0,0.0,0.0,22.59,0.11,22.48,0.1557
D0145,2025-07-01,10.94,0.21,1.54,9.19,0.0,0.0,0.0,22.48,0.39,22.09,0.1634
D0145,2025-08-01,9.29,0.2,1.21,7.88,0.0,0.0,0.0,22.09,0.3,21.79,0.1712
D0145,2025-09-01,9.41,0.19,1.32,7.65,0.0,0.0,0.25,21.79,0.0,21.79,0.1821
D0145,2025-10-01,8.88,0.18,1.23,7.47,0.0,0.0,0.0,21.79,0.29,21.5,0.1917
D0146,2024-05-01,12.6,0.17,1.62,10.62,0.0,0.0,0.19,14.63,0.0,14.63,0.0847
D0146,2024-06-01,13.93,0.15,1.58,11.89,0.0,0.0,0.31,14.63,0.0,14.63,0.091
D0146,2024-07-01,11.13,0.15,1.19,9.29,0.0,0.0,0.5,14.63,0.0,14.63,0.0966
D0146,2024-08-01,11.07,0.14,1.24,9.32,0.0,0.0,0.37,14.63,0.0,14.63,0.1029
D0146,2024-09-01,15.5,0.12,1.13,13.64,0.0,0.0,0.61,14.63,0.0,14.63,0.1138
D0146,2024-10-01,10.11,0.12,1.2,8.5,0.0,0.0,0.29,14.63,0.0,14.63,0.1219
D0146,2024-11-01,9.05,0.11,0.88,7.95,0.0,0.0,0.11,14.63,0.0,14.63,0.1305
D0146,2024-12-01,7.39,0.1,1.0,5.97,0.0,0.0,0.32,14.63,0.0,14.63,0.1379
D0146,2025-01-01,7.52,0.1,0.88,6.25,0.0,0.0,0.29,14.63,0.0,14.63,0.1465
D0146,2025-02-01,7.62,0.09,0.71,6.41,0.0,0.0,0.41,14.63,0.0,14.63,0.1565
D0146,2025-03-01,6.21,0.08,0.86,5.26,0.0,0.0,0.01,14.63,0.0,14.63,0.1659
D0146,2025-04-01,5.9,0.08,0.78,5.04,0.0,0.0,0.0,14.63,0.0,14.63,0.1759
D0146,2025-05-01,6.63,0.07,0.68,5.57,0.0,0.0,0.31,14.63,0.0,14.63,0.1886
D0146,2025-06-01,5.11,0.07,0.71,4.22,0.0,0.0,0.11,14.63,0.0,14.63,0.1994
D0146,2025-07-01,4.97,0.07,0.61,4.15,0.0,0.0,0.14,14.63,0.0,14.63,0.2114
D0146,2025-08-01,4.79,0.06,0.59,3.92,0.0,0.0,0.22,14.63,0.0,14.63,0.224
D0146,2025-09-01,4.82,0.06,0.52,4.09,0.0,0.0,0.15,14.63,0.0,14.63,0.239
D0146,2025-10-01,4.43,0.06,0.46,3.9,0.0,0.0,0.01,14.63,0.0,14.63,0.2553
D0146,2025-11-01,4.26,0.05,0.46,3.56,0.0,0.0,0.19,14.63,0.0,14.63,0.2722
D0146,2025-12-01,3.63,0.05,0.47,3.0,0.0,0.0,0.11,14.63,0.0,14.63,0.2883
D0146,2026-01-01,3.34,0.05,0.38,2.85,0.0,0.0,0.06,14.63,0.0,14.63,0.3054
D0146,2026-02-01,3.52,0.04,0.39,3.06,0.0,0.0,0.03,14.63,0.0,14.63,0.3263
D0146,2026-03-01,3.5,0.04,0.38,3.0,0.0,0.0,0.08,14.63,0.0,14.63,0.3497
D0146,2026-04-01,2.6,0.04,0.32,2.24,0.0,0.0,0.0,14.63,0.0,14.63,0.3694
D0146,2026-06-01,2.71,0.03,0.25,2.29,0.0,0.0,0.14,14.63,0.0,14.63,0.4225
D0146,2026-07-01,2.63,0.03,0.29,2.31,0.0,0.0,0.0,14.63,0.0,14.63,0.4527
D0147,2025-05-01,15.0,0.34,1.92,12.08,0.0,0.0,0.66,11.4,0.0,11.4,0.05
D0147,2025-06-01,14.54,0.32,1.98,11.41,0.0,0.0,0.83,11.4,0.0,11.4,0.0526
D0147,2025-08-01,13.76,0.29,2.01,10.58,0.0,0.0,0.88,11.4,0.0,11.4,0.0584
D0147,2025-09-01,12.2,0.27,1.82,9.77,0.0,0.0,0.34,11.4,0.0,11.4,0.0615
D0147,2025-10-01,12.06,0.26,1.84,9.22,0.0,0.0,0.74,11.4,0.0,11.4,0.0647
D0147,2025-11-01,11.38,0.25,1.56,9.01,0.0,0.0,0.56,11.4,0.0,11.4,0.0682
D0147,2025-12-01,10.4,0.24,1.44,8.49,0.0,0.0,0.23,11.4,0.0,11.4,0.0719
D0147,2026-01-01,9.93,0.22,1.37,8.12,0.0,0.0,0.22,11.4,0.0,11.4,0.0757
D0147,2026-02-01,9.28,0.21,1.46,7.61,0.0,0.0,0.0,11.4,0.13,11.27,0.0789
D0147,2026-03-01,9.13,0.2,1.56,7.37,0.0,0.0,0.0,11.27,0.33,10.94,0.0807
D0147,2026-04-01,8.38,0.19,1.21,6.89,0.0,0.0,0.09,10.94,0.0,10.94,0.085
D0147,2026-05-01,7.93,0.18,1.19,6.56,0.0,0.0,0.0,10.94,0.11,10.83,0.0887
D0147,2026-06-01,12.98,0.16,1.07,11.69,0.0,0.0,0.06,10.83,0.0,10.83,0.0981
D0147,2026-07-01,7.23,0.16,0.97,5.61,0.0,0.0,0.49,10.83,0.0,10.83,0.1033
D0148,2025-01-01,3.6,0.1,0.76,2.74,0.0,0.0,0.0,6.61,0.0,6.61,0.0821
D0148,2025-02-01,3.42,0.1,0.64,2.39,0.0,0.0,0.29,6.61,0.0,6.61,0.0846
D0148,2025-03-01,3.53,0.09,0.57,2.55,0.0,0.0,0.32,6.61,0.0,6.61,0.0874
D0148,2025-04-01,3.35,0.09,0.63,2.59,0.0,0.0,0.04,6.61,0.0,6.61,0.0905
D0148,2025-05-01,3.33,0.09,0.69,2.38,0.0,0.0,0.17,6.61,0.0,6.61,0.0936
D0148,2025-07-01,5.29,0.08,0.63,4.58,0.0,0.0,0.0,6.61,0.15,6.46,0.1017
D0148,2025-08-01,2.38,0.08,0.57,1.73,0.0,0.0,0.0,6.46,0.11,6.35,0.1028
D0148,2025-09-01,2.88,0.07,0.55,1.98,0.0,0.0,0.28,6.35,0.0,6.35,0.1062
D0148,2025-10-01,2.54,0.07,0.45,2.02,0.0,0.0,0.0,6.35,0.12,6.23,0.1078
D0148,2025-11-01,2.37,0.07,0.42,1.88,0.0,0.0,0.0,6.23,0.06,6.17,0.1104
D0148,2026-01-01,2.13,0.07,0.46,1.6,0.0,0.0,0.0,6.17,0.06,6.11,0.1161
D0148,2026-02-01,2.32,0.06,0.44,1.65,0.0,0.0,0.17,6.11,0.0,6.11,0.1198
D0148,2026-03-01,2.48,0.06,0.44,1.81,0.0,0.0,0.17,6.11,0.0,6.11,0.1242
D0148,2026-04-01,2.38,0.06,0.47,1.7,0.0,0.0,0.15,6.11,0.0,6.11,0.1287
D0148,2026-05-01,2.14,0.06,0.44,1.64,0.0,0.0,0.0,6.11,0.04,6.07,0.1324
D0148,2026-06-01,2.12,0.06,0.42,1.54,0.0,0.0,0.1,6.07,0.0,6.07,0.137
D0148,2026-07-01,2.0,0.05,0.37,1.58,0.0,0.0,0.0,6.07,0.09,5.98,0.14
D0150,2025-02-01,6.8,0.17,1.13,4.85,0.0,0.0,0.65,9.69,0.0,9.69,0.0646
D0150,2025-03-01,7.24,0.16,1.18,5.5,0.0,0.0,0.4,9.69,0.0,9.69,0.0671
D0150,2025-04-01,6.7,0.16,0.96,5.05,0.0,0.0,0.53,9.69,0.0,9.69,0.0695
D0150,2025-05-01,6.51,0.15,1.07,4.95,0.0,0.0,0.34,9.69,0.0,9.69,0.0721
D0150,2025-06-01,6.21,0.14,0.99,4.46,0.0,0.0,0.62,9.69,0.0,9.69,0.0745
D0150,2025-07-01,5.43,0.14,0.97,4.31,0.0,0.0,0.01,9.69,0.0,9.69,0.0771
D0150,2025-08-01,6.0,0.13,0.84,4.49,0.0,0.0,0.54,9.69,0.0,9.69,0.08
D0150,2025-09-01,5.32,0.13,0.92,4.12,0.0,0.0,0.15,9.69,0.0,9.69,0.0828
D0150,2025-10-01,5.81,0.13,0.97,4.16,0.0,0.0,0.55,9.69,0.0,9.69,0.0858
D0150,2025-11-01,5.01,0.12,0.94,3.65,0.0,0.0,0.3,9.69,0.0,9.69,0.0887
D0150,2025-12-01,4.29,0.12,0.68,3.23,0.0,0.0,0.26,9.69,0.0,9.69,0.0914
D0150,2026-01-01,4.99,0.11,0.81,3.61,0.0,0.0,0.46,9.69,0.0,9.69,0.0946
D0150,2026-02-01,4.95,0.11,0.73,3.7,0.0,0.0,0.41,9.69,0.0,9.69,0.0981
D0150,2026-03-01,4.13,0.11,0.69,3.15,0.0,0.0,0.18,9.69,0.0,9.69,0.1014
D0150,2026-04-01,4.56,0.1,0.72,3.43,0.0,0.0,0.31,9.69,0.0,9.69,0.1052
D0150,2026-05-01,3.92,0.1,0.63,3.09,0.0,0.0,0.1,9.69,0.0,9.69,0.1088
D0150,2026-06-01,3.85,0.1,0.63,2.91,0.0,0.0,0.21,9.69,0.0,9.69,0.1125
D0150,2026-07-01,4.14,0.09,0.69,3.05,0.0,0.0,0.31,9.69,0.0,9.69,0.1166
D0153,2025-01-01,15.44,0.19,1.93,13.22,0.0,0.0,0.1,25.77,0.0,25.77,0.1106
D0153,2025-02-01,11.47,0.18,1.74,9.22,0.0,0.0,0.33,25.77,0.0,25.77,0.1152
D0153,2025-03-01,13.47,0.17,2.01,11.14,0.0,0.0,0.15,25.77,0.0,25.77,0.1212
D0153,2025-04-01,14.37,0.17,1.78,11.45,0.0,0.0,0.97,25.77,0.0,25.77,0.1281
D0153,2025-05-01,13.35,0.16,1.56,10.81,0.0,0.0,0.82,25.77,0.0,25.77,0.1354
D0153,2025-06-01,11.13,0.15,1.87,8.68,0.0,0.0,0.43,25.77,0.0,25.77,0.1419
D0153,2025-07-01,10.24,0.14,1.63,7.87,0.0,0.0,0.6,25.77,0.0,25.77,0.1483
D0153,2025-09-01,9.98,0.13,1.39,8.0,0.0,0.0,0.46,25.77,0.0,25.77,0.1621
D0153,2025-10-01,8.82,0.12,1.29,7.08,0.0,0.0,0.33,25.77,0.0,25.77,0.1697
D0153,2025-11-01,9.24,0.12,1.22,7.69,0.0,0.0,0.21,25.77,0.0,25.77,0.1787
D0153,2025-12-01,8.35,0.11,1.22,6.87,0.0,0.0,0.15,25.77,0.0,25.77,0.1877
D0153,2026-01-01,7.28,0.11,1.15,5.45,0.0,0.0,0.57,25.77,0.0,25.77,0.1954
D0153,2026-02-01,6.67,0.1,1.14,5.2,0.0,0.0,0.23,25.77,0.0,25.77,0.2034
D0153,2026-03-01,7.55,0.1,1.06,6.17,0.0,0.0,0.22,25.77,0.0,25.77,0.2138
D0153,2026-04-01,6.1,0.1,1.12,4.87,0.0,0.0,0.01,25.77,0.0,25.77,0.2228
D0153,2026-05-01,7.43,0.09,1.08,5.95,0.0,0.0,0.31,25.77,0.0,25.77,0.2349
D0153,2026-06-01,6.76,0.09,1.06,5.58,0.0,0.0,0.03,25.77,0.0,25.77,0.2475
D0153,2026-07-01,6.13,0.08,0.96,5.02,0.0,0.0,0.07,25.77,0.0,25.77,0.2601
D0158,2025-02-01,0.14,0.0,0.0,0.0,0.02,0.11,0.01,0.09,0.0,0.09,
D0158,2025-03-01,0.11,0.0,0.0,0.0,0.02,0.09,0.0,0.09,0.0,0.09,
D0158,2025-04-01,0.11,0.0,0.0,0.0,0.02,0.09,0.0,0.09,0.0,0.09,
D0158,2025-05-01,0.12,0.0,0.0,0.0,0.02,0.09,0.01,0.09,0.0,0.09,
D0158,2025-06-01,0.1,0.0,0.0,0.0,0.02,0.08,0.0,0.09,0.0,0.09,
D0158,2025-07-01,0.09,0.0,0.0,0.0,0.02,0.07,0.0,0.09,0.0,0.09,
D0158,2025-08-01,0.09,0.0,0.0,0.0,0.02,0.07,0.0,0.09,0.0,0.09,
D0158,2025-09-01,0.1,0.0,0.0,0.0,0.02,0.07,0.01,0.09,0.0,0.09,
D0158,2025-10-01,0.09,0.0,0.0,0.0,0.02,0.07,0.0,0.09,0.0,0.09,
D0158,2025-11-01,0.09,0.0,0.0,0.0,0.02,0.06,0.01,0.09,0.0,0.09,
D0158,2025-12-01,0.09,0.0,0.0,0.0,0.01,0.07,0.01,0.09,0.0,0.09,
D0158,2026-01-01,0.06,0.0,0.0,0.0,0.01,0.05,0.0,0.09,0.0,0.09,
D0158,2026-02-01,0.07,0.0,0.0,0.0,0.01,0.06,0.0,0.09,0.0,0.09,
D0158,2026-03-01,0.07,0.0,0.0,0.0,0.01,0.06,0.0,0.09,0.0,0.09,
D0158,2026-04-01,0.07,0.0,0.0,0.0,0.01,0.06,0.0,0.09,0.0,0.09,
D0158,2026-05-01,0.06,0.0,0.0,0.0,0.01,0.05,0.0,0.09,0.0,0.09,
D0158,2026-06-01,0.06,0.0,0.0,0.0,0.01,0.05,0.0,0.09,0.0,0.09,
D0158,2026-07-01,0.06,0.0,0.0,0.0,0.01,0.05,0.0,0.09,0.0,0.09,
D0160,2025-04-01,15.22,0.4,3.42,11.15,0.0,0.0,0.25,35.52,0.0,35.52,0.1123
D0160,2025-05-01,15.06,0.38,3.37,10.82,0.0,0.0,0.49,35.52,0.0,35.52,0.1163
D0160,2025-06-01,14.88,0.37,3.12,10.44,0.0,0.0,0.95,35.52,0.0,35.52,0.1204
D0160,2025-07-01,13.62,0.36,2.99,10.1,0.0,0.0,0.17,35.52,0.0,35.52,0.1247
D0160,2025-08-01,14.04,0.35,2.97,9.74,0.0,0.0,0.98,35.52,0.0,35.52,0.1291
D0160,2025-09-01,13.64,0.33,3.06,9.37,0.0,0.0,0.88,35.52,0.0,35.52,0.1337
D0160,2025-11-01,12.32,0.31,2.71,8.75,0.0,0.0,0.55,35.52,0.0,35.52,0.1433
D0160,2025-12-01,11.33,0.3,2.41,8.44,0.0,0.0,0.18,35.52,0.0,35.52,0.1483
D0160,2026-01-01,11.26,0.29,2.54,8.2,0.0,0.0,0.23,35.52,0.0,35.52,0.1536
D0160,2026-02-01,10.61,0.28,2.43,7.89,0.0,0.0,0.01,35.52,0.0,35.52,0.159
D0160,2026-03-01,10.5,0.27,2.29,7.62,0.0,0.0,0.32,35.52,0.0,35.52,0.1646
D0160,2026-04-01,10.53,0.26,2.38,7.38,0.0,0.0,0.51,35.52,0.0,35.52,0.1705
D0160,2026-05-01,10.27,0.25,2.12,7.11,0.0,0.0,0.79,35.52,0.0,35.52,0.1765
D0160,2026-06-01,9.14,0.24,2.02,6.87,0.0,0.0,0.01,35.52,0.0,35.52,0.1827
D0160,2026-07-01,9.17,0.24,2.14,6.63,0.0,0.0,0.16,35.52,0.0,35.52,0.1892
D0165,2025-03-01,13.73,0.22,2.42,10.91,0.0,0.0,0.18,11.04,0.0,11.04,0.0517
D0165,2025-04-01,15.11,0.21,2.2,12.38,0.0,0.0,0.32,11.04,0.0,11.04,0.0549
D0165,2025-05-01,12.77,0.2,1.87,9.82,0.0,0.0,0.88,11.04,0.0,11.04,0.0577
D0165,2025-06-01,13.07,0.19,2.03,10.25,0.0,0.0,0.6,11.04,0.0,11.04,0.061
D0165,2025-07-01,11.8,0.18,1.96,9.59,0.0,0.0,0.07,11.04,0.0,11.04,0.0644
D0165,2025-08-01,11.51,0.17,1.7,9.64,0.0,0.0,0.0,11.04,0.16,10.88,0.0672
D0165,2025-09-01,11.08,0.16,1.54,9.38,0.0,0.0,0.0,10.88,0.55,10.33,0.0677
D0165,2025-10-01,10.86,0.15,1.53,8.53,0.0,0.0,0.65,10.33,0.0,10.33,0.0718
D0165,2025-11-01,8.89,0.14,1.31,7.44,0.0,0.0,0.0,10.33,0.42,9.91,0.0726
D0165,2025-12-01,8.84,0.13,1.38,7.33,0.0,0.0,0.0,9.91,0.18,9.73,0.0753
D0165,2026-01-01,8.47,0.13,1.22,7.12,0.0,0.0,0.0,9.73,0.22,9.51,0.0779
D0165,2026-02-01,8.57,0.12,1.24,6.95,0.0,0.0,0.26,9.51,0.0,9.51,0.0826
D0165,2026-03-01,7.08,0.11,1.06,5.91,0.0,0.0,0.0,9.51,0.29,9.22,0.0844
D0165,2026-04-01,6.37,0.11,1.02,5.24,0.0,0.0,0.0,9.22,0.11,9.11,0.0876
D0165,2026-07-01,5.8,0.09,0.95,4.76,0.0,0.0,0.0,9.11,0.1,9.01,0.101
D0167,2026-01-01,0.72,0.02,0.0,0.0,0.1,0.59,0.01,0.55,0.0,0.55,
D0167,2026-02-01,0.75,0.02,0.0,0.0,0.11,0.57,0.05,0.55,0.0,0.55,
D0167,2026-03-01,0.72,0.02,0.0,0.0,0.08,0.58,0.04,0.55,0.0,0.55,
D0167,2026-04-01,0.69,0.02,0.0,0.0,0.09,0.55,0.03,0.55,0.0,0.55,
D0167,2026-05-01,0.63,0.01,0.0,0.0,0.09,0.49,0.04,0.55,0.0,0.55,
D0167,2026-06-01,0.6,0.01,0.0,0.0,0.1,0.48,0.01,0.55,0.0,0.55,
D0167,2026-07-01,0.59,0.01,0.0,0.0,0.08,0.46,0.04,0.55,0.0,0.55,
D0169,2025-07-01,7.7,0.19,1.24,5.61,0.0,0.0,0.66,0.0,0.0,0.0,0.0
D0169,2025-08-01,7.33,0.19,1.1,5.46,0.0,0.0,0.58,0.0,0.0,0.0,0.0
D0169,2025-09-01,6.95,0.18,1.14,5.29,0.0,0.0,0.34,0.0,0.0,0.0,0.0
D0169,2025-10-01,6.88,0.17,1.13,5.1,0.0,0.0,0.48,0.0,0.0,0.0,0.0
D0169,2025-11-01,6.3,0.16,1.03,4.86,0.0,0.0,0.25,0.0,0.0,0.0,0.0
D0169,2025-12-01,6.15,0.16,0.99,4.63,0.0,0.0,0.37,0.0,0.0,0.0,0.0
D0169,2026-02-01,5.57,0.15,1.04,4.2,0.0,0.0,0.18,0.0,0.0,0.0,0.0
D0169,2026-03-01,5.53,0.14,0.92,4.0,0.0,0.0,0.47,0.0,0.0,0.0,0.0
D0169,2026-04-01,4.98,0.13,0.83,3.96,0.0,0.0,0.06,0.0,0.0,0.0,0.0
D0169,2026-05-01,4.79,0.13,0.86,3.77,0.0,0.0,0.03,0.0,0.0,0.0,0.0
D0169,2026-06-01,4.85,0.12,0.73,3.63,0.0,0.0,0.37,0.0,0.0,0.0,0.0
D0169,2026-07-01,4.56,0.12,0.8,3.48,0.0,0.0,0.16,0.0,0.0,0.0,0.0
D0170,2024-09-01,11.74,0.22,1.33,9.91,0.0,0.0,0.28,9.32,0.0,9.32,0.0652
D0170,2024-10-01,6.61,0.21,1.26,4.64,0.0,0.0,0.5,9.32,0.0,9.32,0.0674
D0170,2024-11-01,6.64,0.21,1.43,4.44,0.0,0.0,0.56,9.32,0.0,9.32,0.0697
D0170,2024-12-01,6.74,0.2,1.34,4.55,0.0,0.0,0.65,9.32,0.0,9.32,0.0721
D0170,2025-01-01,5.68,0.19,1.35,3.9,0.0,0.0,0.24,9.32,0.0,9.32,0.0744
D0170,2025-03-01,5.8,0.18,1.3,4.05,0.0,0.0,0.27,9.32,0.0,9.32,0.0793
D0170,2025-04-01,5.61,0.18,1.16,3.81,0.0,0.0,0.46,9.32,0.0,9.32,0.0819
D0170,2025-05-01,5.0,0.17,1.1,3.52,0.0,0.0,0.21,9.32,0.0,9.32,0.0845
D0170,2025-06-01,4.83,0.16,1.16,3.33,0.0,0.0,0.18,9.32,0.0,9.32,0.0872
D0170,2025-07-01,4.61,0.16,0.94,3.49,0.0,0.0,0.02,9.32,0.0,9.32,0.0901
D0170,2025-08-01,4.59,0.15,0.97,3.34,0.0,0.0,0.13,9.32,0.0,9.32,0.0931
D0170,2025-09-01,4.7,0.15,0.98,3.4,0.0,0.0,0.17,9.32,0.0,9.32,0.0964
D0170,2025-10-01,4.48,0.14,1.0,2.99,0.0,0.0,0.35,9.32,0.0,9.32,0.0995
D0170,2025-11-01,3.91,0.14,0.94,2.79,0.0,0.0,0.04,9.32,0.0,9.32,0.1025
D0170,2025-12-01,4.16,0.14,0.89,2.75,0.0,0.0,0.38,9.32,0.0,9.32,0.1057
D0170,2026-01-01,4.22,0.13,0.84,2.87,0.0,0.0,0.38,9.32,0.0,9.32,0.1093
D0170,2026-02-01,3.81,0.13,0.8,2.75,0.0,0.0,0.13,9.32,0.0,9.32,0.1129
D0170,2026-03-01,3.86,0.12,0.81,2.61,0.0,0.0,0.32,9.32,0.0,9.32,0.1166
D0170,2026-04-01,3.59,0.12,0.74,2.41,0.0,0.0,0.32,9.32,0.0,9.32,0.1202
D0170,2026-05-01,3.67,0.12,0.73,2.61,0.0,0.0,0.21,9.32,0.0,9.32,0.1244
D0170,2026-06-01,3.67,0.11,0.79,2.57,0.0,0.0,0.2,9.32,0.0,9.32,0.1289
D0170,2026-07-01,3.49,0.11,0.74,2.52,0.0,0.0,0.12,9.32,0.0,9.32,0.1335
D0171,2024-12-01,0.32,0.0,0.0,0.0,0.08,0.21,0.03,0.24,0.0,0.24,
D0171,2025-01-01,0.31,0.0,0.0,0.0,0.08,0.2,0.03,0.24,0.0,0.24,
D0171,2025-02-01,0.28,0.0,0.0,0.0,0.07,0.19,0.02,0.24,0.0,0.24,
D0171,2025-03-01,0.25,0.0,0.0,0.0,0.07,0.17,0.01,0.24,0.0,0.24,
D0171,2025-04-01,0.27,0.0,0.0,0.0,0.07,0.19,0.01,0.24,0.0,0.24,
D0171,2025-05-01,0.23,0.0,0.0,0.0,0.06,0.17,0.0,0.24,0.0,0.24,
D0171,2025-07-01,0.24,0.0,0.0,0.0,0.06,0.17,0.01,0.24,0.0,0.24,
D0171,2025-08-01,0.24,0.0,0.0,0.0,0.05,0.17,0.02,0.24,0.0,0.24,
D0171,2025-09-01,0.24,0.0,0.0,0.0,0.06,0.16,0.02,0.24,0.0,0.24,
D0171,2025-10-01,0.19,0.0,0.0,0.0,0.05,0.14,0.0,0.24,0.0,0.24,
D0171,2025-11-01,0.21,0.0,0.0,0.0,0.06,0.14,0.01,0.24,0.0,0.24,
D0171,2025-12-01,0.22,0.0,0.0,0.0,0.05,0.15,0.02,0.24,0.0,0.24,
D0171,2026-01-01,0.18,0.0,0.0,0.0,0.05,0.13,0.0,0.24,0.0,0.24,
D0171,2026-02-01,0.21,0.0,0.0,0.0,0.06,0.13,0.02,0.24,0.0,0.24,
D0171,2026-03-01,0.18,0.0,0.0,0.0,0.05,0.13,0.0,0.24,0.0,0.24,
D0171,2026-04-01,0.18,0.0,0.0,0.0,0.05,0.12,0.01,0.24,0.0,0.24,
D0171,2026-05-01,0.2,0.0,0.0,0.0,0.05,0.13,0.02,0.24,0.0,0.24,
D0171,2026-06-01,0.18,0.0,0.0,0.0,0.05,0.12,0.01,0.24,0.0,0.24,
D0171,2026-07-01,0.18,0.0,0.0,0.0,0.05,0.12,0.01,0.24,0.0,0.24,
D0172,2024-08-01,12.96,0.24,1.64,10.45,0.0,0.0,0.63,11.0,0.0,11.0,0.0668
D0172,2024-09-01,10.67,0.23,1.45,8.73,0.0,0.0,0.26,11.0,0.0,11.0,0.0705
D0172,2024-10-01,11.03,0.22,1.31,9.09,0.0,0.0,0.41,11.0,0.0,11.0,0.0749
D0172,2024-11-01,11.05,0.2,1.19,9.29,0.0,0.0,0.37,11.0,0.0,11.0,0.0799
D0172,2024-12-01,13.37,0.19,1.08,11.49,0.0,0.0,0.61,11.0,0.0,11.0,0.0872
D0172,2025-01-01,9.45,0.18,1.06,7.88,0.0,0.0,0.33,11.0,0.0,11.0,0.093
D0172,2025-02-01,8.72,0.16,0.96,7.58,0.0,0.0,0.02,11.0,0.0,11.0,0.0994
D0172,2025-03-01,8.52,0.15,0.83,7.54,0.0,0.0,0.0,11.0,0.27,10.73,0.104
D0172,2025-04-01,6.69,0.14,0.88,5.67,0.0,0.0,0.0,10.73,0.23,10.5,0.1077
D0172,2025-05-01,6.66,0.14,0.87,5.63,0.0,0.0,0.02,10.5,0.0,10.5,0.1143
D0172,2025-06-01,6.69,0.13,0.67,5.81,0.0,0.0,0.08,10.5,0.0,10.5,0.1221
D0172,2025-07-01,6.76,0.12,0.67,5.77,0.0,0.0,0.2,10.5,0.0,10.5,0.1308
D0174,2024-06-01,6.14,0.13,0.9,4.7,0.0,0.0,0.41,5.84,0.0,5.84,0.0638
D0174,2024-07-01,5.77,0.13,0.9,4.42,0.0,0.0,0.32,5.84,0.0,5.84,0.067
D0174,2024-08-01,5.39,0.12,0.82,4.23,0.0,0.0,0.22,5.84,0.0,5.84,0.0704
D0174,2024-09-01,5.08,0.12,0.75,3.89,0.0,0.0,0.32,5.84,0.0,5.84,0.0739
D0174,2024-10-01,4.59,0.11,0.66,3.73,0.0,0.0,0.09,5.84,0.0,5.84,0.0775
D0174,2024-11-01,4.67,0.1,0.68,3.57,0.0,0.0,0.32,5.84,0.0,5.84,0.0814
D0174,2024-12-01,4.22,0.1,0.63,3.39,0.0,0.0,0.1,5.84,0.0,5.84,0.0854
D0174,2025-01-01,4.03,0.09,0.53,3.38,0.0,0.0,0.03,5.84,0.0,5.84,0.0899
D0174,2025-03-01,3.61,0.08,0.51,2.9,0.0,0.0,0.12,5.84,0.0,5.84,0.1028
D0174,2025-04-01,3.41,0.08,0.47,2.73,0.0,0.0,0.13,5.84,0.0,5.84,0.108
D0174,2025-06-01,3.19,0.07,0.48,2.45,0.0,0.0,0.19,5.84,0.0,5.84,0.1192
D0174,2025-07-01,2.97,0.07,0.46,2.3,0.0,0.0,0.14,5.84,0.0,5.84,0.1251
D0174,2025-08-01,2.84,0.06,0.4,2.23,0.0,0.0,0.15,5.84,0.0,5.84,0.1313
D0174,2025-09-01,2.81,0.06,0.41,2.16,0.0,0.0,0.18,5.84,0.0,5.84,0.138
D0174,2025-10-01,2.52,0.06,0.31,2.03,0.0,0.0,0.12,5.84,0.0,5.84,0.145
D0174,2025-11-01,2.48,0.06,0.31,1.99,0.0,0.0,0.12,5.84,0.0,5.84,0.1525
D0174,2025-12-01,2.33,0.05,0.34,1.81,0.0,0.0,0.13,5.84,0.0,5.84,0.1601
D0174,2026-01-01,2.21,0.05,0.37,1.73,0.0,0.0,0.06,5.84,0.0,5.84,0.1681
D0174,2026-02-01,2.17,0.05,0.31,1.67,0.0,0.0,0.14,5.84,0.0,5.84,0.1765
D0174,2026-04-01,1.93,0.04,0.27,1.49,0.0,0.0,0.13,5.84,0.0,5.84,0.1946
D0174,2026-05-01,2.49,0.04,0.28,2.09,0.0,0.0,0.08,5.84,0.0,5.84,0.2092
D0174,2026-06-01,1.64,0.04,0.26,1.34,0.0,0.0,0.0,5.84,0.0,5.84,0.2197
D0174,2026-07-01,1.58,0.04,0.21,1.29,0.0,0.0,0.04,5.84,0.0,5.84,0.2309
D0175,2024-06-01,7.24,0.15,1.94,4.68,0.0,0.0,0.47,14.83,0.0,14.83,0.0758
D0175,2024-08-01,16.18,0.13,1.9,13.29,0.0,0.0,0.86,14.83,0.0,14.83,0.0834
D0175,2024-09-01,6.65,0.13,1.74,4.12,0.0,0.0,0.66,14.83,0.0,14.83,0.0853
D0175,2024-10-01,5.9,0.13,1.62,3.85,0.0,0.0,0.3,14.83,0.0,14.83,0.0873
D0175,2024-11-01,6.24,0.13,1.6,3.92,0.0,0.0,0.59,14.83,0.0,14.83,0.0893
D0175,2024-12-01,5.44,0.12,1.53,3.77,0.0,0.0,0.02,14.83,0.0,14.83,0.0914
D0175,2025-01-01,10.92,0.12,1.54,8.93,0.0,0.0,0.33,14.83,0.0,14.83,0.0967
D0176,2025-03-01,10.73,0.18,1.84,7.7,0.0,0.0,1.01,15.52,0.0,15.52,0.0723
D0176,2025-04-01,16.69,0.17,1.81,13.71,0.0,0.0,1.0,15.52,0.0,15.52,0.0772
D0176,2025-05-01,9.21,0.16,1.52,6.67,0.0,0.0,0.86,15.52,0.0,15.52,0.0799
D0176,2025-06-01,7.56,0.16,1.73,5.44,0.0,0.0,0.23,15.52,0.0,15.52,0.0822
D0176,2025-07-01,8.13,0.15,1.48,6.08,0.0,0.0,0.42,15.52,0.0,15.52,0.0849
D0176,2025-08-01,7.17,0.15,1.64,5.38,0.0,0.0,0.0,15.52,0.13,15.39,0.0868
D0176,2025-09-01,7.54,0.14,1.3,5.89,0.0,0.0,0.21,15.39,0.0,15.39,0.0898
D0176,2025-10-01,7.53,0.14,1.36,5.26,0.0,0.0,0.77,15.39,0.0,15.39,0.0926
D0176,2025-11-01,9.85,0.13,1.28,8.44,0.0,0.0,0.0,15.39,0.41,14.98,0.0949
D0176,2025-12-01,5.56,0.13,1.18,4.25,0.0,0.0,0.0,14.98,0.15,14.83,0.0966
D0176,2026-01-01,5.7,0.12,1.06,4.52,0.0,0.0,0.0,14.83,0.27,14.56,0.0977
D0176,2026-02-01,6.49,0.12,1.11,4.85,0.0,0.0,0.41,14.56,0.0,14.56,0.101
D0176,2026-03-01,5.92,0.12,1.26,4.54,0.0,0.0,0.0,14.56,0.16,14.4,0.1031
D0176,2026-04-01,6.0,0.11,1.24,4.65,0.0,0.0,0.0,14.4,0.17,14.23,0.1054
D0176,2026-05-01,5.88,0.11,1.07,4.7,0.0,0.0,0.0,14.23,0.12,14.11,0.1083
D0176,2026-06-01,5.17,0.11,0.97,4.09,0.0,0.0,0.0,14.11,0.21,13.9,0.1102
D0177,2024-11-01,4.55,0.14,0.77,3.56,0.0,0.0,0.08,4.93,0.0,4.93,0.0557
D0177,2024-12-01,7.09,0.14,0.84,5.75,0.0,0.0,0.36,4.93,0.0,4.93,0.0596
D0177,2025-01-01,4.31,0.13,0.83,3.1,0.0,0.0,0.25,4.93,0.0,4.93,0.0619
D0177,2025-02-01,4.44,0.12,0.72,3.38,0.0,0.0,0.22,4.93,0.0,4.93,0.0646
D0177,2025-03-01,4.49,0.12,0.8,3.21,0.0,0.0,0.36,4.93,0.0,4.93,0.0675
D0177,2025-04-01,3.02,0.12,0.74,2.16,0.0,0.0,0.0,4.93,0.08,4.85,0.0684
D0177,2025-05-01,3.56,0.11,0.69,2.76,0.0,0.0,0.0,4.85,0.15,4.7,0.069
D0177,2025-06-01,3.17,0.11,0.58,2.48,0.0,0.0,0.0,4.7,0.15,4.55,0.0693
D0177,2025-07-01,2.9,0.1,0.52,2.28,0.0,0.0,0.0,4.55,0.06,4.49,0.0708
D0177,2025-08-01,3.04,0.1,0.56,2.38,0.0,0.0,0.0,4.49,0.14,4.35,0.0713
D0177,2025-09-01,2.79,0.1,0.51,2.18,0.0,0.0,0.0,4.35,0.1,4.25,0.0722
D0177,2025-10-01,2.68,0.09,0.49,2.1,0.0,0.0,0.0,4.25,0.13,4.12,0.0726
D0177,2025-11-01,2.63,0.09,0.55,1.87,0.0,0.0,0.12,4.12,0.0,4.12,0.0751
D0177,2025-12-01,3.19,0.09,0.54,2.35,0.0,0.0,0.21,4.12,0.0,4.12,0.0785
D0177,2026-01-01,2.44,0.08,0.45,1.77,0.0,0.0,0.14,4.12,0.0,4.12,0.0812
D0177,2026-02-01,2.62,0.08,0.49,1.89,0.0,0.0,0.16,4.12,0.0,4.12,0.0843
D0177,2026-03-01,2.39,0.08,0.49,1.64,0.0,0.0,0.18,4.12,0.0,4.12,0.0873
D0177,2026-04-01,2.53,0.07,0.38,2.07,0.0,0.0,0.01,4.12,0.0,4.12,0.0913
D0177,2026-05-01,1.88,0.07,0.36,1.37,0.0,0.0,0.08,4.12,0.0,4.12,0.0941
D0177,2026-06-01,2.06,0.07,0.45,1.39,0.0,0.0,0.15,4.12,0.0,4.12,0.0972
D0177,2026-07-01,1.79,0.07,0.38,1.32,0.0,0.0,0.02,4.12,0.0,4.12,0.1003
D0180,2026-02-01,12.59,0.31,2.19,9.97,0.0,0.0,0.12,19.06,0.0,19.06,0.0798
D0180,2026-03-01,13.23,0.3,2.37,9.65,0.0,0.0,0.91,19.06,0.0,19.06,0.0831
D0180,2026-04-01,18.24,0.28,2.21,15.58,0.0,0.0,0.17,19.06,0.0,19.06,0.0892
D0180,2026-05-01,11.67,0.27,2.0,9.13,0.0,0.0,0.27,19.06,0.0,19.06,0.0932
D0180,2026-06-01,11.71,0.25,1.9,8.71,0.0,0.0,0.85,19.06,0.0,19.06,0.0973
D0180,2026-07-01,9.96,0.24,1.72,8.0,0.0,0.0,0.0,19.06,0.2,18.86,0.1004
D0181,2025-03-01,12.94,0.09,1.17,11.53,0.0,0.0,0.15,4.91,0.0,4.91,0.0412
D0181,2025-04-01,10.3,0.08,1.04,8.82,0.0,0.0,0.36,4.91,0.0,4.91,0.0445
D0181,2025-05-01,6.8,0.08,0.81,5.67,0.0,0.0,0.24,4.91,0.0,4.91,0.0469
D0181,2025-06-01,6.67,0.08,0.91,5.42,0.0,0.0,0.26,4.91,0.0,4.91,0.0495
D0181,2025-07-01,6.07,0.07,0.94,5.03,0.0,0.0,0.03,4.91,0.0,4.91,0.0521
D0181,2025-08-01,6.13,0.07,0.86,4.77,0.0,0.0,0.43,4.91,0.0,4.91,0.0549
D0181,2025-09-01,5.6,0.06,0.73,4.59,0.0,0.0,0.22,4.91,0.0,4.91,0.0579
D0181,2025-10-01,5.1,0.06,0.63,4.3,0.0,0.0,0.11,4.91,0.0,4.91,0.061
D0181,2025-11-01,4.99,0.06,0.72,4.1,0.0,0.0,0.11,4.91,0.0,4.91,0.0643
D0181,2025-12-01,4.73,0.06,0.67,3.93,0.0,0.0,0.07,4.91,0.0,4.91,0.0677
D0181,2026-01-01,6.95,0.05,0.61,6.0,0.0,0.0,0.29,4.91,0.0,4.91,0.0738
D0181,2026-02-01,4.09,0.05,0.55,3.34,0.0,0.0,0.15,4.91,0.0,4.91,0.0778
D0181,2026-03-01,3.83,0.05,0.5,3.24,0.0,0.0,0.04,4.91,0.0,4.91,0.082
D0181,2026-04-01,3.71,0.04,0.54,3.01,0.0,0.0,0.12,4.91,0.0,4.91,0.0863
D0181,2026-05-01,3.58,0.04,0.52,2.87,0.0,0.0,0.15,4.91,0.0,4.91,0.0909
D0181,2026-06-01,3.31,0.04,0.44,2.72,0.0,0.0,0.11,4.91,0.0,4.91,0.0957
D0181,2026-07-01,3.14,0.04,0.45,2.63,0.0,0.0,0.02,4.91,0.0,4.91,0.1009
D0182,2026-03-01,13.58,0.26,2.11,10.11,0.0,0.0,1.1,27.02,0.0,27.02,0.091
D0182,2026-04-01,12.81,0.25,1.77,10.38,0.0,0.0,0.41,27.02,0.0,27.02,0.0943
D0182,2026-05-01,12.49,0.24,2.39,9.33,0.0,0.0,0.53,27.02,0.0,27.02,0.0975
D0182,2026-06-01,12.32,0.24,2.03,8.85,0.0,0.0,1.2,27.02,0.0,27.02,0.1007
D0182,2026-07-01,11.11,0.23,1.72,9.13,0.0,0.0,0.03,27.02,0.0,27.02,0.1042
D0183,2024-09-01,5.57,0.09,0.94,4.45,0.0,0.0,0.09,3.34,0.0,3.34,0.037
D0183,2024-10-01,5.54,0.09,0.9,4.35,0.0,0.0,0.2,3.34,0.0,3.34,0.0389
D0183,2024-11-01,5.14,0.09,0.9,3.95,0.0,0.0,0.2,3.34,0.0,3.34,0.0408
D0183,2024-12-01,5.11,0.08,0.92,3.8,0.0,0.0,0.31,3.34,0.0,3.34,0.0427
D0183,2025-01-01,4.76,0.08,0.8,3.79,0.0,0.0,0.09,3.34,0.0,3.34,0.0449
D0183,2025-02-01,4.46,0.07,0.74,3.53,0.0,0.0,0.12,3.34,0.0,3.34,0.0472
D0183,2025-03-01,4.33,0.07,0.75,3.47,0.0,0.0,0.04,3.34,0.0,3.34,0.0496
D0183,2025-04-01,4.41,0.07,0.66,3.42,0.0,0.0,0.26,3.34,0.0,3.34,0.0522
D0183,2025-05-01,3.89,0.06,0.61,3.12,0.0,0.0,0.1,3.34,0.0,3.34,0.0549
D0183,2025-06-01,3.88,0.06,0.61,3.11,0.0,0.0,0.1,3.34,0.0,3.34,0.0579
D0183,2025-07-01,3.53,0.06,0.54,2.67,0.0,0.0,0.26,3.34,0.0,3.34,0.0607
D0183,2025-08-01,3.59,0.05,0.54,2.77,0.0,0.0,0.23,3.34,0.0,3.34,0.0639
D0183,2025-10-01,3.03,0.05,0.53,2.34,0.0,0.0,0.11,3.34,0.0,3.34,0.0704
D0183,2025-11-01,3.13,0.05,0.46,2.41,0.0,0.0,0.21,3.34,0.0,3.34,0.0742
D0183,2025-12-01,2.74,0.04,0.5,2.16,0.0,0.0,0.04,3.34,0.0,3.34,0.0779
D0183,2026-01-01,2.7,0.04,0.46,2.07,0.0,0.0,0.13,3.34,0.0,3.34,0.0818
D0183,2026-02-01,2.49,0.04,0.42,1.88,0.0,0.0,0.15,3.34,0.0,3.34,0.0858
D0183,2026-03-01,2.44,0.04,0.46,1.85,0.0,0.0,0.09,3.34,0.0,3.34,0.0901
D0183,2026-04-01,2.32,0.04,0.38,1.84,0.0,0.0,0.06,3.34,0.0,3.34,0.0948
D0183,2026-05-01,3.75,0.03,0.34,3.35,0.0,0.0,0.03,3.34,0.0,3.34,0.1047
D0183,2026-06-01,2.04,0.03,0.36,1.59,0.0,0.0,0.06,3.34,0.0,3.34,0.1102
D0183,2026-07-01,1.96,0.03,0.32,1.54,0.0,0.0,0.07,3.34,0.0,3.34,0.1161
D0185,2026-02-01,4.16,0.16,1.0,2.61,0.0,0.0,0.39,0.77,0.0,0.77,0.0071
D0185,2026-03-01,3.66,0.16,0.98,2.51,0.0,0.0,0.01,0.77,0.0,0.77,0.0073
D0185,2026-04-01,4.25,0.15,0.98,2.67,0.0,0.0,0.45,0.77,0.0,0.77,0.0075
D0185,2026-05-01,3.74,0.15,0.85,2.48,0.0,0.0,0.26,0.77,0.0,0.77,0.0077
D0185,2026-06-01,3.7,0.15,0.9,2.35,0.0,0.0,0.3,0.77,0.0,0.77,0.0079
D0185,2026-07-01,3.38,0.14,0.78,2.35,0.0,0.0,0.11,0.77,0.0,0.77,0.0081
D0187,2025-07-01,22.86,0.51,3.11,18.93,0.0,0.0,0.31,15.7,0.0,15.7,0.0487
D0187,2025-08-01,23.52,0.48,2.54,20.31,0.0,0.0,0.19,15.7,0.0,15.7,0.052
D0187,2025-09-01,19.95,0.45,2.83,15.89,0.0,0.0,0.78,15.7,0.0,15.7,0.0548
D0187,2025-10-01,20.37,0.43,2.11,17.34,0.0,0.0,0.49,15.7,0.0,15.7,0.0584
D0187,2025-11-01,19.17,0.4,2.03,16.1,0.0,0.0,0.64,15.7,0.0,15.7,0.0621
D0187,2025-12-01,18.29,0.38,2.09,14.63,0.0,0.0,1.19,15.7,0.0,15.7,0.0659
D0187,2026-01-01,17.27,0.35,1.93,14.87,0.0,0.0,0.12,15.7,0.0,15.7,0.0703
D0187,2026-02-01,16.94,0.33,2.14,14.08,0.0,0.0,0.39,15.7,0.0,15.7,0.075
D0187,2026-03-01,14.65,0.31,1.98,11.93,0.0,0.0,0.43,15.7,0.0,15.7,0.0796
D0187,2026-04-01,14.75,0.29,1.71,12.27,0.0,0.0,0.48,15.7,0.0,15.7,0.0849
D0187,2026-05-01,15.2,0.27,1.43,12.67,0.0,0.0,0.83,15.7,0.0,15.7,0.0911
D0187,2026-06-01,11.53,0.26,1.65,8.89,0.0,0.0,0.73,15.7,0.0,15.7,0.096
D0187,2026-07-01,11.68,0.24,1.42,9.41,0.0,0.0,0.61,15.7,0.0,15.7,0.1019
D0193,2025-07-01,2.89,0.05,0.39,2.39,0.0,0.0,0.06,3.62,0.0,3.62,0.0787
D0193,2025-08-01,2.6,0.05,0.37,2.16,0.0,0.0,0.02,3.62,0.0,3.62,0.0826
D0193,2025-09-01,2.31,0.04,0.35,1.78,0.0,0.0,0.14,3.62,0.0,3.62,0.0861
D0193,2025-10-01,2.19,0.04,0.33,1.81,0.0,0.0,0.01,3.62,0.0,3.62,0.09
D0193,2025-11-01,2.23,0.04,0.33,1.68,0.0,0.0,0.18,3.62,0.0,3.62,0.0939
D0193,2025-12-01,2.22,0.04,0.3,1.86,0.0,0.0,0.02,3.62,0.0,3.62,0.0987
D0193,2026-01-01,1.9,0.04,0.31,1.5,0.0,0.0,0.05,3.62,0.0,3.62,0.1029
D0193,2026-02-01,2.07,0.03,0.27,1.7,0.0,0.0,0.07,3.62,0.0,3.62,0.1081
D0193,2026-03-01,2.07,0.03,0.26,1.67,0.0,0.0,0.11,3.62,0.0,3.62,0.1138
D0193,2026-04-01,1.95,0.03,0.27,1.57,0.0,0.0,0.08,3.62,0.0,3.62,0.1197
D0193,2026-05-01,1.67,0.03,0.24,1.29,0.0,0.0,0.11,3.62,0.0,3.62,0.125
D0193,2026-06-01,1.73,0.03,0.26,1.38,0.0,0.0,0.06,3.62,0.0,3.62,0.1313
D0193,2026-07-01,1.68,0.03,0.22,1.37,0.0,0.0,0.06,3.62,0.0,3.62,0.1381
D0195,2026-05-01,9.29,0.21,1.33,7.57,0.0,0.0,0.18,0.64,0.0,0.64,0.0047
D0195,2026-06-01,9.28,0.2,1.31,7.53,0.0,0.0,0.24,0.64,0.0,0.64,0.005
D0195,2026-07-01,8.68,0.19,1.19,6.74,0.0,0.0,0.56,0.64,0.0,0.64,0.0053
D0196,2024-10-01,12.74,0.3,2.1,9.48,0.0,0.0,0.86,11.23,0.0,11.23,0.0531
D0196,2024-11-01,12.15,0.29,2.11,9.29,0.0,0.0,0.46,11.23,0.0,11.23,0.0555
D0196,2024-12-01,11.15,0.28,2.3,7.83,0.0,0.0,0.74,11.23,0.0,11.23,0.0578
D0196,2025-01-01,11.44,0.26,1.86,8.92,0.0,0.0,0.4,11.23,0.0,11.23,0.0606
D0196,2025-02-01,9.27,0.25,1.97,6.87,0.0,0.0,0.18,11.23,0.0,11.23,0.0629
D0196,2025-03-01,8.59,0.24,1.7,6.42,0.0,0.0,0.23,11.23,0.0,11.23,0.0652
D0196,2025-04-01,8.97,0.23,1.55,7.03,0.0,0.0,0.16,11.23,0.0,11.23,0.068
D0196,2025-05-01,9.58,0.22,1.73,7.56,0.0,0.0,0.07,11.23,0.0,11.23,0.0713
D0196,2025-06-01,8.75,0.21,1.7,6.78,0.0,0.0,0.06,11.23,0.0,11.23,0.0745
D0196,2025-07-01,8.75,0.2,1.46,6.76,0.0,0.0,0.33,11.23,0.0,11.23,0.078
D0196,2025-08-01,7.9,0.2,1.39,6.22,0.0,0.0,0.09,11.23,0.0,11.23,0.0815
D0196,2025-09-01,7.18,0.19,1.48,5.41,0.0,0.0,0.1,11.23,0.0,11.23,0.0848
D0196,2025-10-01,7.46,0.18,1.38,5.43,0.0,0.0,0.47,11.23,0.0,11.23,0.0884
D0196,2025-11-01,6.63,0.17,1.31,4.83,0.0,0.0,0.32,11.23,0.0,11.23,0.0919
D0196,2025-12-01,7.02,0.17,1.17,5.1,0.0,0.0,0.58,11.23,0.0,11.23,0.096
D0196,2026-01-01,6.29,0.16,1.15,4.81,0.0,0.0,0.17,11.23,0.0,11.23,0.1001
D0196,2026-02-01,5.62,0.15,1.15,4.32,0.0,0.0,0.0,11.23,0.0,11.23,0.1041
D0196,2026-03-01,5.72,0.15,1.14,4.31,0.0,0.0,0.12,11.23,0.0,11.23,0.1084
D0196,2026-04-01,6.23,0.14,0.94,4.77,0.0,0.0,0.38,11.23,0.0,11.23,0.1136
D0196,2026-05-01,5.34,0.13,1.04,3.87,0.0,0.0,0.3,11.23,0.0,11.23,0.1183
D0196,2026-06-01,5.11,0.13,1.06,3.56,0.0,0.0,0.36,11.23,0.0,11.23,0.1229
D0196,2026-07-01,4.77,0.12,0.95,3.6,0.0,0.0,0.1,11.23,0.0,11.23,0.1279
D0198,2025-12-01,5.66,0.04,0.71,4.65,0.0,0.0,0.26,0.0,0.0,0.0,0.0
D0198,2026-01-01,5.51,0.04,0.66,4.53,0.0,0.0,0.28,0.0,0.0,0.0,0.0
D0198,2026-02-01,4.9,0.04,0.71,3.99,0.0,0.0,0.16,0.0,0.0,0.0,0.0
D0198,2026-03-01,5.56,0.04,0.65,4.68,0.0,0.0,0.19,0.0,0.0,0.0,0.0
D0198,2026-04-01,4.25,0.04,0.62,3.5,0.0,0.0,0.09,0.0,0.0,0.0,0.0
D0198,2026-05-01,5.14,0.03,0.55,4.4,0.0,0.0,0.16,0.0,0.0,0.0,0.0
D0198,2026-06-01,3.65,0.03,0.51,2.79,0.0,0.0,0.32,0.0,0.0,0.0,0.0
D0198,2026-07-01,4.42,0.03,0.51,3.85,0.0,0.0,0.03,0.0,0.0,0.0,0.0
D0199,2024-08-01,13.19,0.08,1.82,10.54,0.0,0.0,0.75,7.43,0.0,7.43,0.0435
D0199,2024-09-01,11.69,0.08,1.54,9.32,0.0,0.0,0.75,7.43,0.0,7.43,0.046
D0199,2024-10-01,11.31,0.07,1.41,9.47,0.0,0.0,0.36,7.43,0.0,7.43,0.0489
D0199,2024-11-01,9.93,0.07,1.57,8.2,0.0,0.0,0.09,7.43,0.0,7.43,0.0517
D0199,2024-12-01,8.76,0.07,1.33,6.88,0.0,0.0,0.48,7.43,0.0,7.43,0.0543
D0199,2025-01-01,8.93,0.06,1.24,7.1,0.0,0.0,0.53,7.43,0.0,7.43,0.0572
D0199,2025-03-01,7.34,0.06,1.24,5.98,0.0,0.0,0.06,7.43,0.0,7.43,0.0633
D0199,2025-04-01,7.16,0.05,1.24,5.87,0.0,0.0,0.0,7.43,0.17,7.26,0.0651
D0199,2025-05-01,7.29,0.05,1.03,6.21,0.0,0.0,0.0,7.26,0.24,7.02,0.0667
D0199,2025-06-01,6.63,0.05,1.02,5.56,0.0,0.0,0.0,7.02,0.2,6.82,0.0684
D0199,2025-07-01,6.51,0.05,0.99,5.47,0.0,0.0,0.0,6.82,0.31,6.51,0.0691
D0199,2025-08-01,6.38,0.04,0.97,5.37,0.0,0.0,0.0,6.51,0.17,6.34,0.0714
D0199,2025-09-01,5.4,0.04,0.95,4.41,0.0,0.0,0.0,6.34,0.07,6.27,0.0743
D0199,2025-10-01,9.5,0.04,0.68,8.78,0.0,0.0,0.0,6.27,0.29,5.98,0.079
D0199,2025-11-01,4.53,0.03,0.69,3.81,0.0,0.0,0.0,5.98,0.18,5.8,0.0807
D0199,2025-12-01,4.43,0.03,0.67,3.57,0.0,0.0,0.16,5.8,0.0,5.8,0.085
D0199,2026-01-01,4.74,0.03,0.66,4.05,0.0,0.0,0.0,5.8,0.14,5.66,0.0881
D0199,2026-02-01,4.42,0.03,0.57,3.82,0.0,0.0,0.0,5.66,0.22,5.44,0.0901
D0201,2026-05-01,24.19,0.18,2.84,20.5,0.0,0.0,0.67,22.1,0.0,22.1,0.0776
D0201,2026-06-01,22.39,0.17,2.96,18.71,0.0,0.0,0.55,22.1,0.0,22.1,0.0831
D0201,2026-07-01,20.53,0.16,2.67,16.84,0.0,0.0,0.86,22.1,0.0,22.1,0.0887
D0202,2026-04-01,21.77,0.43,2.96,18.05,0.0,0.0,0.33,30.47,0.0,30.47,0.1161
D0202,2026-05-01,19.09,0.4,2.57,15.49,0.0,0.0,0.63,30.47,0.0,30.47,0.1234
D0202,2026-06-01,16.0,0.38,2.46,13.16,0.0,0.0,0.0,30.47,0.0,30.47,0.1303
D0202,2026-07-01,16.14,0.36,2.15,12.86,0.0,0.0,0.77,30.47,0.0,30.47,0.1379
D0203,2024-07-01,19.2,0.2,2.24,16.42,0.0,0.0,0.34,4.44,0.0,4.44,0.0161
D0203,2024-08-01,18.57,0.18,2.15,16.13,0.0,0.0,0.11,4.44,0.0,4.44,0.0171
D0203,2024-09-01,16.95,0.17,2.64,13.55,0.0,0.0,0.59,4.44,0.0,4.44,0.018
D0203,2024-10-01,15.94,0.17,2.23,13.45,0.0,0.0,0.09,4.44,0.0,4.44,0.0191
D0203,2024-11-01,19.22,0.15,2.22,16.28,0.0,0.0,0.57,4.44,0.0,4.44,0.0205
D0203,2024-12-01,14.83,0.14,1.71,12.53,0.0,0.0,0.45,4.44,0.0,4.44,0.0218
D0203,2025-01-01,14.07,0.14,1.71,11.64,0.0,0.0,0.58,4.44,0.0,4.44,0.0231
D0203,2025-02-01,12.69,0.13,1.47,10.27,0.0,0.0,0.82,4.44,0.0,4.44,0.0244
D0203,2025-03-01,11.69,0.12,1.34,9.42,0.0,0.0,0.81,4.44,0.0,4.44,0.0257
D0203,2025-04-01,12.12,0.12,1.52,9.85,0.0,0.0,0.63,4.44,0.0,4.44,0.0273
D0203,2025-05-01,10.68,0.11,1.41,8.42,0.0,0.0,0.74,4.44,0.0,4.44,0.0288
D0203,2025-06-01,9.53,0.1,1.12,7.73,0.0,0.0,0.58,4.44,0.0,4.44,0.0303
D0203,2025-07-01,9.28,0.1,1.41,7.41,0.0,0.0,0.36,4.44,0.0,4.44,0.0319
D0203,2025-08-01,9.47,0.09,1.19,8.01,0.0,0.0,0.18,4.44,0.0,4.44,0.0339
D0203,2025-09-01,9.18,0.09,1.29,7.45,0.0,0.0,0.35,4.44,0.0,4.44,0.0359
D0203,2025-10-01,8.28,0.08,1.06,6.99,0.0,0.0,0.15,4.44,0.0,4.44,0.0381
D0203,2025-11-01,8.09,0.08,1.14,6.7,0.0,0.0,0.17,4.44,0.0,4.44,0.0404
D0203,2025-12-01,7.82,0.07,0.94,6.38,0.0,0.0,0.43,4.44,0.0,4.44,0.0429
D0203,2026-01-01,6.9,0.07,0.88,5.74,0.0,0.0,0.21,4.44,0.0,4.44,0.0454
D0203,2026-02-01,6.36,0.07,0.94,5.11,0.0,0.0,0.24,4.44,0.0,4.44,0.0479
D0203,2026-03-01,6.19,0.06,0.81,5.26,0.0,0.0,0.06,4.44,0.0,4.44,0.0508
D0203,2026-04-01,6.16,0.06,0.69,5.02,0.0,0.0,0.39,4.44,0.0,4.44,0.0539
D0203,2026-05-01,5.17,0.06,0.67,4.14,0.0,0.0,0.3,4.44,0.0,4.44,0.0568
D0203,2026-06-01,5.05,0.05,0.68,4.3,0.0,0.0,0.02,4.44,0.0,4.44,0.0601
D0203,2026-07-01,4.77,0.05,0.66,4.0,0.0,0.0,0.06,4.44,0.0,4.44,0.0635
D0205,2024-08-01,6.47,0.07,1.1,5.14,0.0,0.0,0.16,11.49,0.0,11.49,0.1098
D0205,2024-09-01,6.05,0.06,0.96,4.77,0.0,0.0,0.26,11.49,0.0,11.49,0.115
D0205,2024-10-01,5.59,0.06,1.04,4.44,0.0,0.0,0.05,11.49,0.0,11.49,0.1204
D0205,2024-12-01,4.79,0.06,0.93,3.5,0.0,0.0,0.3,11.49,0.0,11.49,0.1294
D0205,2025-01-01,4.79,0.06,1.0,3.58,0.0,0.0,0.15,11.49,0.0,11.49,0.1348
D0205,2025-02-01,4.05,0.05,0.82,2.9,0.0,0.0,0.28,11.49,0.0,11.49,0.1396
D0205,2025-03-01,4.52,0.05,0.85,3.32,0.0,0.0,0.3,11.49,0.0,11.49,0.1455
D0205,2025-04-01,3.58,0.05,0.78,2.75,0.0,0.0,0.0,11.49,0.04,11.45,0.1502
D0205,2025-06-01,4.29,0.05,0.79,3.28,0.0,0.0,0.17,11.45,0.0,11.45,0.1636
D0205,2025-07-01,3.19,0.04,0.65,2.5,0.0,0.0,0.0,11.45,0.12,11.33,0.1679
D0205,2025-08-01,3.35,0.04,0.66,2.65,0.0,0.0,0.0,11.33,0.1,11.23,0.1732
D0205,2025-09-01,3.14,0.04,0.74,2.27,0.0,0.0,0.09,11.23,0.0,11.23,0.1795
D0205,2025-10-01,3.33,0.04,0.61,2.42,0.0,0.0,0.26,11.23,0.0,11.23,0.1868
D0205,2025-11-01,3.43,0.04,0.62,2.61,0.0,0.0,0.16,11.23,0.0,11.23,0.1952
D0205,2025-12-01,3.23,0.04,0.53,2.39,0.0,0.0,0.27,11.23,0.0,11.23,0.2037
D0205,2026-01-01,2.7,0.03,0.48,2.12,0.0,0.0,0.07,11.23,0.0,11.23,0.2118
D0205,2026-02-01,2.6,0.03,0.53,1.93,0.0,0.0,0.11,11.23,0.0,11.23,0.2199
D0205,2026-03-01,3.19,0.03,0.5,2.42,0.0,0.0,0.24,11.23,0.0,11.23,0.2308
D0205,2026-04-01,2.95,0.03,0.48,2.23,0.0,0.0,0.21,11.23,0.0,11.23,0.2419
D0205,2026-05-01,2.61,0.03,0.52,2.02,0.0,0.0,0.04,11.23,0.0,11.23,0.2529
D0205,2026-06-01,2.63,0.03,0.45,1.94,0.0,0.0,0.21,11.23,0.0,11.23,0.2644
D0205,2026-07-01,2.02,0.03,0.41,1.54,0.0,0.0,0.04,11.23,0.0,11.23,0.2744
D0208,2025-04-01,3.23,0.05,0.56,2.51,0.0,0.0,0.11,5.33,0.0,5.33,0.1008
D0208,2025-05-01,2.85,0.05,0.52,2.21,0.0,0.0,0.07,5.33,0.0,5.33,0.1052
D0208,2025-06-01,3.0,0.05,0.45,2.39,0.0,0.0,0.11,5.33,0.0,5.33,0.1104
D0208,2025-07-01,5.08,0.04,0.45,4.48,0.0,0.0,0.11,5.33,0.0,5.33,0.1217
D0208,2025-08-01,2.55,0.04,0.37,2.06,0.0,0.0,0.08,5.33,0.0,5.33,0.1277
D0208,2025-09-01,2.39,0.04,0.36,1.95,0.0,0.0,0.04,5.33,0.0,5.33,0.1339
D0208,2025-10-01,2.3,0.04,0.38,1.79,0.0,0.0,0.09,5.33,0.0,5.33,0.1402
D0208,2025-11-01,2.19,0.03,0.36,1.68,0.0,0.0,0.12,5.33,0.0,5.33,0.1467
D0208,2025-12-01,2.16,0.03,0.33,1.7,0.0,0.0,0.1,5.33,0.0,5.33,0.1539
D0208,2026-01-01,2.02,0.03,0.3,1.57,0.0,0.0,0.12,5.33,0.0,5.33,0.1612
D0208,2026-02-01,1.85,0.03,0.35,1.39,0.0,0.0,0.08,5.33,0.0,5.33,0.1683
D0208,2026-03-01,1.72,0.03,0.28,1.38,0.0,0.0,0.03,5.33,0.0,5.33,0.176
D0208,2026-04-01,1.72,0.03,0.28,1.29,0.0,0.0,0.12,5.33,0.0,5.33,0.1838
D0208,2026-05-01,1.78,0.03,0.28,1.36,0.0,0.0,0.11,5.33,0.0,5.33,0.1928
D0209,2025-08-01,6.3,0.05,1.08,4.92,0.0,0.0,0.25,7.78,0.0,7.78,0.0703
D0209,2025-09-01,5.02,0.05,0.9,3.85,0.0,0.0,0.22,7.78,0.0,7.78,0.0728
D0209,2025-10-01,5.14,0.05,0.88,3.85,0.0,0.0,0.36,7.78,0.0,7.78,0.0755
D0209,2025-11-01,10.1,0.04,0.73,8.87,0.0,0.0,0.46,7.78,0.0,7.78,0.0826
D0209,2025-12-01,5.08,0.04,0.76,4.2,0.0,0.0,0.08,7.78,0.0,7.78,0.0865
D0209,2026-01-01,3.95,0.04,0.76,2.85,0.0,0.0,0.3,7.78,0.0,7.78,0.0893
D0209,2026-02-01,4.59,0.04,0.8,3.45,0.0,0.0,0.3,7.78,0.0,7.78,0.093
D0209,2026-03-01,4.65,0.03,0.71,3.91,0.0,0.0,0.0,7.78,0.15,7.63,0.0957
D0209,2026-04-01,4.05,0.03,0.74,3.12,0.0,0.0,0.16,7.63,0.0,7.63,0.0996
D0209,2026-05-01,3.38,0.03,0.54,2.7,0.0,0.0,0.11,7.63,0.0,7.63,0.1032
D0209,2026-06-01,4.09,0.03,0.62,3.23,0.0,0.0,0.21,7.63,0.0,7.63,0.108
D0209,2026-07-01,3.4,0.03,0.52,2.85,0.0,0.0,0.0,7.63,0.06,7.57,0.1116
D0213,2026-01-01,4.12,0.03,0.55,3.29,0.0,0.0,0.25,3.84,0.0,3.84,0.069
D0213,2026-02-01,3.4,0.03,0.61,2.65,0.0,0.0,0.11,3.84,0.0,3.84,0.0725
D0213,2026-03-01,3.79,0.03,0.53,3.05,0.0,0.0,0.18,3.84,0.0,3.84,0.0769
D0213,2026-04-01,3.36,0.03,0.51,2.66,0.0,0.0,0.16,3.84,0.0,3.84,0.0812
D0213,2026-05-01,3.18,0.02,0.44,2.61,0.0,0.0,0.11,3.84,0.0,3.84,0.0859
D0213,2026-06-01,3.2,0.02,0.44,2.56,0.0,0.0,0.18,3.84,0.0,3.84,0.0912
D0213,2026-07-01,2.48,0.02,0.42,1.97,0.0,0.0,0.07,3.84,0.0,3.84,0.0956
D0215,2024-07-01,14.75,0.32,2.14,11.28,0.0,0.0,1.01,21.22,0.0,21.22,0.0819
D0215,2024-08-01,15.33,0.31,1.96,11.94,0.0,0.0,1.12,21.22,0.0,21.22,0.0859
D0215,2024-09-01,12.47,0.3,2.01,9.56,0.0,0.0,0.6,21.22,0.0,21.22,0.0894
D0215,2024-10-01,11.22,0.29,2.09,8.44,0.0,0.0,0.4,21.22,0.0,21.22,0.0926
D0215,2024-11-01,14.0,0.27,2.15,11.21,0.0,0.0,0.37,21.22,0.0,21.22,0.0974
D0215,2024-12-01,13.43,0.26,1.95,10.75,0.0,0.0,0.47,21.22,0.0,21.22,0.1025
D0215,2025-02-01,9.89,0.24,1.69,7.28,0.0,0.0,0.68,21.22,0.0,21.22,0.1108
D0215,2025-03-01,12.3,0.23,1.88,9.38,0.0,0.0,0.81,21.22,0.0,21.22,0.1165
D0215,2025-04-01,9.87,0.22,1.56,7.77,0.0,0.0,0.32,21.22,0.0,21.22,0.1217
D0215,2025-05-01,8.52,0.21,1.67,6.52,0.0,0.0,0.12,21.22,0.0,21.22,0.1264
D0215,2025-06-01,8.48,0.2,1.41,6.38,0.0,0.0,0.49,21.22,0.0,21.22,0.1314
D0217,2024-10-01,20.75,0.42,2.98,15.92,0.0,0.0,1.43,20.71,0.0,20.71,0.0699
D0217,2024-11-01,18.74,0.4,2.87,14.76,0.0,0.0,0.71,20.71,0.0,20.71,0.0735
D0217,2024-12-01,17.54,0.38,2.68,13.93,0.0,0.0,0.55,20.71,0.0,20.71,0.0773
D0217,2025-01-01,15.99,0.36,2.2,12.75,0.0,0.0,0.68,20.71,0.0,20.71,0.0812
D0217,2025-02-01,14.93,0.34,2.38,11.38,0.0,0.0,0.83,20.71,0.0,20.71,0.085
D0217,2025-03-01,16.55,0.33,2.43,12.86,0.0,0.0,0.93,20.71,0.0,20.71,0.0897
D0217,2025-04-01,14.43,0.31,2.18,10.94,0.0,0.0,1.0,20.71,0.0,20.71,0.0942
D0217,2025-05-01,12.72,0.3,1.96,10.26,0.0,0.0,0.2,20.71,0.0,20.71,0.0988
D0217,2025-06-01,13.0,0.28,2.06,10.37,0.0,0.0,0.29,20.71,0.0,20.71,0.104
D0217,2025-07-01,13.07,0.27,1.8,10.49,0.0,0.0,0.51,20.71,0.0,20.71,0.1097
D0217,2025-08-01,10.99,0.25,1.71,8.52,0.0,0.0,0.51,20.71,0.0,20.71,0.1149
D0217,2025-09-01,10.24,0.24,1.72,8.14,0.0,0.0,0.14,20.71,0.0,20.71,0.1204
D0217,2025-10-01,10.89,0.23,1.65,8.39,0.0,0.0,0.62,20.71,0.0,20.71,0.1265
D0217,2025-11-01,9.86,0.22,1.59,7.36,0.0,0.0,0.69,20.71,0.0,20.71,0.1325
D0217,2025-12-01,10.28,0.21,1.56,8.23,0.0,0.0,0.28,20.71,0.0,20.71,0.1399
D0217,2026-01-01,9.74,0.2,1.41,7.93,0.0,0.0,0.2,20.71,0.0,20.71,0.1478
D0217,2026-02-01,7.9,0.19,1.27,6.26,0.0,0.0,0.18,20.71,0.0,20.71,0.1547
D0217,2026-03-01,8.51,0.18,1.34,6.78,0.0,0.0,0.21,20.71,0.0,20.71,0.1629
D0217,2026-04-01,8.24,0.17,1.29,6.67,0.0,0.0,0.11,20.71,0.0,20.71,0.172
D0217,2026-05-01,6.83,0.16,1.06,5.13,0.0,0.0,0.48,20.71,0.0,20.71,0.1796
D0217,2026-06-01,6.45,0.16,1.05,5.03,0.0,0.0,0.21,20.71,0.0,20.71,0.1878
D0217,2026-07-01,6.13,0.15,0.97,4.67,0.0,0.0,0.34,20.71,0.0,20.71,0.1961
D0218,2025-03-01,10.29,0.23,1.88,8.03,0.0,0.0,0.15,24.5,0.0,24.5,0.1233
D0218,2025-04-01,9.52,0.22,1.65,6.7,0.0,0.0,0.95,24.5,0.0,24.5,0.1276
D0218,2025-05-01,8.61,0.21,1.93,5.71,0.0,0.0,0.76,24.5,0.0,24.5,0.1315
D0218,2025-06-01,7.81,0.21,1.78,5.66,0.0,0.0,0.16,24.5,0.0,24.5,0.1356
D0218,2025-07-01,7.74,0.2,1.83,5.42,0.0,0.0,0.29,24.5,0.0,24.5,0.1398
D0218,2025-08-01,8.26,0.19,1.8,5.46,0.0,0.0,0.81,24.5,0.0,24.5,0.1443
D0218,2025-10-01,7.65,0.18,1.47,5.56,0.0,0.0,0.44,24.5,0.0,24.5,0.1554
D0218,2025-11-01,8.07,0.17,1.44,5.77,0.0,0.0,0.69,24.5,0.0,24.5,0.1613
D0218,2025-12-01,7.36,0.17,1.57,4.95,0.0,0.0,0.67,24.5,0.0,24.5,0.1668
D0218,2026-01-01,6.98,0.16,1.48,4.8,0.0,0.0,0.54,24.5,0.0,24.5,0.1724
D0218,2026-02-01,6.81,0.16,1.33,4.82,0.0,0.0,0.5,24.5,0.0,24.5,0.1785
D0219,2025-06-01,15.56,0.4,2.55,11.19,0.0,0.0,1.42,10.81,0.0,10.81,0.0365
D0219,2025-07-01,14.68,0.38,2.87,10.81,0.0,0.0,0.62,10.81,0.0,10.81,0.0379
D0219,2025-08-01,13.97,0.37,2.67,10.37,0.0,0.0,0.56,10.81,0.0,10.81,0.0393
D0219,2025-09-01,13.76,0.36,2.39,10.0,0.0,0.0,1.01,10.81,0.0,10.81,0.0408
D0219,2025-10-01,13.33,0.34,2.61,9.63,0.0,0.0,0.75,10.81,0.0,10.81,0.0424
D0219,2025-11-01,11.94,0.33,2.26,9.35,0.0,0.0,0.0,10.81,0.0,10.81,0.044
D0219,2025-12-01,12.6,0.32,2.4,8.89,0.0,0.0,0.99,10.81,0.0,10.81,0.0456
D0219,2026-01-01,11.6,0.31,2.05,8.66,0.0,0.0,0.58,10.81,0.0,10.81,0.0474
D0219,2026-02-01,11.38,0.3,1.84,8.34,0.0,0.0,0.9,10.81,0.0,10.81,0.0492
D0219,2026-03-01,11.14,0.29,1.84,8.0,0.0,0.0,1.01,10.81,0.0,10.81,0.051
D0219,2026-04-01,10.16,0.28,1.81,7.76,0.0,0.0,0.31,10.81,0.0,10.81,0.053
D0219,2026-05-01,9.8,0.27,1.56,7.49,0.0,0.0,0.48,10.81,0.0,10.81,0.055
D0219,2026-06-01,9.03,0.26,1.49,7.19,0.0,0.0,0.09,10.81,0.0,10.81,0.0571
D0219,2026-07-01,13.54,0.24,1.67,11.49,0.0,0.0,0.14,10.81,0.0,10.81,0.0607
D0222,2024-11-01,0.41,0.01,0.0,0.0,0.09,0.28,0.03,0.3,0.0,0.3,
D0222,2024-12-01,0.41,0.01,0.0,0.0,0.09,0.28,0.03,0.3,0.0,0.3,
D0222,2025-01-01,0.4,0.01,0.0,0.0,0.08,0.27,0.04,0.3,0.0,0.3,
D0222,2025-02-01,0.38,0.01,0.0,0.0,0.08,0.27,0.02,0.3,0.0,0.3,
D0222,2025-03-01,0.36,0.01,0.0,0.0,0.08,0.26,0.01,0.3,0.0,0.3,
D0222,2025-04-01,0.35,0.01,0.0,0.0,0.07,0.26,0.01,0.3,0.0,0.3,
D0222,2025-05-01,0.3,0.01,0.0,0.0,0.07,0.22,0.0,0.3,0.0,0.3,
D0222,2025-06-01,0.3,0.01,0.0,0.0,0.06,0.21,0.02,0.3,0.0,0.3,
D0222,2025-07-01,0.33,0.01,0.0,0.0,0.07,0.23,0.02,0.3,0.0,0.3,
D0222,2025-08-01,0.29,0.01,0.0,0.0,0.07,0.21,0.0,0.3,0.0,0.3,
D0222,2025-09-01,0.32,0.01,0.0,0.0,0.06,0.23,0.02,0.3,0.0,0.3,
D0222,2025-10-01,0.28,0.01,0.0,0.0,0.07,0.19,0.01,0.3,0.0,0.3,
D0222,2025-11-01,0.27,0.01,0.0,0.0,0.06,0.17,0.03,0.3,0.0,0.3,
D0222,2025-12-01,0.29,0.01,0.0,0.0,0.06,0.2,0.02,0.3,0.0,0.3,
D0222,2026-01-01,0.27,0.01,0.0,0.0,0.06,0.18,0.02,0.3,0.0,0.3,
D0222,2026-02-01,0.26,0.01,0.0,0.0,0.06,0.17,0.02,0.3,0.0,0.3,
D0222,2026-03-01,0.22,0.01,0.0,0.0,0.05,0.16,0.0,0.3,0.0,0.3,
D0222,2026-04-01,0.25,0.01,0.0,0.0,0.04,0.18,0.02,0.3,0.0,0.3,
D0222,2026-05-01,0.24,0.01,0.0,0.0,0.05,0.16,0.02,0.3,0.0,0.3,
D0222,2026-06-01,0.2,0.01,0.0,0.0,0.04,0.14,0.01,0.3,0.0,0.3,
D0222,2026-07-01,0.2,0.01,0.0,0.0,0.05,0.13,0.01,0.3,0.0,0.3,
D0223,2025-11-01,21.71,0.38,2.86,18.42,0.0,0.0,0.05,10.86,0.0,10.86,0.0345
D0223,2025-12-01,16.54,0.37,2.06,13.09,0.0,0.0,1.02,10.86,0.0,10.86,0.036
D0223,2026-01-01,17.02,0.35,2.66,12.86,0.0,0.0,1.15,10.86,0.0,10.86,0.0376
D0223,2026-02-01,19.93,0.33,2.24,16.56,0.0,0.0,0.8,10.86,0.0,10.86,0.0399
D0223,2026-03-01,17.06,0.31,2.44,14.08,0.0,0.0,0.23,10.86,0.0,10.86,0.0421
D0223,2026-04-01,15.06,0.3,2.25,11.4,0.0,0.0,1.11,10.86,0.0,10.86,0.044
D0223,2026-05-01,16.5,0.28,1.87,14.27,0.0,0.0,0.08,10.86,0.0,10.86,0.0467
D0223,2026-06-01,14.42,0.27,1.79,11.32,0.0,0.0,1.04,10.86,0.0,10.86,0.0491
D0223,2026-07-01,12.36,0.26,2.0,9.71,0.0,0.0,0.39,10.86,0.0,10.86,0.0514
D0230,2025-05-01,6.97,0.08,1.62,4.97,0.0,0.0,0.3,6.63,0.0,6.63,0.0409
D0230,2025-06-01,6.72,0.08,1.36,5.03,0.0,0.0,0.25,6.63,0.0,6.63,0.0422
D0230,2025-07-01,6.62,0.07,1.47,4.85,0.0,0.0,0.23,6.63,0.0,6.63,0.0435
D0230,2025-08-01,6.29,0.07,1.48,4.46,0.0,0.0,0.28,6.63,0.0,6.63,0.0449
D0230,2025-09-01,6.42,0.07,1.33,4.57,0.0,0.0,0.45,6.63,0.0,6.63,0.0463
D0230,2025-10-01,5.82,0.07,1.2,4.16,0.0,0.0,0.39,6.63,0.0,6.63,0.0477
D0230,2025-11-01,6.51,0.07,1.45,4.33,0.0,0.0,0.66,6.63,0.0,6.63,0.0492
D0230,2025-12-01,6.02,0.06,1.33,4.18,0.0,0.0,0.45,6.63,0.0,6.63,0.0508
D0230,2026-01-01,5.69,0.06,1.21,4.0,0.0,0.0,0.42,6.63,0.0,6.63,0.0524
D0230,2026-03-01,5.2,0.06,1.2,3.54,0.0,0.0,0.4,6.63,0.0,6.63,0.0555
D0230,2026-04-01,5.24,0.06,1.14,3.6,0.0,0.0,0.44,6.63,0.0,6.63,0.0572
D0230,2026-05-01,4.99,0.06,1.13,3.36,0.0,0.0,0.44,6.63,0.0,6.63,0.059
D0230,2026-06-01,4.54,0.05,1.01,3.26,0.0,0.0,0.22,6.63,0.0,6.63,0.0607
D0231,2025-02-01,1.43,0.01,0.0,0.0,0.11,1.24,0.07,0.65,0.0,0.65,
D0231,2025-03-01,0.96,0.01,0.0,0.0,0.1,0.83,0.02,0.65,0.0,0.65,
D0231,2025-04-01,0.85,0.01,0.0,0.0,0.1,0.72,0.02,0.65,0.0,0.65,
D0231,2025-05-01,0.89,0.01,0.0,0.0,0.1,0.77,0.01,0.65,0.0,0.65,
D0231,2025-06-01,0.79,0.01,0.0,0.0,0.1,0.64,0.04,0.65,0.0,0.65,
D0231,2025-07-01,0.79,0.01,0.0,0.0,0.1,0.64,0.04,0.65,0.0,0.65,
D0231,2025-08-01,0.65,0.01,0.0,0.0,0.09,0.5,0.05,0.65,0.0,0.65,
D0231,2025-09-01,0.7,0.01,0.0,0.0,0.08,0.6,0.01,0.65,0.0,0.65,
D0231,2025-11-01,0.52,0.01,0.0,0.0,0.07,0.41,0.03,0.65,0.0,0.65,
D0231,2025-12-01,0.63,0.01,0.0,0.0,0.06,0.56,0.0,0.65,0.0,0.65,
D0231,2026-01-01,0.48,0.01,0.0,0.0,0.06,0.41,0.0,0.65,0.0,0.65,
D0231,2026-02-01,0.58,0.01,0.0,0.0,0.06,0.49,0.02,0.65,0.0,0.65,
D0231,2026-03-01,0.48,0.01,0.0,0.0,0.06,0.4,0.01,0.65,0.0,0.65,
D0231,2026-04-01,0.49,0.01,0.0,0.0,0.05,0.43,0.0,0.65,0.0,0.65,
D0231,2026-05-01,0.51,0.01,0.0,0.0,0.05,0.42,0.03,0.65,0.0,0.65,
D0231,2026-06-01,0.42,0.01,0.0,0.0,0.05,0.33,0.03,0.65,0.0,0.65,
D0231,2026-07-01,0.43,0.01,0.0,0.0,0.04,0.35,0.03,0.65,0.0,0.65,
D0232,2026-07-01,5.45,0.08,0.74,4.41,0.0,0.0,0.22,3.05,0.0,3.05,0.0447
D0234,2024-10-01,3.51,0.05,0.59,2.8,0.0,0.0,0.07,3.46,0.0,3.46,0.0507
D0234,2024-11-01,3.86,0.05,0.69,3.09,0.0,0.0,0.03,3.46,0.0,3.46,0.0531
D0234,2024-12-01,3.97,0.04,0.52,3.29,0.0,0.0,0.12,3.46,0.0,3.46,0.0559
D0234,2025-01-01,3.24,0.04,0.56,2.63,0.0,0.0,0.01,3.46,0.0,3.46,0.0584
D0234,2025-02-01,3.69,0.04,0.55,2.9,0.0,0.0,0.2,3.46,0.0,3.46,0.0614
D0234,2025-03-01,2.9,0.04,0.53,2.33,0.0,0.0,0.0,3.46,0.11,3.35,0.062
D0234,2025-04-01,3.35,0.04,0.47,2.84,0.0,0.0,0.0,3.35,0.1,3.25,0.0635
D0235,2025-06-01,10.48,0.15,1.67,8.13,0.0,0.0,0.53,6.1,0.0,6.1,0.0342
D0235,2025-07-01,9.96,0.15,1.56,7.81,0.0,0.0,0.44,6.1,0.0,6.1,0.0357
D0235,2025-09-01,9.19,0.13,1.3,7.53,0.0,0.0,0.23,6.1,0.0,6.1,0.0393
D0235,2025-10-01,8.28,0.13,1.15,6.83,0.0,0.0,0.17,6.1,0.0,6.1,0.0411
D0235,2025-11-01,8.33,0.12,1.08,6.64,0.0,0.0,0.49,6.1,0.0,6.1,0.043
D0235,2025-12-01,8.01,0.12,1.12,6.17,0.0,0.0,0.6,6.1,0.0,6.1,0.045
D0235,2026-01-01,7.79,0.11,1.3,6.13,0.0,0.0,0.25,6.1,0.0,6.1,0.0471
D0235,2026-02-01,12.59,0.1,1.05,11.07,0.0,0.0,0.37,6.1,0.0,6.1,0.0515
D0235,2026-03-01,6.28,0.1,0.89,5.03,0.0,0.0,0.26,6.1,0.0,6.1,0.0538
D0235,2026-04-01,10.82,0.09,0.89,9.6,0.0,0.0,0.24,6.1,0.0,6.1,0.0587
D0235,2026-05-01,6.15,0.09,0.88,4.76,0.0,0.0,0.42,6.1,0.0,6.1,0.0616
D0235,2026-06-01,5.33,0.08,0.84,4.24,0.0,0.0,0.17,6.1,0.0,6.1,0.0643
D0235,2026-07-01,5.18,0.08,0.81,4.11,0.0,0.0,0.18,6.1,0.0,6.1,0.0672
D0237,2026-04-01,8.0,0.08,1.08,6.83,0.0,0.0,0.01,8.08,0.0,8.08,0.0604
D0237,2026-05-01,7.97,0.08,1.13,6.41,0.0,0.0,0.35,8.08,0.0,8.08,0.0635
D0237,2026-06-01,7.32,0.07,0.98,6.11,0.0,0.0,0.16,8.08,0.0,8.08,0.0667
D0237,2026-07-01,7.96,0.07,1.09,6.23,0.0,0.0,0.57,8.08,0.0,8.08,0.0703
D0239,2026-03-01,4.43,0.04,0.47,3.81,0.0,0.0,0.11,0.0,0.0,0.0,0.0
D0239,2026-04-01,4.0,0.04,0.48,3.38,0.0,0.0,0.1,0.0,0.0,0.0,0.0
D0239,2026-05-01,3.66,0.03,0.41,3.16,0.0,0.0,0.06,0.0,0.0,0.0,0.0
D0239,2026-06-01,3.77,0.03,0.37,3.25,0.0,0.0,0.12,0.0,0.0,0.0,0.0
D0239,2026-07-01,3.23,0.03,0.43,2.74,0.0,0.0,0.03,0.0,0.0,0.0,0.0
D0241,2025-05-01,8.21,0.2,1.1,6.4,0.0,0.0,0.51,15.42,0.0,15.42,0.0944
D0241,2025-06-01,8.12,0.19,1.22,6.23,0.0,0.0,0.48,15.42,0.0,15.42,0.0981
D0241,2025-07-01,7.77,0.19,1.28,5.85,0.0,0.0,0.45,15.42,0.0,15.42,0.1019
D0241,2025-08-01,7.37,0.18,1.23,5.64,0.0,0.0,0.32,15.42,0.0,15.42,0.1058
D0241,2025-09-01,6.8,0.17,0.98,5.37,0.0,0.0,0.28,15.42,0.0,15.42,0.1099
D0241,2025-10-01,6.88,0.17,1.05,5.17,0.0,0.0,0.49,15.42,0.0,15.42,0.1141
D0241,2025-11-01,6.98,0.16,1.17,5.29,0.0,0.0,0.36,15.42,0.0,15.42,0.1187
D0241,2025-12-01,9.19,0.15,0.98,7.58,0.0,0.0,0.48,15.42,0.0,15.42,0.1261
D0241,2026-01-01,6.59,0.15,1.11,4.78,0.0,0.0,0.55,15.42,0.0,15.42,0.1312
D0241,2026-02-01,6.22,0.14,1.04,4.58,0.0,0.0,0.46,15.42,0.0,15.42,0.1365
D0241,2026-03-01,5.23,0.13,0.86,4.18,0.0,0.0,0.06,15.42,0.0,15.42,0.1418
D0241,2026-04-01,5.42,0.13,0.96,4.09,0.0,0.0,0.24,15.42,0.0,15.42,0.1473
D0241,2026-05-01,4.86,0.12,0.75,3.83,0.0,0.0,0.16,15.42,0.0,15.42,0.1529
D0241,2026-06-01,5.04,0.12,0.89,3.76,0.0,0.0,0.27,15.42,0.0,15.42,0.1588
D0241,2026-07-01,4.72,0.12,0.83,3.64,0.0,0.0,0.13,15.42,0.0,15.42,0.165
D0242,2026-03-01,16.01,0.11,1.92,13.65,0.0,0.0,0.33,11.13,0.0,11.13,0.0488
D0242,2026-05-01,12.75,0.1,1.78,10.85,0.0,0.0,0.02,11.13,0.0,11.13,0.0543
D0242,2026-06-01,13.18,0.09,1.45,11.23,0.0,0.0,0.41,11.13,0.0,11.13,0.0575
D0242,2026-07-01,12.9,0.09,1.61,11.0,0.0,0.0,0.2,11.13,0.0,11.13,0.061
D0243,2026-01-01,15.07,0.25,2.07,12.34,0.0,0.0,0.41,16.38,0.0,16.38,0.0607
D0243,2026-02-01,13.57,0.24,1.85,10.9,0.0,0.0,0.58,16.38,0.0,16.38,0.0633
D0243,2026-03-01,13.94,0.23,1.91,11.39,0.0,0.0,0.41,16.38,0.0,16.38,0.0662
D0243,2026-04-01,11.4,0.22,1.7,9.32,0.0,0.0,0.16,16.38,0.0,16.38,0.0688
D0243,2026-05-01,11.91,0.21,1.72,9.13,0.0,0.0,0.85,16.38,0.0,16.38,0.0716
D0243,2026-06-01,21.43,0.19,1.49,19.62,0.0,0.0,0.13,16.38,0.0,16.38,0.0783
D0243,2026-07-01,10.85,0.18,1.59,8.51,0.0,0.0,0.57,16.38,0.0,16.38,0.0816
D0245,2024-07-01,2.29,0.04,0.3,1.91,0.0,0.0,0.04,1.69,0.0,1.69,0.051
D0245,2024-08-01,2.37,0.04,0.28,1.98,0.0,0.0,0.07,1.69,0.0,1.69,0.0542
D0245,2024-09-01,2.02,0.04,0.3,1.67,0.0,0.0,0.01,1.69,0.0,1.69,0.0573
D0245,2024-10-01,1.97,0.04,0.24,1.67,0.0,0.0,0.02,1.69,0.0,1.69,0.0607
D0245,2024-11-01,1.86,0.04,0.23,1.5,0.0,0.0,0.09,1.69,0.0,1.69,0.0642
D0245,2024-12-01,1.86,0.03,0.19,1.53,0.0,0.0,0.11,1.69,0.0,1.69,0.0681
D0245,2025-01-01,1.62,0.03,0.2,1.37,0.0,0.0,0.02,1.69,0.0,1.69,0.0721
D0245,2025-02-01,1.65,0.03,0.22,1.4,0.0,0.0,0.0,1.69,0.0,1.69,0.0767
D0245,2025-03-01,2.04,0.03,0.16,1.78,0.0,0.0,0.07,1.69,0.0,1.69,0.0834
D0245,2025-04-01,1.41,0.03,0.18,1.17,0.0,0.0,0.03,1.69,0.0,1.69,0.0885
D0245,2025-05-01,1.24,0.02,0.16,1.04,0.0,0.0,0.02,1.69,0.0,1.69,0.0936
D0245,2025-06-01,1.28,0.02,0.15,1.03,0.0,0.0,0.08,1.69,0.0,1.69,0.0993
D0245,2025-07-01,1.13,0.02,0.13,0.92,0.0,0.0,0.06,1.69,0.0,1.69,0.105
D0245,2025-08-01,1.04,0.02,0.12,0.89,0.0,0.0,0.01,1.69,0.0,1.69,0.1111
D0245,2025-09-01,1.0,0.02,0.15,0.82,0.0,0.0,0.01,1.69,0.0,1.69,0.1174
D0245,2025-10-01,1.09,0.02,0.12,0.88,0.0,0.0,0.07,1.69,0.0,1.69,0.1251
D0245,2025-11-01,0.98,0.02,0.11,0.8,0.0,0.0,0.05,1.69,0.0,1.69,0.133
D0245,2025-12-01,0.93,0.02,0.11,0.78,0.0,0.0,0.02,1.69,0.0,1.69,0.1417
D0245,2026-01-01,0.8,0.02,0.11,0.65,0.0,0.0,0.02,1.69,0.0,1.69,0.1498
D0245,2026-02-01,0.77,0.01,0.1,0.63,0.0,0.0,0.03,1.69,0.0,1.69,0.1587
D0245,2026-03-01,0.76,0.01,0.09,0.66,0.0,0.0,0.0,1.69,0.0,1.69,0.1692
D0245,2026-04-01,0.66,0.01,0.09,0.56,0.0,0.0,0.0,1.69,0.0,1.69,0.1792
D0245,2026-05-01,0.65,0.01,0.09,0.54,0.0,0.0,0.01,1.69,0.0,1.69,0.1901
D0246,2025-02-01,14.88,0.26,2.34,11.63,0.0,0.0,0.65,38.26,0.0,38.26,0.1185
D0246,2025-03-01,15.27,0.25,2.42,11.38,0.0,0.0,1.22,38.26,0.0,38.26,0.1228
D0246,2025-04-01,14.52,0.24,2.05,10.95,0.0,0.0,1.28,38.26,0.0,38.26,0.1273
D0246,2025-05-01,13.85,0.23,2.33,10.48,0.0,0.0,0.81,38.26,0.0,38.26,0.1319
D0246,2025-06-01,12.99,0.22,2.35,10.24,0.0,0.0,0.18,38.26,0.0,38.26,0.1367
D0246,2025-07-01,12.15,0.22,2.07,9.52,0.0,0.0,0.34,38.26,0.0,38.26,0.1416
D0246,2025-08-01,11.56,0.21,1.78,9.07,0.0,0.0,0.5,38.26,0.0,38.26,0.1465
D0246,2025-09-01,11.46,0.2,2.09,8.91,0.0,0.0,0.26,38.26,0.0,38.26,0.1516
D0246,2025-10-01,10.97,0.19,1.8,8.47,0.0,0.0,0.51,38.26,0.0,38.26,0.1569
D0246,2025-11-01,10.94,0.19,1.61,8.61,0.0,0.0,0.53,38.26,0.0,38.26,0.1627
D0246,2025-12-01,10.37,0.18,1.54,8.05,0.0,0.0,0.6,38.26,0.0,38.26,0.1684
D0246,2026-01-01,20.43,0.17,1.57,18.48,0.0,0.0,0.21,38.26,0.0,38.26,0.1833
D0246,2026-02-01,9.54,0.16,1.48,7.2,0.0,0.0,0.7,38.26,0.0,38.26,0.1899
D0246,2026-03-01,9.38,0.15,1.49,7.11,0.0,0.0,0.63,38.26,0.0,38.26,0.1968
D0246,2026-04-01,8.77,0.15,1.46,6.81,0.0,0.0,0.35,38.26,0.0,38.26,0.204
D0246,2026-05-01,8.9,0.14,1.56,6.33,0.0,0.0,0.87,38.26,0.0,38.26,0.2111
D0246,2026-06-01,7.8,0.14,1.28,6.33,0.0,0.0,0.05,38.26,0.0,38.26,0.2187
D0246,2026-07-01,7.71,0.13,1.4,6.1,0.0,0.0,0.08,38.26,0.0,38.26,0.2266
D0251,2024-06-01,6.4,0.2,1.27,4.59,0.0,0.0,0.34,5.41,0.0,5.41,0.0317
D0251,2024-07-01,6.42,0.19,1.28,4.57,0.0,0.0,0.38,5.41,0.0,5.41,0.0326
D0251,2024-08-01,6.47,0.19,1.22,4.29,0.0,0.0,0.77,5.41,0.0,5.41,0.0335
D0251,2024-09-01,6.59,0.18,1.3,4.33,0.0,0.0,0.78,5.41,0.0,5.41,0.0344
D0251,2024-10-01,6.12,0.18,1.25,4.23,0.0,0.0,0.46,5.41,0.0,5.41,0.0353
D0251,2024-11-01,6.1,0.17,1.32,4.01,0.0,0.0,0.6,5.41,0.0,5.41,0.0363
D0251,2024-12-01,5.82,0.17,1.19,3.98,0.0,0.0,0.48,5.41,0.0,5.41,0.0373
D0251,2025-01-01,5.42,0.17,0.99,3.81,0.0,0.0,0.45,5.41,0.0,5.41,0.0383
D0251,2025-02-01,5.53,0.16,1.04,3.82,0.0,0.0,0.51,5.41,0.0,5.41,0.0394
D0251,2025-03-01,5.38,0.16,1.06,3.68,0.0,0.0,0.48,5.41,0.0,5.41,0.0404
D0251,2025-04-01,4.81,0.15,0.94,3.63,0.0,0.0,0.09,5.41,0.0,5.41,0.0416
D0251,2025-05-01,5.23,0.15,1.1,3.43,0.0,0.0,0.55,5.41,0.0,5.41,0.0427
D0251,2025-06-01,4.87,0.14,1.08,3.41,0.0,0.0,0.24,5.41,0.0,5.41,0.0439
D0251,2025-07-01,4.39,0.14,0.79,3.33,0.0,0.0,0.13,5.41,0.0,5.41,0.0451
D0251,2025-08-01,4.24,0.14,0.93,3.12,0.0,0.0,0.05,5.41,0.0,5.41,0.0463
D0251,2025-09-01,4.46,0.13,0.92,3.17,0.0,0.0,0.24,5.41,0.0,5.41,0.0476
D0251,2025-10-01,4.4,0.13,0.98,3.12,0.0,0.0,0.17,5.41,0.0,5.41,0.0489
D0251,2025-11-01,4.3,0.13,0.86,2.89,0.0,0.0,0.42,5.41,0.0,5.41,0.0502
D0251,2025-12-01,4.14,0.12,0.83,2.88,0.0,0.0,0.31,5.41,0.0,5.41,0.0516
D0251,2026-01-01,3.57,0.12,0.65,2.74,0.0,0.0,0.06,5.41,0.0,5.41,0.053
D0251,2026-02-01,3.53,0.12,0.69,2.65,0.0,0.0,0.07,5.41,0.0,5.41,0.0544
D0251,2026-03-01,3.85,0.11,0.72,2.61,0.0,0.0,0.41,5.41,0.0,5.41,0.0559
D0251,2026-04-01,3.48,0.11,0.74,2.49,0.0,0.0,0.14,5.41,0.0,5.41,0.0574
D0251,2026-05-01,3.32,0.11,0.67,2.42,0.0,0.0,0.12,5.41,0.0,5.41,0.0589
D0254,2026-04-01,18.16,0.25,2.8,15.07,0.0,0.0,0.04,14.08,0.0,14.08,0.0442
D0254,2026-05-01,18.61,0.24,2.39,15.73,0.0,0.0,0.25,14.08,0.0,14.08,0.0465
D0254,2026-06-01,25.22,0.22,2.51,21.5,0.0,0.0,0.99,14.08,0.0,14.08,0.05
D0254,2026-07-01,15.85,0.21,2.38,12.07,0.0,0.0,1.19,14.08,0.0,14.08,0.0523
D0255,2024-04-01,7.66,0.09,1.18,6.23,0.0,0.0,0.16,3.72,0.0,3.72,0.0321
D0255,2024-05-01,5.16,0.09,1.04,3.86,0.0,0.0,0.17,3.72,0.0,3.72,0.0332
D0255,2024-06-01,8.81,0.08,1.02,7.42,0.0,0.0,0.29,3.72,0.0,3.72,0.0356
D0255,2024-08-01,4.46,0.08,0.84,3.18,0.0,0.0,0.36,3.72,0.0,3.72,0.0379
D0255,2024-10-01,4.08,0.07,0.86,3.09,0.0,0.0,0.06,3.72,0.0,3.72,0.0406
D0255,2024-11-01,4.34,0.07,0.83,3.07,0.0,0.0,0.37,3.72,0.0,3.72,0.042
D0255,2024-12-01,3.94,0.07,0.91,2.77,0.0,0.0,0.19,3.72,0.0,3.72,0.0433
D0255,2025-01-01,4.0,0.07,0.8,2.89,0.0,0.0,0.24,3.72,0.0,3.72,0.0449
D0255,2025-02-01,3.89,0.06,0.77,2.68,0.0,0.0,0.38,3.72,0.0,3.72,0.0463
D0255,2025-03-01,3.41,0.06,0.77,2.49,0.0,0.0,0.09,3.72,0.0,3.72,0.0478
D0255,2025-04-01,3.51,0.06,0.79,2.51,0.0,0.0,0.15,3.72,0.0,3.72,0.0494
D0255,2025-05-01,3.49,0.06,0.69,2.56,0.0,0.0,0.18,3.72,0.0,3.72,0.0512
D0255,2025-06-01,3.21,0.06,0.65,2.23,0.0,0.0,0.27,3.72,0.0,3.72,0.0528
D0255,2025-07-01,3.05,0.05,0.71,2.11,0.0,0.0,0.18,3.72,0.0,3.72,0.0544
D0255,2025-08-01,3.08,0.05,0.62,2.13,0.0,0.0,0.28,3.72,0.0,3.72,0.0562
D0255,2025-09-01,2.88,0.05,0.64,2.0,0.0,0.0,0.19,3.72,0.0,3.72,0.0579
D0255,2025-10-01,2.88,0.05,0.59,2.06,0.0,0.0,0.18,3.72,0.0,3.72,0.0598
D0255,2025-11-01,2.83,0.05,0.58,2.02,0.0,0.0,0.18,3.72,0.0,3.72,0.0618
D0255,2025-12-01,2.5,0.05,0.49,1.96,0.0,0.0,0.0,3.72,0.0,3.72,0.0639
D0255,2026-01-01,2.59,0.05,0.59,1.73,0.0,0.0,0.22,3.72,0.0,3.72,0.0659
D0255,2026-02-01,2.59,0.04,0.51,1.9,0.0,0.0,0.14,3.72,0.0,3.72,0.0682
D0255,2026-03-01,2.32,0.04,0.5,1.72,0.0,0.0,0.06,3.72,0.0,3.72,0.0704
D0257,2024-09-01,5.22,0.05,0.8,4.0,0.0,0.0,0.37,8.2,0.0,8.2,0.1009
D0257,2024-10-01,4.78,0.04,0.76,3.6,0.0,0.0,0.38,8.2,0.0,8.2,0.1056
D0257,2024-11-01,4.59,0.04,0.71,3.73,0.0,0.0,0.11,8.2,0.0,8.2,0.1109
D0257,2024-12-01,4.32,0.04,0.78,3.31,0.0,0.0,0.19,8.2,0.0,8.2,0.1161
D0257,2025-01-01,4.42,0.04,0.75,3.55,0.0,0.0,0.08,8.2,0.0,8.2,0.1222
D0257,2025-02-01,4.21,0.04,0.63,3.35,0.0,0.0,0.19,8.2,0.0,8.2,0.1287
D0257,2025-03-01,3.69,0.03,0.62,2.81,0.0,0.0,0.23,8.2,0.0,8.2,0.1346
D0257,2025-04-01,3.56,0.03,0.53,2.74,0.0,0.0,0.26,8.2,0.0,8.2,0.1409
D0257,2025-05-01,3.57,0.03,0.58,2.88,0.0,0.0,0.08,8.2,0.0,8.2,0.1483
D0257,2025-06-01,3.23,0.03,0.59,2.6,0.0,0.0,0.01,8.2,0.0,8.2,0.1556
D0257,2025-07-01,5.02,0.03,0.47,4.45,0.0,0.0,0.07,8.2,0.0,8.2,0.1699
D0258,2026-02-01,10.13,0.14,2.95,6.65,0.0,0.0,0.39,24.55,0.0,24.55,0.0915
D0258,2026-03-01,10.33,0.14,2.85,6.73,0.0,0.0,0.61,24.55,0.0,24.55,0.0939
D0258,2026-04-01,9.85,0.14,2.71,6.76,0.0,0.0,0.24,24.55,0.0,24.55,0.0964
D0258,2026-05-01,8.93,0.13,2.54,6.19,0.0,0.0,0.07,24.55,0.0,24.55,0.0988
D0258,2026-06-01,9.19,0.13,2.71,6.18,0.0,0.0,0.17,24.55,0.0,24.55,0.1013
D0258,2026-07-01,8.99,0.13,2.46,6.05,0.0,0.0,0.35,24.55,0.0,24.55,0.1039
D0260,2025-03-01,7.64,0.09,1.19,6.17,0.0,0.0,0.19,2.72,0.0,2.72,0.0248
D0260,2025-04-01,6.69,0.08,1.23,5.3,0.0,0.0,0.08,2.72,0.0,2.72,0.0261
D0260,2025-05-01,6.04,0.08,1.17,4.51,0.0,0.0,0.28,2.72,0.0,2.72,0.0273
D0260,2025-06-01,6.31,0.07,1.01,5.2,0.0,0.0,0.03,2.72,0.0,2.72,0.0288
D0260,2025-07-01,5.93,0.07,1.05,4.54,0.0,0.0,0.27,2.72,0.0,2.72,0.0302
D0260,2025-08-01,5.06,0.07,1.07,3.81,0.0,0.0,0.11,2.72,0.0,2.72,0.0316
D0260,2025-09-01,5.43,0.07,1.03,3.99,0.0,0.0,0.34,2.72,0.0,2.72,0.0331
D0260,2025-11-01,4.92,0.06,0.87,3.93,0.0,0.0,0.06,2.72,0.0,2.72,0.0364
D0260,2025-12-01,4.01,0.06,0.72,3.06,0.0,0.0,0.17,2.72,0.0,2.72,0.038
D0260,2026-01-01,4.23,0.05,0.81,3.06,0.0,0.0,0.31,2.72,0.0,2.72,0.0397
D0260,2026-02-01,4.54,0.05,0.73,3.61,0.0,0.0,0.15,2.72,0.0,2.72,0.0419
D0260,2026-03-01,4.37,0.05,0.7,3.32,0.0,0.0,0.3,2.72,0.0,2.72,0.0442
D0260,2026-04-01,4.12,0.05,0.65,3.17,0.0,0.0,0.25,2.72,0.0,2.72,0.0466
D0260,2026-05-01,3.3,0.04,0.63,2.56,0.0,0.0,0.07,2.72,0.0,2.72,0.0487
D0262,2025-02-01,3.58,0.07,0.49,2.99,0.0,0.0,0.03,3.06,0.0,3.06,0.0683
D0262,2025-03-01,3.45,0.07,0.49,2.84,0.0,0.0,0.05,3.06,0.0,3.06,0.0729
D0262,2025-04-01,3.0,0.06,0.41,2.37,0.0,0.0,0.16,3.06,0.0,3.06,0.0773
D0262,2025-05-01,2.86,0.06,0.46,2.3,0.0,0.0,0.04,3.06,0.0,3.06,0.082
D0262,2025-06-01,2.5,0.06,0.36,1.98,0.0,0.0,0.1,3.06,0.0,3.06,0.0866
D0262,2025-07-01,4.08,0.05,0.35,3.53,0.0,0.0,0.15,3.06,0.0,3.06,0.0962
D0262,2025-08-01,2.46,0.05,0.32,2.09,0.0,0.0,0.0,3.06,0.06,3.0,0.101
D0262,2025-09-01,2.16,0.04,0.33,1.71,0.0,0.0,0.08,3.0,0.0,3.0,0.1071
D0262,2025-10-01,2.18,0.04,0.25,1.8,0.0,0.0,0.09,3.0,0.0,3.0,0.1145
D0262,2025-11-01,1.77,0.04,0.24,1.49,0.0,0.0,0.0,3.0,0.06,2.94,0.119
D0262,2025-12-01,1.79,0.04,0.25,1.5,0.0,0.0,0.0,2.94,0.05,2.89,0.1245
D0262,2026-01-01,1.82,0.03,0.26,1.53,0.0,0.0,0.0,2.89,0.08,2.81,0.1296
D0262,2026-02-01,1.63,0.03,0.2,1.4,0.0,0.0,0.0,2.81,0.02,2.79,0.1376
D0262,2026-03-01,1.38,0.03,0.2,1.15,0.0,0.0,0.0,2.79,0.05,2.74,0.1432
D0262,2026-04-01,1.41,0.03,0.21,1.09,0.0,0.0,0.08,2.74,0.0,2.74,0.1519
D0264,2026-03-01,14.53,0.41,2.79,10.35,0.0,0.0,0.98,0.0,0.0,0.0,0.0
D0264,2026-04-01,13.48,0.39,2.83,9.99,0.0,0.0,0.27,0.0,0.0,0.0,0.0
D0264,2026-05-01,13.58,0.38,2.95,9.75,0.0,0.0,0.5,0.0,0.0,0.0,0.0
D0264,2026-06-01,14.31,0.37,2.92,9.58,0.0,0.0,1.44,0.0,0.0,0.0,0.0
D0264,2026-07-01,12.87,0.36,2.55,9.31,0.0,0.0,0.65,0.0,0.0,0.0,0.0
D0265,2024-11-01,10.43,0.23,1.59,8.16,0.0,0.0,0.45,18.37,0.0,18.37,0.1237
D0265,2024-12-01,10.48,0.22,1.65,7.91,0.0,0.0,0.7,18.37,0.0,18.37,0.1307
D0265,2025-01-01,9.08,0.2,1.36,6.86,0.0,0.0,0.66,18.37,0.0,18.37,0.1374
D0265,2025-02-01,8.1,0.2,1.44,6.02,0.0,0.0,0.44,18.37,0.0,18.37,0.1439
D0265,2025-03-01,8.35,0.19,1.33,6.65,0.0,0.0,0.18,18.37,0.0,18.37,0.1518
D0265,2025-04-01,8.37,0.18,1.27,6.53,0.0,0.0,0.39,18.37,0.0,18.37,0.1605
D0265,2025-05-01,6.76,0.17,1.09,5.28,0.0,0.0,0.22,18.37,0.0,18.37,0.1682
D0265,2025-06-01,7.53,0.16,1.25,5.99,0.0,0.0,0.13,18.37,0.0,18.37,0.178
D0265,2025-07-01,6.2,0.15,1.01,4.66,0.0,0.0,0.38,18.37,0.0,18.37,0.1864
D0265,2025-08-01,5.6,0.14,1.04,4.19,0.0,0.0,0.23,18.37,0.0,18.37,0.1947
D0265,2025-09-01,6.28,0.14,0.87,5.05,0.0,0.0,0.22,18.37,0.0,18.37,0.2057
D0265,2025-10-01,5.54,0.13,0.96,4.23,0.0,0.0,0.22,18.37,0.0,18.37,0.2159
D0265,2025-11-01,5.36,0.12,0.84,4.33,0.0,0.0,0.07,18.37,0.0,18.37,0.2275
D0265,2025-12-01,4.71,0.12,0.77,3.66,0.0,0.0,0.16,18.37,0.0,18.37,0.2383
D0265,2026-01-01,4.63,0.11,0.78,3.58,0.0,0.0,0.16,18.37,0.0,18.37,0.2499
D0265,2026-02-01,5.12,0.11,0.77,3.97,0.0,0.0,0.27,18.37,0.0,18.37,0.2642
D0268,2025-07-01,15.62,0.11,2.85,12.01,0.0,0.0,0.65,17.92,0.0,17.92,0.0725
D0268,2025-08-01,13.58,0.11,2.3,11.09,0.0,0.0,0.08,17.92,0.0,17.92,0.0759
D0268,2025-09-01,15.56,0.1,2.6,11.85,0.0,0.0,1.01,17.92,0.0,17.92,0.0799
D0268,2025-10-01,12.77,0.1,2.26,9.56,0.0,0.0,0.85,17.92,0.0,17.92,0.0834
D0268,2025-11-01,13.51,0.09,2.16,10.48,0.0,0.0,0.78,17.92,0.0,17.92,0.0877
D0268,2025-12-01,10.23,0.09,1.89,8.25,0.0,0.0,0.0,17.92,0.43,17.49,0.0892
D0268,2026-01-01,11.97,0.09,2.07,9.81,0.0,0.0,0.0,17.49,0.12,17.37,0.0933
D0268,2026-02-01,10.63,0.08,2.01,8.54,0.0,0.0,0.0,17.37,0.42,16.95,0.0954
D0268,2026-03-01,10.52,0.08,1.77,8.67,0.0,0.0,0.0,16.95,0.23,16.72,0.0989
D0268,2026-04-01,9.87,0.07,1.47,7.91,0.0,0.0,0.42,16.72,0.0,16.72,0.1038
D0268,2026-05-01,9.09,0.07,1.65,7.37,0.0,0.0,0.0,16.72,0.31,16.41,0.1067
D0268,2026-06-01,9.38,0.07,1.48,7.83,0.0,0.0,0.0,16.41,0.23,16.18,0.1109
D0268,2026-07-01,8.07,0.06,1.32,6.29,0.0,0.0,0.4,16.18,0.0,16.18,0.1159
D0270,2025-03-01,3.57,0.05,0.78,2.55,0.0,0.0,0.19,0.0,0.0,0.0,0.0
D0270,2025-04-01,3.39,0.05,0.68,2.35,0.0,0.0,0.31,0.0,0.0,0.0,0.0
D0270,2025-05-01,3.28,0.05,0.77,2.37,0.0,0.0,0.09,0.0,0.0,0.0,0.0
D0270,2025-06-01,3.19,0.05,0.76,2.27,0.0,0.0,0.11,0.0,0.0,0.0,0.0
D0270,2025-07-01,3.36,0.04,0.62,2.35,0.0,0.0,0.35,0.0,0.0,0.0,0.0
D0270,2025-08-01,3.16,0.04,0.65,2.18,0.0,0.0,0.29,0.0,0.0,0.0,0.0
D0270,2025-09-01,3.01,0.04,0.72,2.02,0.0,0.0,0.23,0.0,0.0,0.0,0.0
D0270,2025-10-01,2.86,0.04,0.71,2.07,0.0,0.0,0.04,0.0,0.0,0.0,0.0
D0270,2025-11-01,2.76,0.04,0.65,1.95,0.0,0.0,0.12,0.0,0.0,0.0,0.0
D0270,2025-12-01,2.72,0.04,0.55,1.96,0.0,0.0,0.17,0.0,0.0,0.0,0.0
D0270,2026-01-01,2.5,0.04,0.57,1.87,0.0,0.0,0.02,0.0,0.0,0.0,0.0
D0270,2026-02-01,2.77,0.04,0.63,1.94,0.0,0.0,0.16,0.0,0.0,0.0,0.0
D0270,2026-03-01,2.32,0.04,0.53,1.68,0.0,0.0,0.07,0.0,0.0,0.0,0.0
D0270,2026-04-01,2.27,0.03,0.47,1.62,0.0,0.0,0.15,0.0,0.0,0.0,0.0
D0270,2026-05-01,2.41,0.03,0.52,1.64,0.0,0.0,0.22,0.0,0.0,0.0,0.0
D0270,2026-06-01,2.38,0.03,0.48,1.65,0.0,0.0,0.22,0.0,0.0,0.0,0.0
D0270,2026-07-01,2.4,0.03,0.49,1.66,0.0,0.0,0.22,0.0,0.0,0.0,0.0
D0275,2025-11-01,0.85,0.03,0.0,0.0,0.23,0.56,0.03,0.23,0.0,0.23,
D0275,2025-12-01,0.78,0.03,0.0,0.0,0.18,0.54,0.03,0.23,0.0,0.23,
D0275,2026-02-01,0.76,0.03,0.0,0.0,0.19,0.51,0.03,0.23,0.0,0.23,
D0275,2026-03-01,0.74,0.03,0.0,0.0,0.18,0.48,0.05,0.23,0.0,0.23,
D0275,2026-04-01,0.74,0.03,0.0,0.0,0.18,0.48,0.05,0.23,0.0,0.23,
D0275,2026-05-01,0.72,0.02,0.0,0.0,0.18,0.47,0.05,0.23,0.0,0.23,
D0275,2026-06-01,0.65,0.02,0.0,0.0,0.17,0.46,0.0,0.23,0.0,0.23,
D0275,2026-07-01,0.65,0.02,0.0,0.0,0.15,0.47,0.01,0.23,0.0,0.23,
D0276,2026-02-01,4.25,0.07,0.97,3.14,0.0,0.0,0.07,0.0,0.0,0.0,0.0
D0276,2026-03-01,3.97,0.07,0.88,2.93,0.0,0.0,0.09,0.0,0.0,0.0,0.0
D0276,2026-04-01,4.2,0.06,0.89,3.21,0.0,0.0,0.04,0.0,0.0,0.0,0.0
D0276,2026-05-01,4.29,0.06,0.87,3.01,0.0,0.0,0.35,0.0,0.0,0.0,0.0
D0276,2026-07-01,3.49,0.06,0.87,2.51,0.0,0.0,0.05,0.0,0.0,0.0,0.0
D0277,2024-08-01,12.55,0.29,2.72,9.12,0.0,0.0,0.42,19.69,0.0,19.69,0.0706
D0277,2024-09-01,13.89,0.28,2.38,9.95,0.0,0.0,1.28,19.69,0.0,19.69,0.0732
D0277,2024-10-01,12.97,0.27,2.27,9.27,0.0,0.0,1.16,19.69,0.0,19.69,0.0759
D0277,2024-11-01,10.94,0.26,2.02,8.51,0.0,0.0,0.15,19.69,0.0,19.69,0.0784
D0277,2024-12-01,11.53,0.25,2.2,8.7,0.0,0.0,0.38,19.69,0.0,19.69,0.0812
D0277,2025-01-01,11.6,0.24,1.99,8.84,0.0,0.0,0.53,19.69,0.0,19.69,0.0843
D0277,2025-02-01,11.3,0.23,1.82,8.67,0.0,0.0,0.58,19.69,0.0,19.69,0.0876
D0277,2025-03-01,10.67,0.22,1.87,8.29,0.0,0.0,0.29,19.69,0.0,19.69,0.0909
D0277,2025-04-01,12.35,0.22,1.89,9.41,0.0,0.0,0.83,19.69,0.0,19.69,0.0951
D0277,2025-05-01,10.45,0.21,1.51,8.27,0.0,0.0,0.46,19.69,0.0,19.69,0.099
D0277,2025-06-01,9.0,0.2,1.79,6.51,0.0,0.0,0.5,19.69,0.0,19.69,0.1024
D0277,2025-07-01,8.5,0.19,1.53,5.87,0.0,0.0,0.91,19.69,0.0,19.69,0.1056
D0277,2025-08-01,8.27,0.19,1.56,6.44,0.0,0.0,0.08,19.69,0.0,19.69,0.1094
D0277,2025-09-01,9.43,0.18,1.58,6.97,0.0,0.0,0.7,19.69,0.0,19.69,0.1138
D0277,2025-10-01,9.55,0.17,1.5,7.48,0.0,0.0,0.4,19.69,0.0,19.69,0.1189
D0277,2025-11-01,9.06,0.16,1.46,6.79,0.0,0.0,0.65,19.69,0.0,19.69,0.124
D0277,2025-12-01,8.74,0.16,1.39,6.64,0.0,0.0,0.55,19.69,0.0,19.69,0.1294
D0277,2026-01-01,12.21,0.15,1.25,10.21,0.0,0.0,0.6,19.69,0.0,19.69,0.1387
D0277,2026-02-01,6.5,0.14,1.09,4.76,0.0,0.0,0.51,19.69,0.0,19.69,0.1435
D0277,2026-03-01,5.85,0.14,1.01,4.57,0.0,0.0,0.13,19.69,0.0,19.69,0.1484
D0277,2026-04-01,5.61,0.13,1.01,4.32,0.0,0.0,0.15,19.69,0.0,19.69,0.1534
D0277,2026-05-01,6.1,0.13,0.97,4.85,0.0,0.0,0.15,19.69,0.0,19.69,0.1595
D0277,2026-06-01,5.83,0.12,0.95,4.56,0.0,0.0,0.2,19.69,0.0,19.69,0.1656
D0277,2026-07-01,5.68,0.12,1.1,3.92,0.0,0.0,0.54,19.69,0.0,19.69,0.1712
D0278,2024-04-01,19.64,0.29,2.6,15.8,0.0,0.0,0.95,23.52,0.0,23.52,0.0764
D0278,2024-05-01,19.79,0.28,2.06,16.13,0.0,0.0,1.32,23.52,0.0,23.52,0.0807
D0278,2024-08-01,14.45,0.24,2.06,12.12,0.0,0.0,0.03,23.52,0.0,23.52,0.0934
D0278,2024-09-01,12.98,0.23,1.81,10.27,0.0,0.0,0.67,23.52,0.0,23.52,0.0974
D0278,2024-10-01,13.05,0.22,1.65,10.88,0.0,0.0,0.3,23.52,0.0,23.52,0.102
D0278,2024-11-01,12.61,0.21,1.59,10.81,0.0,0.0,0.0,23.52,0.32,23.2,0.1055
D0278,2024-12-01,12.77,0.2,1.86,10.71,0.0,0.0,0.0,23.2,0.34,22.86,0.1093
D0278,2025-01-01,14.31,0.19,1.29,12.17,0.0,0.0,0.66,22.86,0.0,22.86,0.1161
D0278,2025-02-01,11.98,0.18,1.32,10.48,0.0,0.0,0.0,22.86,0.4,22.46,0.1204
D0278,2025-03-01,10.96,0.17,1.38,8.77,0.0,0.0,0.64,22.46,0.0,22.46,0.1264
D0278,2025-04-01,10.76,0.16,1.23,9.37,0.0,0.0,0.0,22.46,0.42,22.04,0.1309
D0278,2025-05-01,10.78,0.15,1.39,9.24,0.0,0.0,0.0,22.04,0.11,21.93,0.1378
D0278,2025-06-01,10.0,0.14,1.16,8.7,0.0,0.0,0.0,21.93,0.22,21.71,0.1443
D0278,2025-07-01,9.61,0.14,1.16,7.86,0.0,0.0,0.45,21.71,0.0,21.71,0.1523
D0278,2025-08-01,8.41,0.13,1.18,6.46,0.0,0.0,0.64,21.71,0.0,21.71,0.1595
D0278,2025-09-01,9.38,0.12,0.9,7.72,0.0,0.0,0.64,21.71,0.0,21.71,0.1691
D0278,2025-10-01,8.54,0.12,1.03,6.85,0.0,0.0,0.54,21.71,0.0,21.71,0.1787
D0278,2025-11-01,11.45,0.11,0.84,10.13,0.0,0.0,0.37,21.71,0.0,21.71,0.1949
D0278,2025-12-01,7.66,0.1,0.85,6.37,0.0,0.0,0.34,21.71,0.0,21.71,0.2067
D0278,2026-01-01,6.02,0.09,0.78,4.97,0.0,0.0,0.18,21.71,0.0,21.71,0.217
D0278,2026-02-01,5.33,0.09,0.68,4.49,0.0,0.0,0.07,21.71,0.0,21.71,0.2272
D0278,2026-03-01,5.5,0.09,0.71,4.58,0.0,0.0,0.12,21.71,0.0,21.71,0.2387
D0278,2026-04-01,6.08,0.08,0.62,4.95,0.0,0.0,0.43,21.71,0.0,21.71,0.2524
D0278,2026-05-01,5.11,0.08,0.58,4.3,0.0,0.0,0.15,21.71,0.0,21.71,0.2657
D0278,2026-06-01,5.08,0.07,0.6,4.06,0.0,0.0,0.35,21.71,0.0,21.71,0.2796
D0278,2026-07-01,5.05,0.07,0.49,4.36,0.0,0.0,0.13,21.71,0.0,21.71,0.2962
D0279,2024-06-01,7.44,0.21,1.8,5.07,0.0,0.0,0.36,4.14,0.0,4.14,0.0247
D0279,2024-07-01,7.11,0.21,1.76,5.09,0.0,0.0,0.05,4.14,0.0,4.14,0.0255
D0279,2024-08-01,7.41,0.2,1.81,4.76,0.0,0.0,0.64,4.14,0.0,4.14,0.0263
D0279,2024-09-01,6.99,0.19,1.63,4.56,0.0,0.0,0.61,4.14,0.0,4.14,0.0271
D0279,2024-10-01,6.22,0.19,1.4,4.47,0.0,0.0,0.16,4.14,0.0,4.14,0.0279
D0279,2024-11-01,6.64,0.18,1.4,4.51,0.0,0.0,0.55,4.14,0.0,4.14,0.0288
D0279,2024-12-01,6.06,0.18,1.48,4.2,0.0,0.0,0.2,4.14,0.0,4.14,0.0296
D0279,2025-01-01,6.64,0.17,1.53,4.28,0.0,0.0,0.66,4.14,0.0,4.14,0.0306
D0279,2025-02-01,5.79,0.17,1.3,4.02,0.0,0.0,0.3,4.14,0.0,4.14,0.0315
D0279,2025-03-01,5.6,0.16,1.43,3.9,0.0,0.0,0.11,4.14,0.0,4.14,0.0325
D0279,2025-04-01,5.4,0.16,1.26,3.82,0.0,0.0,0.16,4.14,0.0,4.14,0.0335
D0279,2025-05-01,5.35,0.15,1.17,3.62,0.0,0.0,0.41,4.14,0.0,4.14,0.0345
D0279,2025-06-01,5.08,0.15,1.18,3.71,0.0,0.0,0.04,4.14,0.0,4.14,0.0356
D0279,2025-07-01,5.24,0.14,1.3,3.46,0.0,0.0,0.34,4.14,0.0,4.14,0.0367
D0279,2025-08-01,5.15,0.14,1.17,3.39,0.0,0.0,0.45,4.14,0.0,4.14,0.0378
D0279,2025-09-01,4.67,0.13,1.0,3.27,0.0,0.0,0.27,4.14,0.0,4.14,0.039
D0279,2025-10-01,4.27,0.13,0.96,3.09,0.0,0.0,0.09,4.14,0.0,4.14,0.0401
D0279,2025-11-01,4.88,0.13,1.08,3.18,0.0,0.0,0.49,4.14,0.0,4.14,0.0414
D0279,2025-12-01,4.45,0.12,0.95,2.94,0.0,0.0,0.44,4.14,0.0,4.14,0.0427
D0279,2026-01-01,4.03,0.12,0.98,2.88,0.0,0.0,0.05,4.14,0.0,4.14,0.044
D0279,2026-03-01,3.89,0.11,0.91,2.74,0.0,0.0,0.13,4.14,0.0,4.14,0.0476
D0279,2026-04-01,3.8,0.11,0.94,2.66,0.0,0.0,0.09,4.14,0.0,4.14,0.0491
D0279,2026-05-01,3.61,0.1,0.84,2.53,0.0,0.0,0.14,4.14,0.0,4.14,0.0507
D0279,2026-06-01,3.48,0.1,0.78,2.52,0.0,0.0,0.08,4.14,0.0,4.14,0.0523
D0279,2026-07-01,3.61,0.1,0.86,2.31,0.0,0.0,0.34,4.14,0.0,4.14,0.0538
D0282,2024-04-01,1.14,0.02,0.0,0.0,0.17,0.89,0.06,0.76,0.0,0.76,
D0282,2024-05-01,1.16,0.02,0.0,0.0,0.16,0.9,0.08,0.76,0.0,0.76,
D0282,2024-06-01,1.06,0.02,0.0,0.0,0.17,0.84,0.03,0.76,0.0,0.76,
D0282,2024-07-01,1.06,0.02,0.0,0.0,0.18,0.8,0.06,0.76,0.0,0.76,
D0282,2024-08-01,0.95,0.02,0.0,0.0,0.15,0.71,0.07,0.76,0.0,0.76,
D0282,2024-09-01,0.93,0.02,0.0,0.0,0.13,0.78,0.0,0.76,0.05,0.71,
D0282,2024-10-01,0.94,0.02,0.0,0.0,0.15,0.74,0.03,0.71,0.0,0.71,
D0282,2024-11-01,0.8,0.02,0.0,0.0,0.14,0.64,0.0,0.71,0.0,0.71,
D0282,2025-01-01,0.82,0.02,0.0,0.0,0.13,0.64,0.03,0.71,0.0,0.71,
D0282,2025-02-01,0.71,0.01,0.0,0.0,0.11,0.57,0.02,0.71,0.0,0.71,
D0282,2025-03-01,0.68,0.01,0.0,0.0,0.12,0.52,0.03,0.71,0.0,0.71,
D0282,2025-05-01,0.66,0.01,0.0,0.0,0.1,0.53,0.02,0.71,0.0,0.71,
D0282,2025-06-01,0.61,0.01,0.0,0.0,0.09,0.51,0.0,0.71,0.01,0.7,
D0282,2025-07-01,0.59,0.01,0.0,0.0,0.1,0.47,0.01,0.7,0.0,0.7,
D0282,2025-08-01,0.53,0.01,0.0,0.0,0.08,0.44,0.0,0.7,0.02,0.68,
D0282,2025-09-01,0.5,0.01,0.0,0.0,0.08,0.39,0.02,0.68,0.0,0.68,
D0282,2025-10-01,0.48,0.01,0.0,0.0,0.08,0.39,0.0,0.68,0.0,0.68,
D0282,2025-11-01,0.5,0.01,0.0,0.0,0.07,0.39,0.03,0.68,0.0,0.68,
D0282,2025-12-01,0.46,0.01,0.0,0.0,0.08,0.35,0.02,0.68,0.0,0.68,
D0282,2026-01-01,0.46,0.01,0.0,0.0,0.07,0.34,0.04,0.68,0.0,0.68,
D0282,2026-02-01,0.46,0.01,0.0,0.0,0.07,0.36,0.02,0.68,0.0,0.68,
D0282,2026-03-01,0.35,0.01,0.0,0.0,0.05,0.29,0.0,0.68,0.0,0.68,
D0282,2026-04-01,0.4,0.01,0.0,0.0,0.06,0.32,0.01,0.68,0.0,0.68,
D0282,2026-05-01,0.41,0.01,0.0,0.0,0.06,0.31,0.03,0.68,0.0,0.68,
D0282,2026-06-01,0.35,0.01,0.0,0.0,0.05,0.27,0.02,0.68,0.0,0.68,
D0282,2026-07-01,0.34,0.01,0.0,0.0,0.05,0.27,0.01,0.68,0.0,0.68,
D0283,2025-07-01,0.29,0.0,0.0,0.0,0.05,0.23,0.01,0.18,0.0,0.18,
D0283,2025-08-01,0.26,0.0,0.0,0.0,0.05,0.21,0.0,0.18,0.0,0.18,
D0283,2025-09-01,0.26,0.0,0.0,0.0,0.05,0.2,0.01,0.18,0.0,0.18,
D0283,2025-11-01,0.22,0.0,0.0,0.0,0.04,0.18,0.0,0.18,0.0,0.18,
D0283,2025-12-01,0.23,0.0,0.0,0.0,0.04,0.18,0.01,0.18,0.0,0.18,
D0283,2026-01-01,0.22,0.0,0.0,0.0,0.04,0.17,0.01,0.18,0.0,0.18,
D0283,2026-02-01,0.2,0.0,0.0,0.0,0.04,0.16,0.0,0.18,0.0,0.18,
D0283,2026-03-01,0.21,0.0,0.0,0.0,0.03,0.16,0.02,0.18,0.0,0.18,
D0283,2026-04-01,0.19,0.0,0.0,0.0,0.03,0.15,0.01,0.18,0.0,0.18,
D0283,2026-05-01,0.18,0.0,0.0,0.0,0.03,0.14,0.01,0.18,0.0,0.18,
D0283,2026-06-01,0.18,0.0,0.0,0.0,0.03,0.14,0.01,0.18,0.0,0.18,
D0283,2026-07-01,0.17,0.0,0.0,0.0,0.03,0.13,0.01,0.18,0.0,0.18,
D0286,2025-05-01,23.48,0.31,2.33,20.63,0.0,0.0,0.21,0.0,0.0,0.0,0.0
D0286,2025-06-01,22.86,0.29,2.37,19.9,0.0,0.0,0.3,0.0,0.0,0.0,0.0
D0286,2025-07-01,15.77,0.27,1.75,13.75,0.0,0.0,0.0,0.0,0.0,0.0,0.0
D0286,2025-08-01,16.99,0.26,2.05,14.55,0.0,0.0,0.13,0.0,0.0,0.0,0.0
D0286,2025-09-01,14.77,0.24,1.69,12.27,0.0,0.0,0.57,0.0,0.0,0.0,0.0
D0286,2025-10-01,21.31,0.22,1.5,19.22,0.0,0.0,0.37,0.0,0.0,0.0,0.0
D0286,2025-11-01,14.38,0.21,1.58,12.38,0.0,0.0,0.21,0.0,0.0,0.0,0.0
D0286,2025-12-01,13.19,0.19,1.13,11.22,0.0,0.0,0.65,0.0,0.0,0.0,0.0
D0286,2026-02-01,12.85,0.17,1.29,10.81,0.0,0.0,0.58,0.0,0.0,0.0,0.0
D0286,2026-03-01,11.12,0.16,1.13,9.64,0.0,0.0,0.19,0.0,0.0,0.0,0.0
D0286,2026-04-01,13.89,0.14,1.24,11.98,0.0,0.0,0.53,0.0,0.0,0.0,0.0
D0286,2026-05-01,8.23,0.14,0.93,7.08,0.0,0.0,0.08,0.0,0.0,0.0,0.0
D0286,2026-06-01,8.97,0.13,1.08,7.75,0.0,0.0,0.01,0.0,0.0,0.0,0.0
D0286,2026-07-01,9.03,0.12,0.87,7.87,0.0,0.0,0.17,0.0,0.0,0.0,0.0
D0287,2025-07-01,7.8,0.16,0.72,6.6,0.0,0.0,0.32,7.07,0.0,7.07,0.0733
D0287,2025-08-01,6.47,0.15,0.84,5.45,0.0,0.0,0.03,7.07,0.0,7.07,0.0777
D0287,2025-09-01,6.58,0.14,0.75,5.27,0.0,0.0,0.42,7.07,0.0,7.07,0.0825
D0287,2025-10-01,6.09,0.13,0.6,5.05,0.0,0.0,0.31,7.07,0.0,7.07,0.0876
D0287,2025-11-01,6.24,0.12,0.67,5.17,0.0,0.0,0.28,7.07,0.0,7.07,0.0936
D0287,2025-12-01,5.8,0.11,0.6,5.09,0.0,0.0,0.0,7.07,0.19,6.88,0.0977
D0287,2026-01-01,5.16,0.11,0.6,4.43,0.0,0.0,0.02,6.88,0.0,6.88,0.1043
D0287,2026-02-01,5.12,0.1,0.57,4.45,0.0,0.0,0.0,6.88,0.15,6.73,0.1094
D0287,2026-04-01,4.09,0.09,0.53,3.47,0.0,0.0,0.0,6.73,0.18,6.55,0.1195
D0287,2026-05-01,4.02,0.08,0.43,3.36,0.0,0.0,0.15,6.55,0.0,6.55,0.1273
D0287,2026-06-01,4.01,0.08,0.45,3.42,0.0,0.0,0.06,6.55,0.0,6.55,0.1363
D0287,2026-07-01,3.23,0.07,0.42,2.74,0.0,0.0,0.0,6.55,0.13,6.42,0.1417
D0288,2025-06-01,11.41,0.22,1.8,8.82,0.0,0.0,0.57,6.98,0.0,6.98,0.0385
D0288,2025-07-01,10.33,0.21,1.58,7.72,0.0,0.0,0.82,6.98,0.0,6.98,0.0402
D0288,2025-08-01,11.43,0.2,1.53,9.09,0.0,0.0,0.61,6.98,0.0,6.98,0.0424
D0288,2025-09-01,10.01,0.19,1.45,8.25,0.0,0.0,0.12,6.98,0.0,6.98,0.0446
D0288,2025-10-01,9.9,0.18,1.27,8.16,0.0,0.0,0.29,6.98,0.0,6.98,0.0471
D0288,2025-11-01,8.71,0.17,1.2,7.32,0.0,0.0,0.02,6.98,0.0,6.98,0.0495
D0288,2025-12-01,13.63,0.15,1.26,12.01,0.0,0.0,0.21,6.98,0.0,6.98,0.0542
D0288,2026-01-01,10.63,0.14,1.15,9.12,0.0,0.0,0.22,6.98,0.0,6.98,0.0583
D0288,2026-02-01,7.72,0.13,1.0,6.19,0.0,0.0,0.4,6.98,0.0,6.98,0.0615
D0288,2026-03-01,6.55,0.13,0.95,5.09,0.0,0.0,0.38,6.98,0.0,6.98,0.0643
D0288,2026-04-01,7.14,0.12,0.87,5.67,0.0,0.0,0.48,6.98,0.0,6.98,0.0679
D0288,2026-05-01,5.91,0.12,0.73,4.7,0.0,0.0,0.36,6.98,0.0,6.98,0.0711
D0288,2026-06-01,8.15,0.11,0.73,7.14,0.0,0.0,0.17,6.98,0.0,6.98,0.0767
D0288,2026-07-01,4.92,0.1,0.79,3.97,0.0,0.0,0.06,6.98,0.0,6.98,0.0802
D0289,2024-10-01,23.31,0.19,2.92,19.41,0.0,0.0,0.79,21.87,0.0,21.87,0.0696
D0289,2024-11-01,20.41,0.18,2.92,16.41,0.0,0.0,0.9,21.87,0.0,21.87,0.0735
D0289,2024-12-01,18.47,0.17,2.78,15.0,0.0,0.0,0.52,21.87,0.0,21.87,0.0774
D0289,2025-01-01,17.2,0.16,2.41,13.56,0.0,0.0,1.07,21.87,0.0,21.87,0.0813
D0289,2025-02-01,18.62,0.15,2.36,15.18,0.0,0.0,0.93,21.87,0.0,21.87,0.0861
D0289,2025-03-01,15.16,0.15,2.27,12.21,0.0,0.0,0.53,21.87,0.0,21.87,0.0905
D0289,2025-04-01,15.79,0.14,2.1,12.76,0.0,0.0,0.79,21.87,0.0,21.87,0.0955
D0289,2025-05-01,15.45,0.13,1.96,12.46,0.0,0.0,0.9,21.87,0.0,21.87,0.101
D0289,2025-06-01,14.51,0.12,1.99,11.57,0.0,0.0,0.83,21.87,0.0,21.87,0.1068
D0289,2025-07-01,14.36,0.12,1.72,11.95,0.0,0.0,0.57,21.87,0.0,21.87,0.1134
D0289,2025-08-01,13.49,0.11,1.95,10.88,0.0,0.0,0.55,21.87,0.0,21.87,0.1201
D0289,2025-09-01,12.91,0.1,1.61,10.54,0.0,0.0,0.66,21.87,0.0,21.87,0.1275
D0289,2025-10-01,10.12,0.1,1.65,8.2,0.0,0.0,0.17,21.87,0.0,21.87,0.1339
D0289,2025-11-01,10.06,0.09,1.4,8.55,0.0,0.0,0.02,21.87,0.0,21.87,0.1413
D0289,2025-12-01,9.81,0.09,1.48,7.74,0.0,0.0,0.5,21.87,0.0,21.87,0.1488
D0289,2026-01-01,9.76,0.08,1.5,8.12,0.0,0.0,0.06,21.87,0.0,21.87,0.1575
D0289,2026-02-01,9.33,0.08,1.23,7.67,0.0,0.0,0.35,21.87,0.0,21.87,0.1667
D0289,2026-03-01,8.51,0.08,1.09,7.02,0.0,0.0,0.32,21.87,0.0,21.87,0.1761
D0289,2026-04-01,7.84,0.07,0.97,6.35,0.0,0.0,0.45,21.87,0.0,21.87,0.1856
D0289,2026-05-01,7.92,0.07,1.04,6.51,0.0,0.0,0.3,21.87,0.0,21.87,0.1964
D0289,2026-06-01,7.73,0.06,1.03,6.36,0.0,0.0,0.28,21.87,0.0,21.87,0.2083
D0289,2026-07-01,6.88,0.06,0.99,5.74,0.0,0.0,0.09,21.87,0.0,21.87,0.2204
D0291,2026-03-01,3.14,0.06,0.8,1.95,0.0,0.0,0.33,4.39,0.0,4.39,0.0581
D0291,2026-04-01,3.27,0.06,0.81,2.05,0.0,0.0,0.35,4.39,0.0,4.39,0.0597
D0291,2026-05-01,2.79,0.06,0.83,1.89,0.0,0.0,0.01,4.39,0.0,4.39,0.0613
D0291,2026-06-01,2.94,0.05,0.8,1.79,0.0,0.0,0.3,4.39,0.0,4.39,0.0629
D0291,2026-07-01,2.81,0.05,0.83,1.81,0.0,0.0,0.12,4.39,0.0,4.39,0.0645
D0295,2024-11-01,4.2,0.04,0.42,3.7,0.0,0.0,0.04,3.2,0.0,3.2,0.0699
D0295,2024-12-01,3.68,0.04,0.36,3.09,0.0,0.0,0.19,3.2,0.0,3.2,0.075
D0295,2025-01-01,3.58,0.04,0.39,3.05,0.0,0.0,0.1,3.2,0.0,3.2,0.0807
D0295,2025-02-01,3.45,0.04,0.34,2.96,0.0,0.0,0.11,3.2,0.0,3.2,0.0872
D0295,2025-04-01,2.34,0.03,0.29,1.94,0.0,0.0,0.08,3.2,0.0,3.2,0.0986
D0295,2025-05-01,2.17,0.03,0.27,1.87,0.0,0.0,0.0,3.2,0.0,3.2,0.1046
D0295,2025-06-01,2.59,0.03,0.24,2.2,0.0,0.0,0.12,3.2,0.0,3.2,0.1127
D0295,2025-07-01,2.06,0.03,0.25,1.71,0.0,0.0,0.07,3.2,0.0,3.2,0.1199
D0295,2025-08-01,2.03,0.02,0.25,1.69,0.0,0.0,0.07,3.2,0.0,3.2,0.128
D0295,2025-10-01,2.05,0.02,0.2,1.74,0.0,0.0,0.09,3.2,0.0,3.2,0.1473
D0295,2025-11-01,1.64,0.02,0.18,1.38,0.0,0.0,0.06,3.2,0.0,3.2,0.1572
D0296,2025-04-01,5.99,0.07,1.22,4.34,0.0,0.0,0.36,4.94,0.0,4.94,0.0399
D0296,2025-05-01,6.48,0.06,1.16,4.8,0.0,0.0,0.46,4.94,0.0,4.94,0.0416
D0296,2025-06-01,6.43,0.06,1.06,5.01,0.0,0.0,0.3,4.94,0.0,4.94,0.0434
D0296,2025-07-01,6.23,0.06,1.23,4.72,0.0,0.0,0.22,4.94,0.0,4.94,0.0453
D0296,2025-08-01,6.33,0.06,1.17,4.69,0.0,0.0,0.41,4.94,0.0,4.94,0.0473
D0296,2025-09-01,6.23,0.05,1.15,4.68,0.0,0.0,0.35,4.94,0.0,4.94,0.0495
D0296,2025-10-01,4.59,0.05,1.04,3.49,0.0,0.0,0.01,4.94,0.0,4.94,0.0513
D0296,2025-11-01,4.66,0.05,1.02,3.38,0.0,0.0,0.21,4.94,0.0,4.94,0.0532
D0296,2025-12-01,5.31,0.05,0.87,4.26,0.0,0.0,0.13,4.94,0.0,4.94,0.0557
D0296,2026-03-01,4.35,0.04,0.87,3.11,0.0,0.0,0.33,4.94,0.0,4.94,0.0649
D0296,2026-04-01,3.9,0.04,0.75,3.05,0.0,0.0,0.06,4.94,0.0,4.94,0.0676
D0296,2026-05-01,3.47,0.04,0.82,2.5,0.0,0.0,0.11,4.94,0.0,4.94,0.07
D0296,2026-06-01,3.24,0.04,0.72,2.22,0.0,0.0,0.26,4.94,0.0,4.94,0.0723
D0296,2026-07-01,3.16,0.04,0.76,2.15,0.0,0.0,0.21,4.94,0.0,4.94,0.0746
D0297,2026-05-01,0.13,0.0,0.0,0.0,0.03,0.1,0.0,0.01,0.0,0.01,
D0297,2026-06-01,0.11,0.0,0.0,0.0,0.03,0.08,0.0,0.01,0.0,0.01,
D0297,2026-07-01,0.12,0.0,0.0,0.0,0.03,0.09,0.0,0.01,0.0,0.01,
