deal_id,month,total_pool_outstanding,closing_pos_investor_share,total_bank_payout,total_principal_payout,scheduled_principal_payout,npa_amount,mclr,roi,investor_share_x_roi,data_status
D0001,2024-11-01,211.98,206.7,2.02,6.11,6.09,0.0,8.8449,11.7208,24.23,Available
D0001,2024-12-01,213.66,200.77,1.92,5.93,5.92,0.0,8.6255,11.4576,23.0,Available
D0001,2025-01-01,,,,,,,,,,Incomplete
D0001,2025-02-01,199.08,180.65,1.81,14.35,5.58,0.0,10.4596,11.9944,21.67,Available
D0001,2025-03-01,196.63,175.47,1.56,5.18,5.17,0.0,8.9995,10.6995,18.77,Available
D0001,2025-04-01,182.16,170.43,1.59,5.04,5.03,0.0,9.2232,11.2303,19.14,Available
D0001,2025-05-01,186.49,165.54,1.72,4.89,4.88,0.0,9.2221,12.4524,20.61,Available
D0001,2025-06-01,166.1,160.79,1.68,4.75,4.74,0.0,10.2542,12.5748,20.22,Available
D0001,2025-07-01,152.88,150.86,1.46,9.93,4.6,0.0,9.6886,11.6012,17.5,Available
D0001,2025-08-01,166.58,146.53,1.45,4.33,4.32,0.0,9.2962,11.886,17.42,Available
D0001,2025-09-01,162.5,142.32,1.49,4.21,4.2,1.49,9.8876,12.5659,17.88,Available
D0001,2025-10-01,154.72,138.23,1.22,4.09,4.08,0.0,8.8817,10.6276,14.69,Available
D0001,2025-11-01,137.22,134.26,1.55,3.97,3.96,0.0,10.5333,13.8878,18.65,Available
D0001,2025-12-01,131.66,130.4,1.38,3.86,3.85,0.0,10.2248,12.6984,16.56,Available
D0001,2026-01-01,126.76,126.66,1.35,3.74,3.73,0.0,10.3031,12.7798,16.19,Available
D0001,2026-02-01,138.47,121.06,1.16,5.6,3.63,0.0,8.9795,11.4835,13.9,Available
D0001,2026-03-01,133.78,117.58,1.12,3.48,3.47,0.0,9.0839,11.448,13.46,Available
D0001,2026-04-01,121.05,114.21,1.09,3.37,3.37,0.0,9.193,11.4655,13.09,Available
D0001,2026-05-01,125.51,110.93,1.16,3.28,3.27,0.0,10.2034,12.575,13.95,Available
D0001,2026-06-01,112.68,107.75,1.04,3.18,3.18,0.0,9.7174,11.6164,12.52,Available
D0001,2026-07-01,106.16,104.65,1.06,3.1,3.09,0.0,8.9852,12.1529,12.72,Available
D0002,2025-04-01,211.19,197.52,2.05,10.89,7.46,0.0,9.0469,12.4698,24.63,Available
D0002,2025-05-01,211.31,189.01,2.05,8.51,7.07,0.0,9.6988,13.0125,24.59,Available
D0002,2025-06-01,202.76,179.95,1.47,9.06,6.77,0.0,8.2244,9.8315,17.69,Available
D0002,2025-07-01,172.76,170.59,1.72,9.36,6.44,0.0,8.944,12.1224,20.68,Available
D0002,2025-08-01,177.63,160.96,1.47,9.63,6.11,0.0,8.3361,10.967,17.65,Available
D0002,2025-09-01,165.72,153.81,1.47,7.15,5.76,0.0,8.5461,11.4492,17.61,Available
D0002,2025-10-01,158.85,145.17,1.27,8.64,5.51,0.0,8.7007,10.5103,15.26,Available
D0002,2025-11-01,140.22,137.07,1.28,8.1,5.2,0.0,9.5786,11.2129,15.37,Available
D0002,2025-12-01,137.85,130.22,1.35,6.85,4.91,0.0,9.9307,12.4423,16.2,Available
D0002,2026-01-01,128.96,124.11,1.31,6.11,4.66,0.0,9.5101,12.7056,15.77,Available
D0002,2026-02-01,120.56,118.05,1.1,6.06,4.44,0.0,9.6875,11.2308,13.26,Available
D0002,2026-03-01,117.5,112.61,1.13,5.44,4.23,0.0,9.5793,12.0402,13.56,Available
D0002,2026-04-01,114.32,106.88,1.1,5.73,4.03,0.0,9.2084,12.3081,13.15,Available
D0002,2026-05-01,102.61,102.09,1.01,4.79,3.83,0.0,9.2011,11.8622,12.11,Available
D0002,2026-06-01,103.46,96.8,1.05,5.29,3.65,1.03,9.7014,12.9662,12.55,Available
D0002,2026-07-01,,,,,,,,,,Missing
D0003,2026-05-01,84.3,82.57,0.8,3.66,3.08,0.0,8.391,11.6083,9.58,Available
D0003,2026-06-01,89.99,78.64,0.66,3.93,2.95,0.0,7.6313,10.0988,7.94,Available
D0003,2026-07-01,83.16,75.28,0.63,3.36,2.81,0.0,7.9922,10.0107,7.54,Available
D0004,2024-04-01,283.76,258.01,2.38,14.47,10.26,0.0,9.1042,11.0676,28.56,Available
D0004,2024-05-01,273.97,244.76,2.52,13.25,9.72,0.0,9.0265,12.361,30.25,Available
D0004,2024-06-01,233.76,231.61,2.31,13.15,9.22,0.0,8.6234,11.9682,27.72,Available
D0004,2024-07-01,222.42,221.44,2.32,10.17,8.72,0.0,9.8214,12.584,27.87,Available
D0004,2024-08-01,217.75,211.54,2.1,9.9,8.34,0.0,9.2952,11.9081,25.19,Available
D0004,2024-09-01,224.45,200.67,2.05,10.87,7.97,0.0,9.7019,12.259,24.6,Available
D0004,2024-10-01,192.04,191.89,1.96,8.78,7.56,0.0,10.5035,12.2846,23.57,Available
D0004,2024-11-01,202.19,182.28,1.92,9.61,7.23,0.0,9.2053,12.6208,23.01,Available
D0004,2024-12-01,197.43,173.95,1.71,8.33,6.87,0.0,9.5683,11.7813,20.49,Available
D0004,2025-01-01,167.91,164.77,1.57,9.18,6.55,0.0,8.822,11.4603,18.88,Available
D0004,2025-02-01,176.8,157.41,1.45,7.36,6.21,0.0,9.4889,11.034,17.37,Available
D0004,2025-03-01,155.49,149.05,1.32,8.36,5.93,0.0,8.8251,10.6408,15.86,Available
D0004,2025-04-01,153.8,142.16,1.5,6.89,5.61,0.0,9.9455,12.6828,18.03,Available
D0004,2025-05-01,139.08,135.02,1.45,7.14,5.35,2.65,10.5055,12.8483,17.35,Available
D0004,2025-06-01,146.71,129.05,1.39,5.97,5.09,0.0,9.9108,12.9255,16.68,Available
D0004,2025-07-01,137.56,122.7,1.28,6.35,4.86,0.0,9.35,12.52,15.36,Available
D0004,2025-08-01,125.69,117.27,1.17,5.43,4.62,0.0,8.7113,11.9863,14.06,Available
D0004,2025-09-01,119.14,111.18,1.14,6.09,4.42,0.0,10.1195,12.32,13.7,Available
D0004,2025-10-01,114.81,105.21,0.96,5.97,4.19,0.08,9.0064,10.8987,11.47,Available
D0004,2025-11-01,106.9,96.72,0.93,8.49,3.96,0.0,9.8155,11.566,11.19,Available
D0004,2025-12-01,97.15,92.39,0.84,4.33,3.64,0.0,8.7629,10.9665,10.13,Available
D0004,2026-01-01,98.8,88.12,0.94,4.27,3.48,0.0,9.7439,12.749,11.23,Available
D0004,2026-02-01,84.96,84.24,0.82,3.88,3.32,0.0,10.0702,11.684,9.84,Available
D0004,2026-03-01,81.86,80.3,0.82,3.94,3.17,0.0,8.7892,12.2854,9.87,Available
D0004,2026-04-01,84.26,76.2,0.67,4.1,3.02,0.0,8.6933,10.605,8.08,Available
D0004,2026-05-01,78.05,72.09,0.73,4.11,2.87,0.0,9.9646,12.1985,8.79,Available
D0004,2026-06-01,72.32,68.75,0.64,3.34,2.72,0.0,9.4872,11.196,7.7,Available
D0004,2026-07-01,70.08,65.0,0.65,3.75,2.59,0.0,8.7459,11.9288,7.75,Available
D0005,2025-10-01,365.59,327.99,2.68,14.63,9.99,0.0,7.4198,9.8004,32.14,Available
D0005,2025-11-01,362.36,316.54,2.33,11.45,9.56,0.0,6.7135,8.8143,27.9,Available
D0005,2025-12-01,312.76,302.57,2.4,13.97,9.23,0.0,7.1248,9.5128,28.78,Available
D0005,2026-01-01,330.62,289.87,2.62,12.7,8.82,0.0,7.8274,10.8534,31.46,Available
D0005,2026-02-01,286.41,277.4,2.4,12.47,8.45,0.0,7.3649,10.3715,28.77,Available
D0005,2026-03-01,,,,,,,,,,Incomplete
D0005,2026-04-01,274.34,253.97,2.29,11.58,7.74,7.1,7.3152,10.797,27.42,Available
D0005,2026-05-01,279.35,243.15,1.7,10.82,7.4,0.0,5.9694,8.4041,20.43,Available
D0005,2026-06-01,259.14,232.27,2.1,10.88,7.09,0.0,7.3412,10.8388,25.18,Available
D0005,2026-07-01,243.1,217.88,1.85,14.39,6.77,0.0,7.389,10.1951,22.21,Available
D0006,2024-06-01,84.76,84.29,0.65,2.48,1.77,0.0,7.7855,9.3032,7.84,Available
D0006,2024-07-01,93.01,81.98,0.57,2.31,1.72,0.0,6.6609,8.32,6.82,Available
D0006,2024-08-01,85.49,79.58,0.55,2.4,1.67,0.0,6.2465,8.2656,6.58,Available
D0006,2024-09-01,79.78,77.63,0.66,1.95,1.62,0.0,7.3547,10.1639,7.89,Available
D0006,2024-10-01,86.85,75.6,0.68,2.03,1.58,0.0,7.3641,10.7675,8.14,Available
D0006,2024-11-01,76.42,73.82,0.51,1.78,1.54,0.0,6.7391,8.3286,6.15,Available
D0006,2024-12-01,80.8,71.86,0.6,1.96,1.5,0.0,7.4119,10.0526,7.22,Available
D0006,2025-01-01,73.94,70.15,0.61,1.71,1.46,0.0,7.7706,10.4845,7.35,Available
D0006,2025-02-01,71.09,68.12,0.57,2.03,1.43,0.6,7.7577,9.9943,6.81,Available
D0006,2025-03-01,73.65,66.27,0.56,1.85,1.39,0.0,7.1938,10.1253,6.71,Available
D0006,2025-04-01,65.88,64.43,0.51,1.84,1.35,0.0,6.6546,9.4687,6.1,Available
D0006,2025-05-01,68.6,62.67,0.53,1.76,1.31,1.87,6.6892,10.1848,6.38,Available
D0006,2025-06-01,67.02,60.99,0.45,1.68,1.28,0.0,6.2236,8.9378,5.45,Available
D0006,2025-07-01,66.56,59.44,0.4,1.55,1.24,0.0,5.9979,8.1553,4.85,Available
D0006,2025-08-01,61.52,57.96,0.5,1.48,1.21,1.21,6.93,10.3452,6.0,Available
D0006,2025-09-01,63.05,56.4,0.41,1.56,1.18,0.0,6.8517,8.8124,4.97,Available
D0006,2025-10-01,60.26,54.79,0.4,1.61,1.15,0.4,6.0015,8.8497,4.85,Available
D0006,2025-11-01,54.41,53.23,0.42,1.56,1.12,0.0,7.003,9.5131,5.06,Available
D0006,2025-12-01,54.95,51.7,0.38,1.53,1.08,0.0,6.9119,8.7454,4.52,Available
D0006,2026-01-01,50.45,50.27,0.39,1.43,1.05,0.0,6.0811,9.2488,4.65,Available
D0006,2026-02-01,50.01,49.07,0.38,1.2,1.02,0.0,7.0438,9.3885,4.61,Available
D0006,2026-03-01,52.22,47.85,0.33,1.22,1.0,0.0,6.1706,8.3439,3.99,Available
D0006,2026-04-01,51.69,46.52,0.34,1.33,0.97,1.33,5.9987,8.7604,4.08,Available
D0006,2026-05-01,50.77,45.21,0.34,1.31,0.95,0.0,6.3726,9.0517,4.09,Available
D0006,2026-06-01,43.71,42.58,0.32,2.63,0.92,0.0,6.9129,9.0538,3.86,Available
D0006,2026-07-01,44.73,41.51,0.29,1.07,0.87,0.0,6.8334,8.43,3.5,Available
D0007,2025-09-01,24.74,21.67,0.13,0.99,0.81,0.0,5.823,7.4069,1.61,Available
D0007,2025-10-01,21.7,20.63,0.14,1.04,0.77,0.0,5.9708,8.0995,1.67,Available
D0007,2025-11-01,20.49,19.72,0.18,0.91,0.74,0.0,7.3914,10.7698,2.12,Available
D0007,2025-12-01,20.33,18.89,0.16,0.83,0.71,0.0,7.538,10.1423,1.92,Available
D0007,2026-01-01,19.25,17.14,0.14,1.75,0.68,0.0,7.3397,9.8164,1.68,Available
D0007,2026-02-01,17.51,16.39,0.12,0.75,0.61,0.0,6.8404,8.5928,1.41,Available
D0007,2026-03-01,15.8,15.6,0.11,0.79,0.59,0.0,5.9522,8.4387,1.32,Available
D0007,2026-04-01,15.09,14.92,0.1,0.68,0.56,0.36,6.2414,8.1863,1.22,Available
D0007,2026-05-01,15.73,14.26,0.1,0.66,0.53,0.0,6.3858,8.034,1.15,Available
D0007,2026-06-01,14.81,13.67,0.1,0.59,0.51,0.0,6.6874,8.5682,1.17,Available
D0007,2026-07-01,14.72,13.02,0.11,0.65,0.49,0.0,7.2382,9.9109,1.29,Available
D0008,2024-09-01,324.63,320.37,3.48,10.06,8.79,0.0,10.2764,13.0459,41.8,Available
D0008,2024-10-01,343.37,310.32,3.18,10.05,8.52,0.0,9.5586,12.281,38.11,Available
D0008,2024-11-01,324.54,300.62,3.07,9.7,8.26,0.0,10.0706,12.268,36.88,Reconciliation Required
D0008,2024-12-01,318.5,291.0,2.83,9.62,8.0,0.0,9.204,11.6844,34.0,Available
D0008,2025-01-01,314.39,282.07,2.8,8.93,7.74,0.0,8.6142,11.9078,33.59,Available
D0008,2025-02-01,300.62,273.52,3.1,8.55,7.5,0.0,10.1876,13.6002,37.2,Available
D0008,2025-03-01,289.2,265.28,2.67,8.24,7.28,0.0,8.8598,12.0878,32.07,Available
D0008,2025-04-01,279.4,257.67,2.4,7.61,7.06,0.0,8.838,11.156,28.75,Available
D0008,2025-05-01,251.68,249.63,2.44,8.04,6.86,0.0,9.6896,11.711,29.23,Available
D0008,2025-06-01,274.11,242.29,2.34,7.34,6.64,0.0,9.6447,11.5873,28.07,Available
D0008,2025-07-01,268.07,234.63,2.51,7.66,6.45,4.3,10.2816,12.8611,30.18,Available
D0008,2025-08-01,,,,,,,,,,Incomplete
D0008,2025-09-01,234.14,221.03,2.16,6.55,6.06,0.0,8.5696,11.7459,25.96,Available
D0008,2025-10-01,222.47,214.47,2.2,6.56,5.88,0.0,9.7132,12.3191,26.42,Available
D0008,2025-11-01,,,,,,,,,,Missing
D0008,2025-12-01,217.83,194.15,2.18,13.48,5.52,0.0,10.4724,13.4722,26.16,Available
D0008,2026-01-01,202.55,188.3,1.64,5.85,5.17,0.0,8.816,10.4691,19.71,Available
D0008,2026-02-01,190.33,174.9,1.51,13.4,5.01,0.0,8.7021,10.3932,18.18,Available
D0008,2026-03-01,177.02,169.34,1.79,5.56,4.65,0.0,9.6897,12.6767,21.47,Available
D0008,2026-04-01,169.91,164.43,1.66,4.91,4.51,0.0,9.7868,12.1459,19.97,Available
D0008,2026-05-01,183.33,159.56,1.57,4.87,4.37,0.0,9.5268,11.7916,18.81,Available
D0008,2026-06-01,154.98,154.4,1.58,5.16,4.25,0.0,9.6355,12.2913,18.98,Available
D0008,2026-07-01,163.87,149.72,1.46,4.68,4.11,0.0,9.9188,11.7063,17.53,Available
D0009,2025-03-01,257.68,232.47,2.41,6.26,5.46,0.0,10.017,12.464,28.98,Available
D0009,2025-04-01,231.7,226.58,2.42,5.89,5.31,0.0,10.6271,12.8028,29.01,Available
D0009,2025-05-01,246.87,220.58,2.37,6.0,5.18,0.0,9.8692,12.8793,28.41,Available
D0009,2025-06-01,242.61,214.93,2.21,5.65,5.04,0.0,9.8323,12.3612,26.57,Available
D0009,2025-07-01,214.7,209.6,2.36,5.33,4.91,0.0,10.4986,13.5124,28.32,Available
D0009,2025-08-01,228.96,204.34,2.08,5.26,4.79,0.24,10.4016,12.243,25.02,Available
D0009,2025-09-01,207.58,198.81,2.16,5.53,4.67,0.0,10.6565,13.0275,25.9,Available
D0010,2026-02-01,153.57,149.0,1.52,9.98,7.58,0.0,9.677,12.2235,18.21,Available
D0010,2026-03-01,158.84,139.45,1.44,9.55,7.1,0.0,9.0342,12.4066,17.3,Available
D0010,2026-04-01,138.38,130.25,1.07,9.2,6.65,0.0,8.3012,9.8208,12.79,Available
D0010,2026-05-01,132.96,123.04,1.28,7.21,6.21,0.0,9.5847,12.4728,15.35,Available
D0010,2026-06-01,120.19,116.25,1.15,6.79,5.86,0.0,9.2591,11.8774,13.81,Available
D0010,2026-07-01,113.43,108.46,0.98,7.79,5.54,0.0,8.2238,10.8927,11.81,Available
D0011,2024-07-01,131.2,125.91,1.47,6.23,5.12,0.0,11.0552,14.0165,17.65,Available
D0011,2024-08-01,134.36,120.42,1.2,5.49,4.88,0.0,9.8279,11.9882,14.44,Available
D0011,2024-09-01,117.91,115.01,1.2,5.41,4.66,0.0,10.023,12.4698,14.34,Available
D0011,2024-10-01,123.5,109.18,1.17,5.83,4.45,0.0,11.067,12.8966,14.08,Available
D0011,2024-11-01,108.81,103.72,1.15,5.46,4.23,0.0,10.4806,13.3103,13.81,Available
D0011,2024-12-01,103.82,99.18,1.08,4.54,4.02,0.0,10.5889,13.0379,12.93,Available
D0011,2025-01-01,106.34,94.52,1.01,4.66,3.84,0.0,9.4493,12.8403,12.14,Available
D0011,2025-02-01,97.36,89.84,0.95,4.68,3.66,0.0,9.7821,12.6528,11.37,Available
D0011,2025-03-01,86.21,83.53,0.9,6.31,3.48,0.0,10.0199,12.9769,10.84,Available
D0011,2025-04-01,79.41,79.28,0.92,4.25,3.24,0.0,11.002,13.9973,11.1,Available
D0011,2025-05-01,83.98,73.78,0.78,5.5,3.07,0.0,10.6223,12.6298,9.32,Available
D0011,2025-06-01,73.28,70.6,0.83,3.18,2.86,0.0,11.2722,14.1632,10.0,Available
D0011,2025-07-01,73.39,67.03,0.73,3.57,2.73,0.0,9.5049,12.9994,8.71,Available
D0011,2025-08-01,64.18,63.9,0.6,3.13,2.6,0.0,9.7451,11.3215,7.23,Available
D0011,2025-09-01,68.83,61.08,0.68,2.82,2.48,0.0,11.0967,13.4358,8.21,Available
D0011,2025-10-01,59.84,58.15,0.67,2.93,2.37,0.0,10.2718,13.7386,7.99,Available
D0011,2025-11-01,63.22,55.66,0.63,2.49,2.25,0.0,10.727,13.6456,7.6,Available
D0011,2025-12-01,53.36,52.85,0.55,2.81,2.16,0.64,9.6846,12.5239,6.62,Available
D0011,2026-01-01,51.87,50.37,0.53,2.48,2.05,0.0,10.4732,12.5243,6.31,Available
D0011,2026-02-01,50.68,48.15,0.54,2.22,1.95,0.0,11.3536,13.4011,6.45,Available
D0011,2026-03-01,46.49,45.87,0.47,2.28,1.87,0.0,10.434,12.1665,5.58,Available
D0011,2026-04-01,46.3,43.84,0.43,2.03,1.78,1.01,9.7825,11.7176,5.14,Available
D0011,2026-05-01,42.91,41.71,0.47,2.13,1.7,0.0,10.0754,13.3784,5.58,Available
D0011,2026-06-01,41.77,39.88,0.42,1.83,1.62,0.0,11.004,12.7849,5.1,Available
D0011,2026-07-01,39.63,38.12,0.43,1.76,1.54,0.0,10.7701,13.6652,5.21,Available
D0012,2025-10-01,202.66,180.11,1.28,9.06,6.56,0.0,6.9865,8.56,15.42,Available
D0012,2025-11-01,192.21,171.7,1.59,8.41,6.25,0.0,7.9562,11.078,19.02,Available
D0012,2025-12-01,182.31,163.36,1.19,8.34,5.96,0.0,7.0614,8.7429,14.28,Available
D0012,2026-01-01,166.98,153.47,1.29,9.89,5.67,0.0,8.2771,10.0567,15.43,Available
D0012,2026-02-01,165.71,146.59,1.22,6.88,5.32,0.0,7.2474,10.0063,14.67,Available
D0012,2026-03-01,,,,,,,,,,Missing
D0012,2026-04-01,145.04,133.51,1.05,6.43,4.86,0.0,7.0316,9.4445,12.61,Available
D0012,2026-05-01,140.47,127.49,1.07,6.02,4.63,0.0,7.9036,10.0794,12.85,Available
D0012,2026-06-01,128.53,120.9,0.94,6.59,4.42,0.0,6.8483,9.3622,11.32,Available
D0012,2026-07-01,129.93,114.68,1.05,6.22,4.19,0.0,7.6256,10.9703,12.58,Available
D0013,2025-01-01,169.17,161.67,1.69,9.1,8.25,0.0,9.1202,12.5609,20.31,Available
D0013,2025-02-01,173.29,153.02,1.64,8.65,7.81,0.0,11.0383,12.8333,19.64,Available
D0013,2025-03-01,160.2,145.28,1.56,7.74,7.39,0.0,10.8597,12.8492,18.67,Available
D0013,2025-04-01,152.21,137.77,1.49,7.51,7.01,0.0,10.0984,12.972,17.87,Available
D0013,2025-05-01,133.0,130.48,1.22,7.29,6.65,0.0,9.5139,11.2055,14.62,Available
D0013,2025-06-01,131.74,123.85,1.28,6.63,6.3,0.0,9.4004,12.3611,15.31,Available
D0013,2025-07-01,128.32,117.59,1.16,6.26,5.98,0.0,9.8671,11.8105,13.89,Available
D0013,2025-08-01,126.8,111.5,1.19,6.09,5.68,0.0,9.8189,12.8223,14.3,Available
D0013,2025-09-01,116.22,105.84,1.09,5.66,5.38,0.0,10.1692,12.3484,13.07,Available
D0013,2025-10-01,106.75,100.4,1.2,5.44,5.11,0.0,10.9703,14.3873,14.44,Available
D0013,2025-11-01,96.53,95.08,1.09,5.32,4.85,0.0,10.8747,13.7468,13.07,Available
D0013,2025-12-01,94.23,87.83,0.93,7.25,4.59,0.0,10.272,12.6814,11.14,Available
D0013,2026-01-01,90.82,83.28,0.92,4.55,4.24,0.0,10.5227,13.2909,11.07,Available
D0013,2026-02-01,83.27,78.95,0.85,4.33,4.02,0.0,10.3699,12.9399,10.22,Available
D0013,2026-03-01,78.46,74.68,0.72,4.27,3.81,0.0,9.6906,11.4914,8.58,Available
D0013,2026-04-01,71.27,70.75,0.71,3.93,3.61,0.0,9.5847,11.9947,8.49,Available
D0013,2026-05-01,69.7,67.16,0.68,3.59,3.42,0.0,9.2617,12.1345,8.15,Available
D0014,2025-12-01,291.11,265.76,2.13,10.01,8.31,0.0,7.485,9.6343,25.6,Available
D0014,2026-01-01,272.7,245.89,1.85,19.87,8.01,0.0,7.3519,9.041,22.23,Available
D0014,2026-02-01,266.82,237.12,2.01,8.77,7.41,4.9,7.0318,10.1829,24.15,Available
D0014,2026-03-01,262.03,228.54,1.63,8.58,7.14,0.0,6.7744,8.5679,19.58,Available
D0014,2026-04-01,233.72,219.79,1.59,8.75,6.88,0.52,5.6651,8.6636,19.04,Available
D0014,2026-05-01,,,,,,,,,,Incomplete
D0014,2026-06-01,230.31,204.15,1.61,7.13,6.36,0.0,6.9136,9.4417,19.28,Available
D0014,2026-07-01,218.44,196.43,1.37,7.72,6.15,0.0,5.9986,8.3725,16.45,Available
D0015,2025-01-01,70.68,63.26,0.57,2.27,1.68,0.0,8.9299,10.8442,6.86,Available
D0015,2025-02-01,63.21,61.15,0.48,2.11,1.62,0.0,7.6703,9.3646,5.73,Available
D0015,2025-03-01,62.88,59.15,0.5,2.0,1.56,0.0,7.7214,10.1427,6.0,Available
D0015,2025-04-01,64.06,57.02,0.49,2.13,1.51,0.0,8.2541,10.3934,5.93,Available
D0015,2025-05-01,58.1,54.79,0.5,2.23,1.46,0.0,8.6,10.8801,5.96,Available
D0015,2025-06-01,58.72,52.8,0.38,1.99,1.4,0.0,6.9701,8.6363,4.56,Available
D0015,2025-07-01,55.5,51.02,0.42,1.78,1.35,0.0,8.0052,9.817,5.01,Available
D0015,2025-08-01,54.66,49.17,0.39,1.85,1.3,0.0,7.4372,9.505,4.67,Available
D0015,2025-09-01,50.3,47.48,0.35,1.69,1.26,0.0,7.0424,8.7894,4.17,Available
D0015,2025-10-01,52.73,45.98,0.42,1.5,1.21,0.0,7.4063,10.8751,5.0,Available
D0015,2025-11-01,48.83,44.41,0.38,1.57,1.18,0.37,7.399,10.1596,4.51,Available
D0015,2025-12-01,45.36,42.77,0.35,1.64,1.14,0.0,7.875,9.8252,4.2,Available
D0015,2026-01-01,41.36,41.34,0.33,1.43,1.09,0.0,7.1933,9.4934,3.92,Available
D0015,2026-02-01,42.25,39.76,0.38,1.58,1.06,0.0,8.7434,11.4037,4.53,Available
D0015,2026-03-01,40.94,37.71,0.3,2.05,1.02,0.0,7.9333,9.5943,3.62,Available
D0015,2026-04-01,41.77,36.55,0.32,1.16,0.96,0.0,7.689,10.5577,3.86,Available
D0015,2026-05-01,,,,,,,,,,Incomplete
D0015,2026-06-01,35.0,33.98,0.31,1.24,0.9,0.0,7.9957,10.9213,3.71,Available
D0016,2025-07-01,257.72,251.06,2.16,6.54,6.18,0.0,8.3627,10.3465,25.98,Reconciliation Required
D0016,2025-08-01,253.66,244.67,2.21,6.39,6.02,0.0,7.5058,10.8236,26.48,Available
D0016,2025-09-01,255.45,238.62,2.18,6.05,5.87,0.0,8.4373,10.9768,26.19,Available
D0016,2025-10-01,253.67,232.5,2.15,6.12,5.72,0.0,8.1753,11.1069,25.82,Available
D0016,2025-11-01,254.7,226.55,2.31,5.95,5.58,0.0,9.1304,12.2537,27.76,Available
D0016,2025-12-01,224.39,220.96,2.11,5.59,5.43,4.17,8.3699,11.4447,25.29,Available
D0016,2026-01-01,236.5,215.3,1.8,5.66,5.3,0.0,7.806,10.0389,21.61,Available
D0016,2026-02-01,224.36,209.93,2.01,5.37,5.16,0.0,8.5899,11.4773,24.09,Available
D0016,2026-03-01,218.38,204.56,1.71,5.37,5.03,0.0,7.8716,10.0329,20.52,Available
D0016,2026-04-01,212.84,196.25,2.04,8.31,4.91,0.0,9.1981,12.4584,24.45,Available
D0016,2026-05-01,210.65,191.33,1.84,4.92,4.71,0.0,8.6405,11.5667,22.13,Available
D0016,2026-06-01,192.79,186.42,1.48,4.91,4.59,0.0,7.5317,9.5463,17.8,Available
D0016,2026-07-01,205.41,181.69,1.67,4.73,4.47,0.0,8.5217,11.0389,20.06,Available
D0017,2025-12-01,297.43,281.47,2.92,14.67,10.51,0.0,9.8878,12.4345,35.0,Available
D0017,2026-01-01,295.32,268.4,2.72,13.07,9.99,0.0,9.922,12.1817,32.7,Available
D0017,2026-02-01,261.62,257.01,2.71,11.39,9.53,0.0,9.6727,12.6302,32.46,Available
D0017,2026-03-01,275.58,245.43,2.83,11.58,9.13,0.0,10.8656,13.8581,34.01,Available
D0017,2026-04-01,266.79,233.45,2.64,11.98,8.71,0.0,10.8243,13.5771,31.7,Available
D0017,2026-05-01,250.18,223.44,2.14,10.01,8.29,0.0,9.8145,11.4734,25.64,Available
D0017,2026-06-01,240.77,213.33,2.47,10.11,7.93,0.0,10.5246,13.8973,29.65,Available
D0017,2026-07-01,225.64,203.28,2.26,10.05,7.57,1.62,10.335,13.3212,27.08,Available
D0018,2026-01-01,124.98,123.16,1.24,8.15,6.24,0.0,9.5966,12.0512,14.84,Available
D0018,2026-02-01,124.37,116.08,1.21,7.08,5.85,0.0,10.1634,12.5472,14.56,Available
D0018,2026-03-01,122.97,108.27,1.21,7.81,5.52,0.0,11.1008,13.4603,14.57,Available
D0018,2026-04-01,116.34,101.27,1.09,7.0,5.15,0.0,9.8501,12.8612,13.02,Available
D0018,2026-05-01,98.84,94.8,1.02,6.47,4.81,0.0,10.4627,12.9293,12.26,Available
D0018,2026-06-01,97.33,88.98,0.91,5.82,4.51,0.0,9.7643,12.2704,10.92,Available
D0018,2026-07-01,88.87,82.72,0.82,6.26,4.23,0.0,9.3333,11.8524,9.8,Available
D0019,2025-02-01,307.94,299.25,2.71,10.66,7.86,0.0,7.7261,10.8712,32.53,Available
D0019,2025-03-01,317.94,288.33,2.41,10.92,7.59,0.0,7.5672,10.011,28.86,Available
D0019,2025-04-01,285.07,277.91,2.55,10.42,7.31,0.0,8.7162,11.0087,30.59,Available
D0019,2025-05-01,282.58,265.95,2.4,11.96,7.05,0.0,8.1524,10.8429,28.84,Available
D0019,2025-06-01,284.18,256.25,2.24,9.7,6.75,6.41,8.3584,10.4709,26.83,Available
D0019,2025-07-01,281.34,246.57,1.87,9.68,6.5,0.0,7.5746,9.0859,22.4,Available
D0019,2025-08-01,266.0,236.91,2.02,9.66,6.25,0.0,8.1862,10.2346,24.25,Available
D0019,2025-09-01,239.71,226.71,2.16,10.2,6.01,0.0,9.0526,11.4076,25.86,Available
D0019,2025-10-01,219.11,216.69,1.85,10.02,5.75,0.0,8.2198,10.2677,22.25,Available
D0019,2025-11-01,231.44,207.16,1.83,9.53,5.5,0.0,7.1959,10.5893,21.94,Available
D0019,2025-12-01,199.07,197.31,1.61,9.85,5.25,0.0,7.1261,9.7983,19.33,Available
D0019,2026-01-01,214.86,189.78,1.74,7.53,5.0,0.0,8.5315,10.9752,20.83,Available
D0019,2026-02-01,196.27,180.71,1.51,9.07,4.81,0.0,7.3521,10.0317,18.13,Available
D0019,2026-03-01,194.83,173.55,1.5,7.16,4.58,0.0,7.7786,10.3919,18.04,Available
D0019,2026-04-01,191.5,167.46,1.49,6.09,4.4,0.0,7.7015,10.6796,17.88,Available
D0019,2026-05-01,168.66,159.97,1.39,7.49,4.25,0.0,8.4575,10.4129,16.66,Available
D0019,2026-06-01,167.0,152.33,1.14,7.64,4.06,0.0,7.2346,9.0151,13.73,Available
D0019,2026-07-01,153.59,145.44,1.51,6.89,3.86,0.0,8.9794,12.4587,18.12,Available
D0020,2025-01-01,84.91,76.48,0.79,2.69,2.62,0.0,9.6004,12.3691,9.46,Available
D0020,2025-02-01,74.85,73.88,0.76,2.6,2.53,0.0,9.1528,12.3454,9.12,Available
D0020,2025-03-01,74.34,71.38,0.69,2.5,2.45,0.0,9.2158,11.5777,8.26,Available
D0020,2025-04-01,72.47,68.96,0.77,2.42,2.36,0.0,10.6039,13.3996,9.24,Available
D0020,2025-05-01,66.69,66.63,0.74,2.33,2.28,0.0,10.707,13.3565,8.9,Available
D0020,2025-06-01,70.92,64.4,0.65,2.23,2.21,0.0,10.2323,12.1781,7.84,Available
D0020,2025-07-01,70.45,62.23,0.61,2.17,2.13,0.0,9.6011,11.8104,7.35,Available
D0020,2025-08-01,65.57,60.14,0.6,2.09,2.06,0.0,10.3868,11.9392,7.18,Available
D0020,2025-09-01,59.92,58.1,0.58,2.04,1.99,0.57,10.1193,12.0795,7.02,Available
D0020,2025-10-01,63.72,56.15,0.55,1.95,1.92,0.37,10.0393,11.8139,6.63,Available
D0020,2025-11-01,57.34,54.24,0.55,1.91,1.86,0.0,9.2621,12.2419,6.64,Available
D0020,2025-12-01,53.79,52.41,0.47,1.83,1.8,0.0,9.121,10.8067,5.66,Available
D0020,2026-01-01,55.22,50.63,0.55,1.78,1.74,0.0,10.5093,12.9875,6.58,Available
D0020,2026-02-01,49.74,48.92,0.49,1.71,1.68,1.17,10.0303,12.0409,5.89,Available
D0020,2026-03-01,53.99,47.28,0.44,1.64,1.62,0.0,9.035,11.2444,5.32,Available
D0021,2024-12-01,211.42,197.46,2.01,10.84,9.39,0.0,9.9128,12.1922,24.07,Available
D0021,2025-01-01,203.09,187.23,2.02,10.23,8.9,0.0,10.9185,12.9165,24.18,Available
D0021,2025-02-01,200.82,177.72,2.1,9.51,8.44,0.0,11.0776,14.1824,25.2,Available
D0021,2025-03-01,192.74,168.36,2.0,9.36,8.01,0.0,10.8552,14.2278,23.95,Available
D0021,2025-04-01,170.71,158.85,1.7,9.51,7.59,0.0,10.9812,12.8059,20.34,Available
D0021,2025-05-01,157.61,150.14,1.7,8.71,7.16,0.0,10.5579,13.6244,20.46,Available
D0021,2025-06-01,153.91,142.67,1.56,7.47,6.77,0.2,10.4459,13.1429,18.75,Available
D0021,2025-07-01,145.28,135.6,1.24,7.07,6.43,0.0,9.2236,10.9484,14.85,Available
D0021,2025-08-01,133.85,127.88,1.36,7.72,6.12,0.0,9.9935,12.7672,16.33,Available
D0021,2025-09-01,133.5,120.55,1.33,7.33,5.77,0.0,10.4688,13.196,15.91,Available
D0021,2025-10-01,129.88,113.8,1.19,6.75,5.44,0.0,10.7614,12.521,14.25,Available
D0021,2025-11-01,111.76,108.09,1.0,5.71,5.13,0.0,9.4262,11.1367,12.04,Available
D0021,2025-12-01,115.67,102.13,1.09,5.96,4.87,2.05,10.1602,12.8145,13.09,Available
D0021,2026-01-01,97.46,96.96,1.08,5.17,4.61,0.0,10.0413,13.4105,13.0,Available
D0021,2026-02-01,100.85,90.11,0.94,6.85,4.37,0.0,10.9141,12.4823,11.25,Available
D0021,2026-03-01,95.88,85.41,0.94,4.7,4.06,0.0,10.5122,13.2696,11.33,Available
D0021,2026-04-01,84.24,80.85,0.8,4.56,3.85,0.0,10.1082,11.8438,9.58,Available
D0021,2026-05-01,81.77,76.2,0.88,4.65,3.65,0.0,10.6894,13.8034,10.52,Available
D0021,2026-06-01,75.94,71.99,0.71,4.21,3.44,0.0,10.1619,11.7881,8.49,Available
D0021,2026-07-01,73.42,67.82,0.68,4.17,3.25,0.0,10.2851,12.0074,8.14,Available
D0022,2024-11-01,113.89,107.48,0.8,5.09,3.25,0.0,6.4661,8.9755,9.65,Available
D0022,2024-12-01,112.74,101.57,0.79,5.91,3.1,0.0,7.7563,9.2897,9.44,Available
D0022,2025-01-01,101.95,96.69,0.83,4.88,2.93,0.0,7.1499,10.2504,9.91,Available
D0022,2025-02-01,100.16,91.46,0.75,5.23,2.79,0.0,7.9997,9.831,8.99,Available
D0022,2025-03-01,97.83,86.67,0.65,4.79,2.64,0.0,6.3156,9.0349,7.83,Available
D0022,2025-04-01,92.95,81.96,0.67,4.71,2.5,0.0,6.3981,9.8421,8.07,Available
D0022,2025-05-01,82.36,78.68,0.68,3.28,2.37,0.0,7.6973,10.3088,8.11,Available
D0022,2025-06-01,84.12,74.88,0.57,3.8,2.27,0.0,7.3792,9.1668,6.86,Available
D0022,2025-07-01,75.17,71.01,0.56,3.87,2.16,0.0,6.6274,9.4196,6.69,Available
D0022,2025-08-01,74.78,67.31,0.46,3.7,2.05,0.56,6.4147,8.1616,5.49,Available
D0022,2025-09-01,65.74,64.6,0.44,2.71,1.94,0.0,6.6788,8.2003,5.3,Available
D0022,2025-10-01,63.21,62.05,0.46,2.55,1.87,0.0,6.8792,8.9768,5.57,Available
D0022,2025-11-01,68.01,59.23,0.47,2.82,1.79,1.62,7.5172,9.5614,5.66,Available
D0022,2025-12-01,61.9,56.08,0.48,3.15,1.71,0.0,7.03,10.2825,5.77,Available
D0022,2026-01-01,58.01,53.23,0.4,2.85,1.62,0.0,6.2048,8.9114,4.74,Available
D0022,2026-02-01,55.25,50.42,0.36,2.81,1.54,0.0,6.2735,8.6168,4.34,Available
D0022,2026-03-01,51.31,48.27,0.41,2.15,1.46,0.0,7.6967,10.2123,4.93,Available
D0022,2026-04-01,49.02,45.63,0.33,2.64,1.39,0.0,6.588,8.5735,3.91,Available
D0022,2026-05-01,48.83,43.38,0.34,2.25,1.32,0.0,6.7829,9.4042,4.08,Available
D0022,2026-06-01,46.28,41.36,0.33,2.02,1.25,0.0,6.9967,9.6774,4.0,Available
D0022,2026-07-01,44.73,39.39,0.34,1.97,1.19,0.0,7.4786,10.3238,4.07,Available
D0023,2025-06-01,238.13,208.7,2.02,8.54,7.09,0.0,9.0433,11.5888,24.19,Available
D0023,2025-07-01,200.75,200.03,2.13,8.67,6.82,0.0,10.1387,12.7726,25.55,Available
D0023,2025-08-01,199.88,192.56,1.91,7.47,6.53,0.0,8.7319,11.9308,22.97,Available
D0023,2025-09-01,197.7,184.99,1.68,7.57,6.29,0.0,9.298,10.8936,20.15,Available
D0023,2025-10-01,186.43,177.84,1.67,7.15,6.04,0.0,8.6484,11.243,19.99,Available
D0023,2025-11-01,186.64,170.84,1.52,7.0,5.81,0.0,8.4767,10.6442,18.18,Available
D0023,2025-12-01,179.14,163.46,1.76,7.38,5.58,0.0,9.9874,12.9313,21.14,Available
D0023,2026-01-01,165.09,156.84,1.64,6.62,5.34,0.0,9.6606,12.5754,19.72,Available
D0023,2026-02-01,170.45,150.0,1.58,6.84,5.12,1.45,9.967,12.6307,18.95,Available
D0023,2026-03-01,148.14,143.85,1.47,6.15,4.9,0.0,9.3941,12.2854,17.67,Available
D0023,2026-04-01,148.93,137.91,1.45,5.94,4.7,0.0,9.6633,12.5951,17.37,Available
D0023,2026-05-01,143.15,131.87,1.15,6.04,4.5,3.22,8.4151,10.5029,13.85,Available
D0023,2026-06-01,131.17,126.0,1.25,5.87,4.31,0.0,9.094,11.929,15.03,Available
D0023,2026-07-01,124.48,120.57,1.26,5.43,4.11,0.0,9.7383,12.5341,15.11,Available
D0024,2025-01-01,,,,,,,,,,Incomplete
D0024,2025-02-01,46.92,42.19,0.45,1.16,0.88,0.0,9.3828,12.8411,5.42,Available
D0024,2025-03-01,46.8,41.03,0.47,1.16,0.86,0.0,10.4195,13.7196,5.63,Available
D0024,2025-04-01,41.5,40.02,0.43,1.01,0.84,0.0,9.4401,12.9126,5.17,Available
D0024,2025-05-01,40.92,39.08,0.41,0.94,0.82,0.0,10.1451,12.5966,4.92,Available
D0024,2025-06-01,43.7,38.07,0.4,1.01,0.8,0.0,9.8701,12.4782,4.75,Available
D0024,2025-07-01,42.39,37.09,0.39,0.98,0.78,0.0,10.1657,12.5381,4.65,Available
D0024,2025-08-01,36.94,36.14,0.41,0.95,0.76,0.0,10.4648,13.7,4.95,Available
D0024,2025-09-01,39.08,35.3,0.36,0.84,0.74,0.0,9.2653,12.2208,4.31,Available
D0024,2025-10-01,37.85,34.37,0.37,0.93,0.72,0.22,10.2558,12.8326,4.41,Available
D0024,2025-11-01,35.07,33.49,0.36,0.88,0.7,0.14,10.0808,12.9434,4.33,Available
D0024,2025-12-01,,,,,,,,,,Missing
D0024,2026-01-01,35.43,31.81,0.35,0.82,0.66,0.0,10.6624,13.3655,4.25,Available
D0024,2026-02-01,35.46,31.05,0.33,0.76,0.65,0.0,10.921,12.5992,3.91,Available
D0024,2026-03-01,31.76,30.2,0.29,0.85,0.63,0.0,9.7672,11.5442,3.49,Available
D0024,2026-04-01,31.22,29.45,0.3,0.75,0.62,0.0,10.1606,12.0297,3.54,Available
D0024,2026-05-01,28.73,28.64,0.29,0.81,0.6,0.0,9.6564,12.2041,3.5,Available
D0024,2026-06-01,30.06,27.85,0.33,0.79,0.58,0.0,10.823,14.2502,3.97,Available
D0024,2026-07-01,,,,,,,,,,Missing
D0025,2025-05-01,177.83,163.73,1.28,5.86,4.35,0.0,6.6848,9.3842,15.36,Available
D0025,2025-06-01,157.79,157.08,1.49,6.65,4.2,0.0,8.2123,11.3503,17.83,Available
D0025,2025-07-01,158.94,151.03,1.25,6.05,4.03,3.66,7.8867,9.9696,15.06,Reconciliation Required
D0025,2025-08-01,165.29,145.25,1.31,5.78,3.87,0.0,7.303,10.7977,15.68,Available
D0025,2025-09-01,150.5,138.94,1.08,6.31,3.73,0.0,7.6141,9.3469,12.99,Available
D0025,2025-10-01,141.09,133.89,1.17,5.05,3.56,0.0,8.1333,10.4419,13.98,Available
D0025,2025-11-01,138.09,128.1,0.91,5.79,3.43,2.72,6.8319,8.5295,10.93,Available
D0025,2025-12-01,133.62,123.5,1.0,4.6,3.29,0.0,7.4461,9.7345,12.02,Available
D0025,2026-01-01,126.84,119.07,0.89,4.43,3.17,0.0,6.6215,8.9741,10.69,Available
D0025,2026-02-01,132.4,115.25,0.9,3.82,3.05,0.0,7.2907,9.4025,10.84,Available
D0025,2026-03-01,115.56,110.47,1.09,4.78,2.96,0.0,8.4267,11.8203,13.06,Available
D0025,2026-04-01,106.47,105.72,0.85,4.75,2.83,0.0,7.0315,9.6001,10.15,Available
D0025,2026-05-01,113.42,102.11,0.86,3.61,2.71,0.0,6.8592,10.1066,10.32,Available
D0025,2026-06-01,112.68,98.63,0.69,3.48,2.62,0.0,6.6887,8.386,8.27,Available
D0025,2026-07-01,94.84,94.62,0.86,4.01,2.53,0.0,8.0965,10.8773,10.29,Available
D0026,2025-02-01,365.58,318.43,2.92,25.13,16.37,0.0,7.5374,11.0062,35.05,Available
D0026,2025-03-01,332.41,302.11,2.75,16.32,15.18,0.0,8.9167,10.909,32.96,Available
D0026,2025-04-01,324.33,286.56,2.35,15.55,14.4,0.0,7.9476,9.8574,28.25,Available
D0026,2025-05-01,308.75,271.99,2.36,14.57,13.66,0.0,8.3727,10.4289,28.37,Available
D0026,2025-06-01,275.3,257.92,2.43,14.07,12.96,0.0,8.4091,11.3011,29.15,Available
D0026,2025-07-01,251.59,244.86,2.01,13.06,12.29,0.0,7.3956,9.8727,24.17,Available
D0026,2025-08-01,250.37,231.73,1.86,13.13,11.67,0.0,7.3388,9.6352,22.33,Available
D0026,2025-09-01,250.98,219.67,1.98,12.06,11.04,0.0,7.5542,10.8223,23.77,Available
D0026,2025-10-01,234.33,208.3,1.9,11.37,10.47,2.93,8.9813,10.9386,22.79,Available
D0026,2025-11-01,201.51,197.29,1.7,11.01,9.93,0.0,7.9694,10.3456,20.41,Available
D0026,2025-12-01,196.39,187.45,1.68,9.84,9.4,0.0,8.8221,10.743,20.14,Available
D0026,2026-01-01,194.54,177.4,1.54,10.05,8.93,4.91,8.4998,10.4011,18.45,Available
D0026,2026-02-01,185.09,168.46,1.51,8.94,8.46,0.0,8.8321,10.7208,18.06,Available
D0026,2026-03-01,162.91,159.48,1.43,8.98,8.03,0.0,8.1429,10.7566,17.15,Available
D0026,2026-04-01,155.37,151.51,1.37,7.97,7.6,0.0,8.1315,10.8687,16.47,Available
D0026,2026-05-01,155.88,143.75,1.32,7.76,7.22,0.0,8.7327,10.9951,15.81,Available
D0026,2026-06-01,137.66,136.15,1.2,7.6,6.85,0.0,7.9434,10.5707,14.39,Available
D0026,2026-07-01,137.56,128.87,1.22,7.28,6.49,0.0,8.6351,11.3672,14.65,Available
D0027,2024-06-01,216.36,211.77,2.06,13.21,9.11,0.97,9.4571,11.6774,24.73,Available
D0027,2024-07-01,225.79,201.45,1.9,10.32,8.57,5.33,9.7938,11.3357,22.84,Available
D0027,2024-08-01,214.98,190.92,1.97,10.53,8.16,0.0,10.076,12.3805,23.64,Available
D0027,2024-09-01,190.3,179.82,1.72,11.1,7.73,0.0,9.0631,11.4509,20.59,Available
D0027,2024-10-01,175.61,170.72,1.71,9.1,7.28,0.0,10.1182,12.0521,20.58,Available
D0027,2024-11-01,179.38,160.94,1.52,9.78,6.91,0.0,8.7293,11.3257,18.23,Available
D0027,2024-12-01,159.01,152.16,1.66,8.78,6.52,0.0,10.3127,13.1172,19.96,Available
D0027,2025-01-01,147.0,143.62,1.52,8.54,6.16,0.0,10.0956,12.699,18.24,Available
D0027,2025-02-01,149.63,136.02,1.29,7.6,5.81,0.0,9.1421,11.414,15.53,Available
D0027,2025-03-01,132.24,128.43,1.37,7.59,5.51,0.0,9.7262,12.7899,16.43,Available
D0027,2025-04-01,138.74,121.71,1.1,6.72,5.2,0.0,8.6675,10.7999,13.14,Available
D0027,2025-05-01,115.09,114.94,1.02,6.77,4.93,0.0,8.9561,10.6276,12.22,Available
D0027,2025-06-01,111.98,109.51,0.97,5.43,4.65,0.0,8.7264,10.6324,11.64,Available
D0028,2025-04-01,17.1,16.39,0.17,0.87,0.46,0.0,9.6198,12.527,2.05,Available
D0028,2025-05-01,17.12,15.67,0.16,0.72,0.43,0.0,9.7396,12.3042,1.93,Available
D0028,2025-06-01,16.47,14.98,0.15,0.69,0.41,0.31,8.7627,12.2149,1.83,Available
D0028,2025-07-01,14.71,14.34,0.14,0.64,0.4,0.0,9.8081,12.0668,1.73,Available
D0028,2025-08-01,,,,,,,,,,Missing
D0028,2025-09-01,13.11,12.98,0.13,0.69,0.36,0.0,8.5944,11.8674,1.54,Available
D0028,2025-10-01,13.72,12.47,0.12,0.51,0.34,0.0,8.5842,11.6661,1.45,Available
D0028,2025-11-01,12.0,11.97,0.12,0.5,0.33,0.03,9.3644,12.463,1.49,Available
D0028,2025-12-01,12.37,11.47,0.12,0.5,0.32,0.0,10.186,12.2465,1.4,Available
D0028,2026-01-01,11.72,10.98,0.11,0.49,0.3,0.0,10.0924,12.2057,1.34,Available
D0028,2026-02-01,11.47,10.59,0.1,0.39,0.29,0.0,9.6538,11.3143,1.2,Available
D0028,2026-03-01,11.41,10.05,0.11,0.54,0.28,0.0,10.5316,12.7929,1.29,Available
D0028,2026-04-01,10.93,9.69,0.11,0.36,0.27,0.0,9.8987,13.005,1.26,Available
D0028,2026-05-01,9.65,9.28,0.09,0.41,0.26,0.2,9.4652,11.9429,1.11,Available
D0028,2026-06-01,8.97,8.82,0.09,0.46,0.24,0.0,9.9328,12.4504,1.1,Available
D0028,2026-07-01,9.41,8.4,0.08,0.42,0.23,0.0,9.8232,11.6312,0.98,Available
D0029,2026-03-01,,,,,,,,,,Missing
D0029,2026-04-01,247.49,243.04,2.38,17.47,11.3,0.0,10.0277,11.7394,28.53,Available
D0029,2026-05-01,229.69,229.56,2.83,13.48,10.54,0.0,11.4166,14.8194,34.02,Available
D0029,2026-06-01,219.99,213.67,2.31,15.89,9.96,0.0,10.5413,12.9934,27.76,Available
D0029,2026-07-01,202.16,200.32,2.25,13.35,9.27,0.0,10.2477,13.4777,27.0,Available
D0030,2025-07-01,185.14,167.48,1.37,4.41,4.39,0.0,6.8846,9.7845,16.39,Available
D0030,2025-08-01,177.92,163.19,1.39,4.29,4.28,0.8,7.5594,10.244,16.72,Available
D0030,2025-09-01,174.62,159.0,1.31,4.19,4.17,0.0,7.3591,9.9202,15.77,Available
D0030,2025-10-01,171.95,154.92,1.41,4.08,4.06,0.0,8.7044,10.8928,16.88,Available
D0030,2025-11-01,167.78,150.93,1.12,3.99,3.96,0.0,7.3978,8.9218,13.47,Available
D0030,2025-12-01,148.5,147.05,1.27,3.88,3.86,0.0,7.4678,10.3242,15.18,Available
D0030,2026-01-01,159.68,143.27,1.24,3.78,3.76,0.0,7.8691,10.3685,14.85,Available
D0030,2026-02-01,149.31,139.58,1.27,3.69,3.66,0.0,8.7446,10.9504,15.28,Available
D0030,2026-03-01,138.88,135.98,1.07,3.6,3.57,1.89,7.0318,9.4362,12.83,Available
D0030,2026-04-01,138.19,130.38,1.04,5.6,3.47,0.0,6.8505,9.6149,12.54,Available
D0030,2026-05-01,,,,,,,,,,Missing
D0030,2026-06-01,129.41,123.77,1.14,3.26,3.25,0.0,8.7866,11.0711,13.7,Available
D0030,2026-07-01,137.73,120.59,0.98,3.18,3.16,0.0,7.3825,9.7482,11.76,Available
D0031,2025-06-01,29.59,28.58,0.24,1.61,0.75,0.0,7.9066,9.9852,2.85,Available
D0031,2025-07-01,29.72,27.15,0.23,1.43,0.71,0.0,8.244,10.0612,2.73,Available
D0031,2025-08-01,29.14,25.99,0.24,1.16,0.67,0.0,8.2962,11.2457,2.92,Available
D0031,2025-09-01,25.69,24.91,0.21,1.08,0.64,0.0,7.9658,10.2998,2.57,Available
D0031,2025-10-01,26.77,23.94,0.21,0.97,0.62,0.0,7.0285,10.4736,2.51,Available
D0031,2025-11-01,25.02,22.85,0.2,1.09,0.59,0.0,8.6057,10.7494,2.46,Available
D0031,2025-12-01,23.51,21.96,0.18,0.89,0.57,0.0,7.2207,9.6979,2.13,Available
D0031,2026-01-01,,,,,,,,,,Missing
D0031,2026-02-01,22.4,20.02,0.18,0.97,0.52,0.16,7.961,11.0159,2.21,Available
D0031,2026-03-01,20.22,19.27,0.18,0.75,0.5,0.0,8.3668,11.1329,2.15,Available
D0031,2026-04-01,20.09,18.42,0.18,0.85,0.48,0.0,8.2199,11.6905,2.15,Available
D0031,2026-05-01,19.42,17.49,0.17,0.93,0.46,0.31,8.6193,11.5861,2.03,Available
D0031,2026-06-01,16.65,16.62,0.15,0.87,0.43,0.0,8.014,11.1512,1.85,Available
D0031,2026-07-01,17.5,15.4,0.14,1.22,0.41,0.0,8.7026,11.1325,1.71,Available
D0032,2025-04-01,48.62,43.96,0.36,1.75,1.12,0.0,7.8029,9.8548,4.33,Available
D0032,2025-05-01,44.88,42.53,0.33,1.43,1.07,0.16,6.6145,9.2197,3.92,Available
D0032,2025-06-01,42.84,40.84,0.32,1.69,1.04,0.0,7.0573,9.3484,3.82,Available
D0032,2025-07-01,39.9,39.57,0.35,1.27,1.0,0.0,7.2129,10.4794,4.15,Available
D0032,2025-08-01,43.69,38.29,0.34,1.28,0.97,0.0,8.0469,10.5925,4.06,Available
D0032,2025-09-01,39.46,36.75,0.32,1.54,0.94,0.0,7.5247,10.5264,3.87,Available
D0032,2025-10-01,39.7,35.38,0.33,1.37,0.9,0.0,8.04,11.1857,3.96,Available
D0032,2025-11-01,37.12,34.25,0.3,1.13,0.86,0.0,7.8715,10.661,3.65,Available
D0032,2025-12-01,33.58,32.83,0.27,1.42,0.84,0.0,7.912,9.8773,3.24,Available
D0032,2026-01-01,35.25,31.62,0.23,1.21,0.8,0.0,7.0095,8.548,2.7,Available
D0032,2026-02-01,31.34,30.39,0.28,1.23,0.77,0.0,8.2697,10.949,3.33,Available
D0032,2026-03-01,30.19,29.46,0.27,0.93,0.74,0.0,7.6138,10.911,3.21,Available
D0032,2026-04-01,30.53,28.36,0.25,1.1,0.72,0.0,7.7872,10.3997,2.95,Available
D0032,2026-05-01,27.91,27.42,0.22,0.94,0.69,0.0,7.6959,9.7166,2.66,Available
D0032,2026-06-01,27.31,26.57,0.21,0.85,0.67,0.0,7.3264,9.6378,2.56,Available
D0032,2026-07-01,28.35,25.49,0.22,1.08,0.65,0.0,7.9497,10.5901,2.7,Available
D0033,2026-05-01,34.56,30.51,0.29,2.04,1.46,0.0,8.8978,11.5315,3.52,Available
D0033,2026-06-01,30.87,28.72,0.29,1.79,1.37,0.0,9.7882,11.9561,3.43,Available
D0033,2026-07-01,28.9,26.96,0.27,1.76,1.29,0.0,8.6423,11.9839,3.23,Available
D0034,2025-12-01,158.02,156.84,1.51,10.15,6.33,0.0,9.9695,11.5319,18.09,Available
D0034,2026-01-01,,,,,,,,,,Missing
D0034,2026-02-01,149.88,136.5,1.28,8.11,5.48,0.0,9.2244,11.2844,15.4,Available
D0034,2026-03-01,149.37,130.17,1.35,6.33,5.17,0.0,9.0561,12.4206,16.17,Available
D0034,2026-04-01,127.21,123.96,1.2,6.21,4.93,2.95,8.2094,11.5735,14.35,Available
D0034,2026-05-01,117.25,116.85,1.03,7.11,4.7,0.0,8.5802,10.6265,12.42,Available
D0034,2026-06-01,111.99,111.37,1.06,5.48,4.43,0.0,9.1749,11.4298,12.73,Available
D0034,2026-07-01,120.61,105.44,0.97,5.93,4.22,0.0,8.1752,10.9884,11.59,Available
D0035,2025-09-01,320.39,290.35,2.16,17.31,14.24,0.0,7.0536,8.9297,25.93,Available
D0035,2025-10-01,292.34,261.3,2.34,29.05,13.44,0.0,7.8621,10.768,28.14,Available
D0035,2025-11-01,264.57,244.59,2.32,16.71,12.1,0.0,8.2454,11.3868,27.85,Available
D0035,2025-12-01,242.34,228.4,2.12,16.19,11.32,0.0,8.3386,11.1172,25.39,Available
D0035,2026-01-01,243.68,215.0,2.07,13.4,10.57,0.0,8.6847,11.53,24.79,Available
D0035,2026-02-01,230.34,202.28,1.73,12.72,9.95,0.0,8.4736,10.2489,20.73,Available
D0035,2026-03-01,216.39,190.19,1.49,12.09,9.36,0.0,7.2005,9.3874,17.85,Available
D0035,2026-04-01,195.11,179.65,1.6,10.54,8.8,0.0,7.4904,10.6926,19.21,Available
D0035,2026-05-01,193.0,168.03,1.48,11.62,8.32,0.0,7.3331,10.5945,17.8,Available
D0035,2026-06-01,175.33,157.82,1.48,10.21,7.78,0.0,7.8791,11.2637,17.78,Available
D0035,2026-07-01,168.37,147.62,1.18,10.2,7.31,0.0,7.3071,9.5537,14.1,Available
D0036,2026-04-01,311.0,291.19,3.45,15.21,10.94,0.0,11.4371,14.218,41.4,Available
D0036,2026-05-01,278.57,274.14,2.87,17.05,10.39,0.0,10.0628,12.5718,34.46,Available
D0036,2026-06-01,283.06,261.78,3.05,12.36,9.79,0.0,10.8378,13.9883,36.62,Available
D0036,2026-07-01,246.47,243.86,2.91,17.92,9.34,0.0,11.2786,14.3307,34.95,Available
D0037,2024-07-01,29.79,28.89,0.29,1.32,0.83,0.0,9.5696,11.8451,3.42,Available
D0037,2024-08-01,27.62,27.49,0.29,1.4,0.8,0.0,10.0863,12.569,3.46,Available
D0037,2024-09-01,26.84,26.45,0.26,1.04,0.76,0.0,9.4025,11.9805,3.17,Available
D0037,2024-10-01,27.0,25.16,0.25,1.29,0.73,0.37,10.1153,11.6926,2.94,Available
D0037,2024-11-01,27.32,24.0,0.23,1.16,0.69,0.0,8.7214,11.6526,2.8,Available
D0037,2024-12-01,25.69,22.77,0.24,1.23,0.66,0.02,9.5504,12.6047,2.87,Available
D0037,2025-01-01,22.83,21.4,0.21,1.37,0.63,0.0,8.6083,11.9794,2.56,Available
D0037,2025-02-01,20.57,20.42,0.19,0.98,0.59,0.0,8.32,11.1274,2.27,Available
D0037,2025-03-01,20.35,19.39,0.19,1.03,0.56,0.17,9.8445,11.9251,2.31,Available
D0037,2025-04-01,20.78,18.61,0.17,0.78,0.54,0.0,9.1975,10.7089,1.99,Available
D0037,2025-05-01,19.4,17.6,0.18,1.01,0.51,0.0,9.8046,11.9847,2.11,Available
D0037,2025-06-01,17.22,16.87,0.14,0.73,0.49,0.0,8.3467,10.0498,1.7,Available
D0037,2025-07-01,15.99,15.94,0.16,0.93,0.47,0.0,9.4366,12.3344,1.97,Available
D0037,2025-08-01,16.41,15.14,0.14,0.8,0.44,0.0,9.2227,11.2805,1.71,Available
D0037,2025-09-01,16.54,14.56,0.15,0.58,0.42,0.16,9.3673,12.7058,1.85,Available
D0037,2025-10-01,16.08,13.99,0.13,0.57,0.4,0.0,8.8407,11.2329,1.57,Available
D0037,2025-11-01,14.52,13.4,0.14,0.59,0.39,0.0,9.799,12.1255,1.62,Available
D0037,2025-12-01,14.38,12.86,0.13,0.54,0.37,0.0,10.1476,11.7676,1.51,Available
D0037,2026-01-01,13.91,12.22,0.1,0.64,0.35,0.0,8.4092,10.1833,1.24,Available
D0037,2026-02-01,12.25,11.58,0.11,0.64,0.34,0.0,9.2125,10.9106,1.26,Available
D0037,2026-03-01,12.45,11.03,0.11,0.55,0.32,0.0,9.9161,12.4358,1.37,Available
D0037,2026-04-01,11.85,10.52,0.11,0.51,0.3,0.0,9.6759,12.6827,1.33,Available
D0037,2026-05-01,11.26,10.08,0.11,0.44,0.29,0.0,9.3063,12.5476,1.26,Available
D0037,2026-06-01,,,,,,,,,,Incomplete
D0037,2026-07-01,10.25,9.21,0.09,0.37,0.26,0.0,8.3925,11.1846,1.03,Available
D0038,2025-02-01,48.46,42.74,0.42,1.78,1.1,0.0,10.1473,11.817,5.05,Available
D0038,2025-03-01,46.75,41.1,0.43,1.64,1.06,0.0,9.351,12.4646,5.12,Available
D0038,2025-04-01,41.86,39.57,0.36,1.53,1.02,0.0,8.383,10.9059,4.32,Available
D0038,2025-05-01,40.71,38.03,0.37,1.54,0.98,0.69,8.958,11.606,4.41,Available
D0038,2025-06-01,38.11,36.64,0.34,1.39,0.94,0.0,9.0173,11.0205,4.04,Available
D0038,2025-07-01,38.38,35.38,0.35,1.26,0.91,0.0,8.4684,11.7828,4.17,Available
D0038,2025-08-01,36.34,34.17,0.33,1.21,0.87,0.0,9.4569,11.4847,3.92,Available
D0038,2025-09-01,36.19,32.81,0.3,1.36,0.84,0.0,8.7402,10.8302,3.55,Available
D0038,2025-10-01,35.02,31.59,0.29,1.22,0.81,0.0,9.1165,10.9633,3.46,Available
D0038,2025-11-01,33.33,30.38,0.27,1.21,0.78,0.0,8.6192,10.4854,3.19,Available
D0038,2025-12-01,30.0,29.36,0.29,1.02,0.75,0.0,9.1436,11.7184,3.44,Available
D0038,2026-01-01,29.17,28.37,0.23,0.99,0.73,0.0,8.3123,9.8188,2.79,Available
D0038,2026-02-01,27.99,27.18,0.28,1.19,0.7,0.48,9.7258,12.3607,3.36,Available
D0038,2026-03-01,26.68,26.21,0.25,0.97,0.67,0.0,9.3273,11.6011,3.04,Available
D0038,2026-04-01,27.37,25.29,0.22,0.92,0.65,0.0,8.5857,10.6404,2.69,Available
D0038,2026-05-01,26.33,24.27,0.27,1.02,0.63,0.0,9.8702,13.1528,3.19,Available
D0038,2026-06-01,,,,,,,,,,Missing
D0038,2026-07-01,24.42,22.55,0.2,0.88,0.58,0.0,8.5985,10.4019,2.35,Available
D0039,2025-06-01,326.4,293.77,2.4,10.75,8.98,0.0,8.1311,9.8135,28.83,Available
D0039,2025-07-01,303.69,284.11,2.44,9.66,8.67,0.0,8.3492,10.2911,29.24,Available
D0039,2025-08-01,298.79,274.89,2.68,9.22,8.38,0.0,9.5625,11.6795,32.11,Available
D0039,2025-09-01,283.35,265.71,2.83,9.18,8.11,0.0,9.876,12.8009,34.01,Available
D0039,2025-10-01,290.81,256.84,2.35,8.87,7.84,0.0,8.9575,11.0009,28.25,Available
D0039,2025-11-01,278.96,247.8,2.43,9.04,7.58,0.0,9.0419,11.7732,29.17,Available
D0039,2025-12-01,267.86,239.54,2.18,8.26,7.31,0.0,8.6421,10.8974,26.1,Available
D0039,2026-01-01,252.47,231.61,2.2,7.93,7.07,0.0,9.4586,11.4204,26.45,Available
D0039,2026-02-01,251.16,224.25,2.06,7.36,6.83,0.0,8.6448,11.0493,24.78,Available
D0039,2026-03-01,219.71,216.8,2.15,7.45,6.62,0.0,8.5916,11.91,25.82,Available
D0039,2026-04-01,230.0,209.71,2.26,7.09,6.4,3.01,9.7029,12.9102,27.07,Available
D0039,2026-05-01,230.1,202.31,1.72,7.4,6.19,2.21,8.5186,10.1985,20.63,Available
D0039,2026-06-01,203.87,195.28,1.72,7.03,5.97,0.0,8.176,10.5822,20.66,Available
D0039,2026-07-01,195.42,188.85,1.88,6.43,5.76,0.0,9.4168,11.9578,22.58,Available
D0040,2025-06-01,203.69,179.58,2.01,4.44,4.19,0.95,10.0541,13.4381,24.13,Available
D0040,2025-07-01,196.73,175.25,1.86,4.33,4.09,0.0,11.0152,12.7182,22.29,Available
D0040,2025-08-01,195.08,171.15,1.64,4.1,3.99,0.0,9.7036,11.509,19.7,Available
D0040,2025-09-01,179.81,167.16,1.62,3.99,3.9,0.0,10.1235,11.6649,19.5,Available
D0040,2025-10-01,174.35,160.53,1.68,6.63,3.81,0.0,9.4266,12.5952,20.22,Available
D0040,2025-11-01,174.5,156.76,1.75,3.77,3.65,0.0,10.6536,13.4339,21.06,Available
D0040,2025-12-01,160.66,148.59,1.5,8.17,3.57,0.0,9.7949,12.0849,17.96,Available
D0040,2026-01-01,161.35,145.05,1.56,3.54,3.38,1.54,9.939,12.8757,18.68,Available
D0040,2026-02-01,145.99,141.6,1.56,3.45,3.3,0.0,10.1505,13.2602,18.78,Available
D0040,2026-03-01,146.0,138.25,1.45,3.35,3.22,0.0,10.3252,12.5771,17.39,Available
D0040,2026-04-01,146.77,131.21,1.54,7.04,3.15,0.0,10.8557,14.0861,18.48,Available
D0040,2026-05-01,136.49,128.06,1.39,3.15,2.99,0.0,11.1172,13.0713,16.74,Available
D0040,2026-06-01,125.97,125.01,1.31,3.05,2.92,0.0,10.2234,12.555,15.7,Available
D0040,2026-07-01,129.05,121.98,1.37,3.03,2.85,0.0,11.0438,13.474,16.44,Available
D0041,2025-03-01,121.27,113.13,1.13,5.58,4.7,0.0,8.772,12.0093,13.59,Available
D0041,2025-04-01,119.49,107.97,0.94,5.16,4.48,0.0,8.6558,10.4477,11.28,Available
D0041,2025-05-01,115.56,103.2,1.11,4.77,4.28,0.0,10.5917,12.8985,13.31,Available
D0041,2025-06-01,104.56,98.11,0.93,5.09,4.09,0.0,9.606,11.3526,11.14,Available
D0041,2025-07-01,102.05,89.11,0.83,9.0,3.89,0.0,9.5073,11.1419,9.93,Available
D0041,2025-08-01,86.71,84.9,0.79,4.21,3.53,0.0,9.1949,11.2291,9.53,Available
D0041,2025-09-01,92.7,81.1,0.86,3.8,3.36,0.0,10.5562,12.662,10.27,Available
D0041,2025-10-01,80.09,77.14,0.83,3.96,3.21,0.0,10.3367,12.9308,9.97,Available
D0041,2025-11-01,74.49,73.76,0.77,3.38,3.05,0.0,10.109,12.5743,9.27,Available
D0041,2025-12-01,79.32,69.89,0.75,3.87,2.92,0.0,10.4801,12.8993,9.02,Available
D0041,2026-01-01,74.31,66.22,0.71,3.67,2.77,0.51,9.5229,12.8012,8.48,Available
D0041,2026-02-01,69.37,62.93,0.61,3.29,2.62,0.0,8.9693,11.6489,7.33,Available
D0041,2026-03-01,68.16,59.74,0.59,3.19,2.49,0.0,9.7723,11.8167,7.06,Available
D0041,2026-04-01,58.8,56.61,0.59,3.13,2.37,0.0,9.4566,12.5599,7.11,Available
D0041,2026-05-01,55.09,53.85,0.5,2.76,2.24,0.0,8.7276,11.1563,6.01,Available
D0041,2026-06-01,51.85,51.23,0.51,2.62,2.13,0.0,9.8014,11.9638,6.13,Available
D0041,2026-07-01,51.95,48.76,0.54,2.47,2.03,0.0,10.0121,13.2907,6.48,Available
D0042,2024-09-01,30.36,28.27,0.31,1.37,1.32,0.0,9.8386,13.0968,3.7,Available
D0042,2024-10-01,27.59,26.92,0.28,1.35,1.26,0.0,9.7371,12.4582,3.35,Available
D0042,2024-11-01,25.68,25.65,0.28,1.27,1.2,0.0,10.1458,13.2382,3.4,Available
D0042,2024-12-01,24.44,24.43,0.25,1.22,1.14,0.59,9.0141,12.4978,3.05,Available
D0042,2025-01-01,24.54,23.29,0.23,1.14,1.09,0.0,8.9387,12.0922,2.82,Available
D0042,2025-02-01,25.5,22.21,0.24,1.08,1.04,0.0,10.2321,12.8978,2.86,Available
D0042,2025-03-01,21.47,21.13,0.23,1.08,0.99,0.0,9.5283,13.0153,2.75,Available
D0042,2025-04-01,21.95,20.12,0.19,1.01,0.94,0.0,9.7411,11.371,2.29,Available
D0042,2025-05-01,19.25,19.16,0.19,0.96,0.89,0.0,9.097,11.9751,2.29,Available
D0042,2025-06-01,19.04,18.24,0.18,0.92,0.85,0.0,9.5925,12.1103,2.21,Available
D0042,2025-07-01,18.23,17.38,0.15,0.86,0.81,0.0,8.3408,10.4595,1.82,Available
D0042,2025-08-01,16.85,16.58,0.15,0.8,0.77,0.0,9.1346,10.87,1.8,Available
D0042,2025-09-01,17.51,15.81,0.15,0.77,0.74,0.0,8.9345,11.593,1.83,Available
D0042,2025-10-01,15.55,15.08,0.16,0.73,0.7,0.25,9.1347,12.5096,1.89,Available
D0042,2025-11-01,16.23,14.39,0.14,0.69,0.67,0.0,10.1779,11.7407,1.69,Available
D0042,2025-12-01,14.39,13.72,0.14,0.67,0.64,0.0,9.515,12.4333,1.71,Available
D0042,2026-01-01,14.19,13.08,0.14,0.64,0.61,0.0,9.6804,13.0114,1.7,Available
D0042,2026-02-01,12.76,12.48,0.13,0.6,0.58,0.16,9.3362,12.8129,1.6,Available
D0042,2026-03-01,13.28,11.9,0.11,0.58,0.55,0.32,8.8684,11.2041,1.33,Available
D0042,2026-04-01,12.73,11.33,0.12,0.57,0.53,0.0,10.3045,12.7701,1.45,Available
D0042,2026-05-01,11.67,10.81,0.1,0.52,0.5,0.0,8.8369,11.3469,1.23,Available
D0042,2026-06-01,11.51,10.28,0.11,0.53,0.48,0.0,9.4401,12.8397,1.32,Available
D0042,2026-07-01,10.27,9.78,0.08,0.5,0.46,0.0,8.7985,10.3875,1.02,Available
D0043,2025-08-01,106.47,101.66,0.75,4.73,3.43,2.79,6.8425,8.8044,8.95,Available
D0043,2025-09-01,110.35,97.17,0.81,4.49,3.28,0.0,7.9826,9.9415,9.66,Available
D0043,2025-10-01,98.65,93.11,0.66,4.06,3.13,0.0,6.156,8.5545,7.97,Available
D0043,2025-11-01,93.94,88.41,0.66,4.7,3.0,0.0,6.4312,9.0243,7.98,Available
D0043,2025-12-01,84.59,83.95,0.71,4.46,2.85,0.0,7.4476,10.1481,8.52,Available
D0043,2026-01-01,92.45,80.5,0.66,3.45,2.7,0.0,7.8283,9.798,7.89,Available
D0043,2026-02-01,84.55,77.07,0.54,3.43,2.59,0.0,6.6898,8.3492,6.43,Available
D0043,2026-03-01,81.56,74.09,0.64,2.98,2.48,0.0,7.5436,10.3585,7.67,Available
D0043,2026-04-01,73.66,70.39,0.66,3.7,2.39,0.0,7.8648,11.2283,7.9,Available
D0043,2026-05-01,69.6,67.19,0.44,3.2,2.27,1.76,6.3539,7.8606,5.28,Available
D0043,2026-06-01,71.29,63.94,0.47,3.25,2.16,0.22,7.1574,8.9003,5.69,Available
D0043,2026-07-01,68.34,61.11,0.47,2.83,2.06,0.0,7.5034,9.1699,5.6,Available
D0044,2024-04-01,48.33,47.87,0.34,4.38,1.32,0.0,6.8834,8.5562,4.1,Available
D0044,2024-05-01,50.52,46.15,0.42,1.72,1.21,0.0,7.5126,10.862,5.01,Available
D0044,2024-06-01,,,,,,,,,,Incomplete
D0044,2024-07-01,48.6,42.39,0.36,1.58,1.11,0.0,7.2973,10.192,4.32,Available
D0044,2024-08-01,42.36,40.41,0.33,1.98,1.07,0.0,7.3551,9.7708,3.95,Available
D0044,2024-09-01,39.88,37.77,0.35,2.64,1.02,0.0,8.4358,11.265,4.25,Available
D0044,2024-10-01,37.94,35.19,0.29,2.58,0.96,0.0,8.2018,9.8938,3.48,Available
D0044,2024-11-01,34.28,33.68,0.29,1.51,0.89,0.0,7.3668,10.39,3.5,Available
D0044,2024-12-01,32.32,32.13,0.26,1.55,0.85,0.0,7.3958,9.7471,3.13,Available
D0044,2025-01-01,31.86,30.57,0.26,1.56,0.81,0.64,6.8386,10.3372,3.16,Available
D0044,2025-02-01,30.84,29.07,0.25,1.5,0.77,0.0,7.4734,10.4507,3.04,Available
D0044,2025-03-01,,,,,,,,,,Incomplete
D0044,2025-04-01,29.31,26.98,0.22,0.98,0.71,0.62,7.8334,9.5809,2.58,Available
D0044,2025-05-01,25.74,25.44,0.22,1.54,0.68,0.0,6.9603,10.2862,2.62,Available
D0044,2025-06-01,24.57,24.21,0.19,1.23,0.64,0.0,6.6574,9.4732,2.29,Available
D0044,2025-07-01,25.6,23.04,0.2,1.17,0.61,0.0,8.2841,10.4506,2.41,Available
D0044,2025-08-01,24.94,22.24,0.15,0.8,0.58,0.0,6.6872,8.2722,1.84,Available
D0045,2025-12-01,147.78,129.89,1.42,4.74,4.33,0.0,11.2419,13.1122,17.03,Available
D0045,2026-01-01,139.43,125.54,1.28,4.35,4.18,0.0,10.4525,12.2058,15.32,Available
D0045,2026-02-01,131.66,121.18,1.39,4.36,4.04,0.0,10.5472,13.7973,16.72,Available
D0045,2026-03-01,123.74,116.93,1.34,4.25,3.9,0.0,11.0506,13.7771,16.11,Available
D0045,2026-04-01,123.41,112.97,1.2,3.96,3.76,1.39,10.7533,12.792,14.45,Available
D0045,2026-05-01,118.7,109.04,1.24,3.93,3.64,0.0,11.9071,13.6363,14.87,Available
D0045,2026-06-01,109.18,105.25,1.24,3.79,3.51,0.0,10.7496,14.1839,14.93,Available
D0045,2026-07-01,116.42,101.7,1.19,3.55,3.39,0.0,11.7656,14.055,14.29,Available
D0046,2026-04-01,,,,,,,,,,Missing
D0046,2026-05-01,303.43,287.12,2.65,8.8,8.37,0.0,7.6225,11.077,31.8,Available
D0046,2026-06-01,286.35,278.5,2.4,8.62,8.12,0.0,8.0682,10.3466,28.82,Available
D0046,2026-07-01,269.83,269.71,2.11,8.79,7.88,0.0,7.8122,9.4101,25.38,Available
D0047,2025-06-01,105.46,103.28,1.14,3.7,3.63,0.0,9.9432,13.2058,13.64,Available
D0047,2025-07-01,104.6,95.38,0.94,7.9,3.5,0.0,9.597,11.7927,11.25,Available
D0047,2025-08-01,95.05,92.01,0.91,3.37,3.23,0.0,9.9888,11.8097,10.87,Available
D0047,2025-09-01,95.62,88.83,1.02,3.18,3.12,0.0,10.3323,13.7293,12.2,Available
D0047,2025-10-01,94.22,85.75,0.82,3.08,3.01,0.0,9.3902,11.4338,9.8,Available
D0047,2025-11-01,89.62,79.91,0.82,5.84,2.91,0.0,10.2875,12.3531,9.87,Available
D0047,2025-12-01,79.21,77.09,0.75,2.82,2.71,0.0,9.172,11.7318,9.04,Available
D0047,2026-01-01,79.06,74.38,0.76,2.71,2.61,0.0,9.233,12.2724,9.13,Available
D0047,2026-02-01,79.26,71.77,0.7,2.61,2.52,0.0,9.3282,11.6779,8.38,Available
D0047,2026-03-01,70.28,69.28,0.7,2.49,2.43,0.0,9.5669,12.1949,8.45,Available
D0047,2026-04-01,69.29,66.87,0.7,2.41,2.35,0.0,10.0977,12.5405,8.39,Available
D0047,2026-05-01,65.87,64.54,0.71,2.33,2.27,0.0,10.6175,13.2478,8.55,Available
D0047,2026-06-01,71.56,62.31,0.57,2.23,2.19,0.0,9.2928,10.998,6.85,Available
D0047,2026-07-01,60.22,60.11,0.58,2.2,2.11,0.0,10.0282,11.6014,6.97,Available
D0048,2025-03-01,249.26,245.81,1.97,15.64,8.44,0.0,6.9029,9.6264,23.66,Available
D0048,2025-04-01,238.36,232.53,1.91,13.28,7.93,1.68,7.798,9.8522,22.91,Available
D0048,2025-05-01,248.57,219.37,1.8,13.16,7.5,0.0,6.7655,9.8569,21.62,Available
D0048,2025-06-01,237.07,207.92,2.02,11.45,7.08,0.0,8.7498,11.6426,24.21,Available
D0048,2025-07-01,216.56,196.86,1.55,11.06,6.71,0.0,6.7886,9.432,18.57,Available
D0048,2025-08-01,190.85,185.35,1.78,11.51,6.35,0.0,8.3912,11.5458,21.4,Available
D0048,2025-09-01,196.57,177.31,1.72,8.04,5.98,0.0,8.687,11.6385,20.64,Available
D0048,2025-10-01,188.07,167.17,1.5,10.14,5.72,0.0,7.8864,10.7622,17.99,Available
D0048,2025-11-01,168.88,158.86,1.53,8.31,5.4,0.0,8.3998,11.5856,18.4,Available
D0048,2025-12-01,155.44,151.66,1.36,7.2,5.13,0.0,7.8808,10.7802,16.35,Available
D0048,2026-01-01,163.77,143.12,1.15,8.54,4.89,0.0,6.9482,9.6316,13.78,Available
D0048,2026-02-01,140.54,136.14,1.18,6.98,4.62,0.0,7.5615,10.3825,14.13,Available
D0048,2026-03-01,147.99,129.94,1.17,6.2,4.39,0.0,8.1185,10.8311,14.07,Available
D0048,2026-04-01,123.98,122.31,0.98,7.63,4.19,0.0,7.2049,9.6346,11.78,Available
D0048,2026-05-01,130.03,115.22,0.95,7.09,3.95,0.0,7.276,9.8431,11.34,Available
D0049,2026-02-01,59.44,53.08,0.59,2.58,2.05,0.0,10.0104,13.262,7.04,Available
D0049,2026-03-01,51.54,50.9,0.54,2.18,1.95,0.0,10.2217,12.7997,6.52,Available
D0049,2026-04-01,52.38,48.79,0.42,2.11,1.87,0.0,8.7138,10.3018,5.03,Available
D0049,2026-05-01,49.84,46.74,0.47,2.05,1.8,0.0,10.1912,11.9868,5.6,Available
D0049,2026-06-01,51.24,44.6,0.46,2.14,1.72,0.0,9.4482,12.3109,5.49,Available
D0049,2026-07-01,42.47,42.28,0.47,2.32,1.64,0.0,10.3216,13.4408,5.68,Available
D0050,2024-08-01,170.48,152.55,1.29,7.38,4.75,0.0,8.4738,10.1703,15.51,Available
D0050,2024-09-01,167.66,146.01,1.47,6.54,4.53,0.0,9.1703,12.1088,17.68,Available
D0050,2024-10-01,142.41,139.09,1.38,6.92,4.33,0.0,9.8003,11.8846,16.53,Available
D0050,2024-11-01,148.98,133.59,1.37,5.5,4.13,0.0,9.8056,12.35,16.5,Available
D0050,2024-12-01,127.72,126.95,1.33,6.64,3.96,0.0,10.2951,12.554,15.94,Available
D0050,2025-01-01,128.5,122.17,1.21,4.78,3.77,0.0,9.8574,11.8486,14.48,Available
D0050,2025-02-01,121.09,116.95,1.19,5.22,3.63,0.0,9.5696,12.1956,14.26,Available
D0050,2025-03-01,125.94,112.12,1.05,4.83,3.47,0.0,9.0574,11.2898,12.66,Available
D0050,2025-04-01,109.32,102.98,1.05,9.14,3.33,0.0,10.2739,12.1897,12.55,Available
D0050,2025-05-01,107.65,98.27,1.07,4.71,3.06,0.0,10.346,13.0948,12.87,Available
D0050,2025-06-01,94.94,93.23,0.89,5.04,2.92,0.0,9.8444,11.4384,10.66,Available
D0050,2025-07-01,96.88,88.57,0.8,4.66,2.77,0.0,9.3214,10.8313,9.59,Available
D0050,2025-08-01,88.89,84.12,0.77,4.45,2.63,1.26,8.5182,11.0495,9.29,Available
D0050,2025-09-01,88.7,80.31,0.78,3.81,2.5,0.0,10.0703,11.7014,9.4,Available
D0050,2025-10-01,81.67,76.96,0.77,3.35,2.38,0.0,9.041,12.0021,9.24,Available
D0050,2025-11-01,79.66,73.81,0.77,3.15,2.28,0.0,9.6435,12.594,9.3,Available
D0050,2025-12-01,73.8,70.71,0.69,3.1,2.19,0.0,8.6331,11.7772,8.33,Available
D0050,2026-01-01,68.09,67.66,0.68,3.05,2.1,0.0,8.8647,12.0972,8.18,Available
D0050,2026-02-01,74.24,64.9,0.6,2.76,2.01,0.0,9.0136,11.1013,7.2,Available
D0050,2026-03-01,65.18,62.46,0.6,2.44,1.93,0.0,9.5576,11.6172,7.26,Available
D0050,2026-04-01,64.32,59.37,0.55,3.09,1.85,1.38,8.9184,11.1551,6.62,Available
D0050,2026-05-01,64.11,57.0,0.52,2.37,1.76,0.0,8.435,10.8664,6.19,Available
D0050,2026-06-01,59.32,52.15,0.46,4.85,1.69,0.0,8.6741,10.6517,5.55,Available
D0050,2026-07-01,54.87,49.6,0.5,2.55,1.55,0.0,9.8646,11.9947,5.95,Available
D0051,2024-04-01,262.75,257.96,2.73,13.97,11.38,0.0,9.4571,12.7143,32.8,Available
D0051,2024-05-01,245.89,241.02,2.31,16.94,10.8,0.0,9.0324,11.5176,27.76,Available
D0051,2024-06-01,243.38,218.77,2.17,22.25,10.09,0.0,10.2363,11.904,26.04,Available
D0051,2024-07-01,230.17,206.09,2.01,12.68,9.16,0.59,8.4685,11.6853,24.08,Available
D0051,2024-08-01,200.7,184.48,2.07,21.61,8.63,0.0,10.3369,13.4583,24.83,Available
D0051,2024-09-01,192.01,174.04,1.58,10.44,7.72,0.0,9.3423,10.8685,18.92,Available
D0051,2024-10-01,187.13,163.57,1.56,10.47,7.28,0.0,8.7439,11.436,18.71,Available
D0051,2024-11-01,160.91,152.98,1.57,10.59,6.85,0.0,9.6065,12.326,18.86,Available
D0051,2024-12-01,157.68,145.16,1.38,7.82,6.4,0.0,8.6483,11.4269,16.59,Available
D0051,2025-01-01,140.09,137.22,1.29,7.94,6.08,0.0,9.7041,11.2569,15.45,Available
D0051,2025-02-01,132.82,129.94,1.37,7.28,5.74,0.0,9.9588,12.6627,16.45,Available
D0051,2025-03-01,136.63,122.88,1.17,7.06,5.44,0.0,9.8797,11.4527,14.07,Available
D0051,2025-04-01,130.33,116.49,1.09,6.39,5.14,0.15,9.6563,11.1988,13.05,Available
D0051,2025-05-01,121.1,108.91,1.0,7.58,4.88,2.43,9.3513,11.0433,12.03,Available
D0051,2025-06-01,107.51,101.98,1.15,6.93,4.56,2.68,10.2792,13.5491,13.82,Available
D0051,2025-07-01,96.94,95.89,1.0,6.09,4.27,0.0,9.6174,12.4872,11.97,Available
D0051,2025-08-01,91.49,90.78,0.91,5.11,4.01,0.0,9.8819,12.063,10.95,Available
D0051,2025-09-01,95.22,85.44,0.83,5.34,3.8,0.0,9.1372,11.6077,9.92,Available
D0052,2025-09-01,179.95,158.62,1.43,6.99,6.51,0.0,8.8593,10.8435,17.2,Available
D0052,2025-10-01,,,,,,,,,,Missing
D0052,2025-11-01,153.66,145.49,1.31,6.43,5.97,0.0,8.8478,10.8153,15.74,Available
D0052,2025-12-01,140.53,139.54,1.19,5.95,5.72,0.0,7.5521,10.2635,14.32,Available
D0052,2026-01-01,133.95,133.63,1.14,5.91,5.49,0.0,8.3685,10.2321,13.67,Available
D0052,2026-02-01,139.77,127.81,1.1,5.82,5.25,0.0,7.4276,10.3399,13.22,Available
D0052,2026-03-01,132.46,122.32,0.97,5.49,5.03,0.0,7.379,9.4718,11.59,Available
D0052,2026-04-01,132.75,117.13,0.92,5.19,4.81,0.0,6.9775,9.3899,11.0,Available
D0052,2026-05-01,117.73,112.17,0.84,4.96,4.61,0.0,7.0361,9.0325,10.13,Available
D0052,2026-06-01,110.73,107.59,1.0,4.58,4.41,0.0,7.7024,11.1521,12.0,Available
D0052,2026-07-01,105.34,103.15,0.81,4.44,4.23,0.0,7.3013,9.3902,9.69,Available
D0053,2025-12-01,158.63,149.69,1.26,9.67,7.82,0.0,7.64,10.086,15.1,Available
D0053,2026-01-01,147.35,140.81,1.38,8.88,7.35,0.0,8.736,11.7346,16.52,Available
D0053,2026-02-01,139.7,132.51,1.21,8.3,6.91,0.0,8.2797,10.9845,14.56,Available
D0053,2026-03-01,142.77,124.46,1.17,8.05,6.5,0.0,8.106,11.2779,14.04,Available
D0053,2026-04-01,129.13,116.94,1.09,7.52,6.11,0.0,9.3844,11.1693,13.06,Available
D0053,2026-05-01,116.34,110.4,1.1,6.54,5.74,0.0,9.3255,12.0065,13.26,Available
D0053,2026-06-01,110.51,104.15,0.96,6.25,5.42,0.0,8.8551,11.1117,11.57,Available
D0053,2026-07-01,96.94,94.87,0.88,9.28,5.11,0.0,8.276,11.1473,10.58,Available
D0054,2025-02-01,129.43,119.71,1.12,5.16,3.21,0.0,9.1759,11.21,13.42,Available
D0054,2025-03-01,115.5,114.99,0.95,4.72,3.08,0.0,8.3079,9.889,11.37,Available
D0054,2025-04-01,117.34,110.84,0.94,4.15,2.96,0.0,7.8556,10.2241,11.33,Available
D0054,2025-05-01,108.54,107.33,0.94,3.51,2.85,0.0,8.0335,10.5413,11.31,Available
D0054,2025-06-01,111.24,103.08,0.95,4.25,2.76,2.64,9.4642,11.0966,11.44,Available
D0054,2025-07-01,106.35,99.58,0.83,3.5,2.65,0.0,7.8443,9.9871,9.95,Available
D0054,2025-08-01,104.58,95.59,0.83,3.99,2.56,0.0,7.6612,10.4453,9.98,Available
D0054,2025-09-01,100.54,92.25,0.78,3.34,2.46,0.0,7.7686,10.1499,9.36,Available
D0054,2025-10-01,94.86,89.34,0.83,2.91,2.37,0.0,8.108,11.1339,9.95,Available
D0054,2025-11-01,88.57,82.69,0.78,6.65,2.3,0.0,8.5758,11.3266,9.37,Available
D0054,2025-12-01,83.25,80.08,0.76,2.61,2.13,0.0,8.3564,11.3946,9.12,Available
D0054,2026-01-01,79.84,77.15,0.71,2.93,2.06,0.0,9.1695,11.0748,8.54,Available
D0054,2026-02-01,84.64,73.98,0.7,3.17,1.98,0.0,9.2175,11.407,8.44,Available
D0054,2026-03-01,73.02,71.26,0.66,2.72,1.9,0.0,7.8609,11.1591,7.95,Available
D0054,2026-04-01,74.36,67.57,0.65,3.69,1.83,0.0,9.0841,11.6107,7.85,Available
D0054,2026-05-01,65.85,65.12,0.61,2.45,1.74,0.0,9.3175,11.254,7.33,Available
D0054,2026-06-01,65.95,62.9,0.57,2.22,1.67,0.0,7.6375,10.8666,6.84,Available
D0054,2026-07-01,62.83,60.68,0.63,2.22,1.62,0.17,9.0092,12.4991,7.58,Available
D0055,2024-05-01,165.54,150.48,1.27,4.81,4.06,0.0,7.0636,10.1455,15.27,Available
D0055,2024-06-01,155.11,143.56,1.21,6.92,3.93,0.0,7.0068,10.1481,14.57,Available
D0055,2024-07-01,156.3,139.0,1.05,4.56,3.75,1.75,6.845,9.0253,12.55,Available
D0055,2024-08-01,151.14,134.54,0.92,4.46,3.63,0.0,6.2568,8.2201,11.06,Available
D0055,2024-09-01,137.24,130.61,0.91,3.93,3.52,0.0,5.9982,8.3151,10.86,Available
D0055,2024-10-01,138.66,126.57,0.97,4.04,3.42,0.0,6.5844,9.1736,11.61,Available
D0055,2024-11-01,131.47,122.36,1.13,4.21,3.31,0.0,7.8678,11.0896,13.57,Available
D0055,2024-12-01,125.23,118.54,1.09,3.82,3.2,0.0,7.9591,10.9882,13.03,Available
D0055,2025-01-01,116.23,114.75,0.97,3.79,3.1,0.0,7.2914,10.1392,11.63,Available
D0055,2025-02-01,112.71,110.96,0.86,3.79,3.0,0.0,6.9119,9.3065,10.33,Available
D0055,2025-03-01,123.3,107.47,0.74,3.49,2.9,0.0,6.4498,8.2982,8.92,Available
D0055,2025-04-01,112.43,104.09,0.75,3.38,2.81,0.0,6.0802,8.6953,9.05,Available
D0055,2025-05-01,115.43,100.99,0.81,3.1,2.72,0.0,6.4233,9.6595,9.76,Available
D0055,2025-06-01,101.0,97.63,0.73,3.36,2.64,0.0,6.0872,8.9708,8.76,Available
D0055,2025-07-01,103.82,94.62,0.86,3.01,2.55,0.0,7.4885,10.9266,10.34,Available
D0055,2025-08-01,92.78,91.63,0.65,2.99,2.47,0.0,6.8829,8.5149,7.8,Available
D0055,2025-09-01,89.93,88.71,0.79,2.92,2.4,2.0,7.9184,10.7281,9.52,Available
D0055,2025-10-01,98.61,86.06,0.69,2.65,2.32,0.0,7.0348,9.6133,8.27,Available
D0055,2025-11-01,92.17,83.19,0.73,2.87,2.25,0.0,7.834,10.562,8.79,Available
D0055,2025-12-01,87.56,80.61,0.68,2.58,2.18,0.0,6.906,10.12,8.16,Available
D0055,2026-01-01,80.4,78.1,0.67,2.51,2.11,0.0,7.731,10.2632,8.02,Available
D0055,2026-02-01,77.97,75.85,0.58,2.25,2.04,0.0,6.9412,9.2384,7.01,Available
D0055,2026-03-01,77.57,73.59,0.69,2.26,1.98,0.0,7.9302,11.2196,8.26,Available
D0055,2026-04-01,72.69,71.35,0.5,2.24,1.92,0.0,6.8516,8.4129,6.0,Available
D0055,2026-05-01,78.79,69.11,0.53,2.24,1.87,0.0,7.2409,9.2433,6.39,Available
D0055,2026-06-01,73.33,66.92,0.47,2.19,1.81,0.0,6.3595,8.4478,5.65,Available
D0055,2026-07-01,73.4,64.96,0.53,1.96,1.75,0.0,7.4515,9.7343,6.32,Available
D0056,2024-11-01,285.73,259.26,2.13,14.08,12.57,0.0,8.1812,9.8404,25.51,Available
D0056,2024-12-01,252.49,246.3,1.82,12.96,11.92,3.57,6.6821,8.8688,21.84,Available
D0056,2025-01-01,261.55,234.1,2.07,12.2,11.33,0.0,8.0655,10.625,24.87,Available
D0056,2025-02-01,234.89,222.67,1.79,11.43,10.77,0.0,7.3901,9.6725,21.54,Available
D0056,2025-03-01,230.92,211.57,1.58,11.1,10.24,0.0,6.8098,8.9586,18.95,Available
D0056,2025-04-01,219.56,200.79,1.77,10.78,9.73,0.0,8.4948,10.608,21.3,Available
D0056,2025-05-01,207.58,190.47,1.61,10.32,9.23,0.0,6.8452,10.173,19.38,Available
D0056,2025-06-01,183.53,181.19,1.68,9.28,8.76,0.0,8.038,11.1249,20.16,Available
D0056,2025-07-01,177.46,172.23,1.64,8.96,8.33,0.0,8.295,11.4502,19.72,Available
D0056,2025-08-01,187.23,163.86,1.45,8.37,7.92,0.0,7.671,10.6267,17.41,Available
D0056,2025-09-01,177.71,155.49,1.45,8.37,7.54,0.0,8.4779,11.2194,17.45,Available
D0056,2025-10-01,164.69,147.51,1.06,7.98,7.15,0.0,6.9705,8.6448,12.75,Available
D0056,2025-11-01,152.95,140.22,1.18,7.29,6.78,2.93,7.4626,10.0856,14.14,Available
D0056,2025-12-01,144.58,129.66,1.09,10.56,6.45,0.0,7.4815,10.0971,13.09,Available
D0056,2026-01-01,130.68,123.0,1.0,6.66,5.96,0.0,6.6842,9.7359,11.98,Available
D0056,2026-02-01,121.58,116.69,0.93,6.31,5.66,0.0,7.0014,9.5792,11.18,Available
D0056,2026-03-01,115.69,111.03,0.91,5.66,5.37,0.0,6.5437,9.83,10.91,Available
D0056,2026-04-01,118.69,105.39,0.87,5.64,5.11,0.0,6.7764,9.8516,10.38,Available
D0056,2026-05-01,110.54,100.13,0.83,5.26,4.85,0.0,8.2727,9.9387,9.95,Available
D0056,2026-06-01,99.72,95.33,0.81,4.8,4.6,0.0,8.4312,10.2431,9.76,Available
D0056,2026-07-01,101.77,90.55,0.82,4.78,4.38,0.0,8.0372,10.8225,9.8,Available
D0057,2024-07-01,237.51,216.9,1.84,11.81,11.38,0.0,7.6189,10.1625,22.04,Available
D0057,2024-08-01,224.51,205.49,1.81,11.41,10.79,0.0,8.0113,10.5509,21.68,Available
D0057,2024-09-01,222.1,194.74,1.55,10.75,10.22,0.0,6.6538,9.5345,18.57,Available
D0057,2024-10-01,205.08,184.42,1.59,10.32,9.69,0.0,7.9947,10.3213,19.03,Available
D0057,2024-11-01,199.56,174.68,1.28,9.74,9.17,0.0,6.7415,8.8173,15.4,Available
D0057,2024-12-01,169.02,165.7,1.2,8.98,8.69,0.0,6.9645,8.6762,14.38,Available
D0057,2025-01-01,171.94,157.22,1.32,8.48,8.24,0.0,7.2897,10.0435,15.79,Available
D0057,2025-02-01,153.51,148.95,1.27,8.27,7.82,0.0,7.7493,10.2284,15.24,Available
D0057,2025-03-01,155.34,141.25,1.26,7.7,7.41,0.0,7.7719,10.6842,15.09,Available
D0057,2025-04-01,145.3,134.0,1.28,7.25,7.03,0.0,8.0593,11.5059,15.42,Available
D0057,2025-05-01,128.86,127.14,1.09,6.86,6.66,0.0,8.5146,10.2995,13.09,Available
D0057,2025-06-01,122.27,120.42,0.93,6.72,6.32,0.0,7.2646,9.2468,11.13,Available
D0057,2025-07-01,117.73,114.05,1.01,6.37,5.99,2.21,8.2289,10.6432,12.14,Available
D0057,2025-08-01,121.64,108.06,0.84,5.99,5.67,0.0,7.4149,9.2872,10.04,Available
D0057,2025-09-01,,,,,,,,,,Incomplete
D0057,2025-10-01,101.7,97.28,0.69,5.24,5.1,0.0,6.8723,8.523,8.29,Available
D0057,2025-11-01,103.23,92.3,0.87,4.98,4.84,0.0,7.8526,11.2809,10.41,Available
D0057,2025-12-01,93.57,87.49,0.82,4.81,4.59,0.7,8.3357,11.2853,9.87,Available
D0057,2026-01-01,87.08,82.94,0.67,4.55,4.35,0.0,8.0857,9.6248,7.98,Available
D0057,2026-02-01,89.13,78.6,0.58,4.34,4.13,0.0,7.149,8.882,6.98,Available
D0057,2026-03-01,76.25,74.44,0.61,4.16,3.91,0.0,7.4379,9.8182,7.31,Available
D0057,2026-04-01,72.81,70.54,0.57,3.9,3.7,0.0,6.7587,9.6962,6.84,Available
D0057,2026-05-01,67.09,66.81,0.52,3.73,3.51,1.9,7.5421,9.3034,6.22,Available
D0057,2026-06-01,63.78,63.26,0.53,3.55,3.32,0.0,7.1216,10.0738,6.37,Available
D0057,2026-07-01,61.48,57.47,0.47,5.79,3.15,0.0,6.9583,9.8303,5.65,Available
D0058,2024-05-01,307.19,291.56,2.63,17.15,10.84,0.0,7.973,10.8077,31.51,Available
D0058,2024-06-01,309.82,276.12,2.52,15.44,10.23,0.0,7.8849,10.9656,30.28,Available
D0058,2024-07-01,286.63,263.96,2.34,12.16,9.69,0.0,8.9543,10.6183,28.03,Available
D0058,2024-08-01,283.77,250.95,2.38,13.01,9.27,0.0,7.9863,11.3945,28.59,Available
D0058,2024-09-01,268.75,235.95,2.02,15.0,8.81,0.0,8.4442,10.2792,24.25,Available
D0058,2024-10-01,251.56,222.58,2.11,13.37,8.28,0.0,9.3323,11.3867,25.34,Available
D0058,2024-11-01,234.53,212.63,1.67,9.95,7.81,3.68,7.7456,9.4109,20.01,Available
D0058,2024-12-01,204.59,201.1,1.91,11.53,7.46,0.0,8.4634,11.4269,22.98,Available
D0058,2025-01-01,192.56,189.29,1.58,11.81,7.06,2.33,8.2247,10.004,18.94,Available
D0058,2025-02-01,179.93,178.81,1.91,10.48,6.64,0.0,9.521,12.8476,22.97,Available
D0058,2025-03-01,182.11,170.89,1.54,7.92,6.28,0.0,8.2448,10.8031,18.46,Available
D0058,2025-04-01,169.85,160.68,1.48,10.21,6.0,0.0,9.1428,11.0277,17.72,Available
D0058,2025-05-01,165.63,153.62,1.34,7.06,5.64,0.0,8.3997,10.5026,16.13,Available
D0058,2025-06-01,153.4,144.82,1.48,8.8,5.39,0.0,9.6846,12.3014,17.81,Available
D0058,2025-07-01,148.36,136.18,1.23,8.64,5.08,0.0,9.0767,10.846,14.77,Available
D0058,2025-08-01,137.01,130.18,1.25,6.0,4.78,0.0,8.0363,11.5254,15.0,Available
D0058,2025-09-01,135.88,122.71,1.34,7.47,4.57,0.0,9.7275,13.0889,16.06,Available
D0058,2025-10-01,120.61,116.61,1.08,6.1,4.31,0.0,8.083,11.1357,12.99,Available
D0058,2025-11-01,123.95,111.23,1.01,5.38,4.09,1.83,8.6507,10.9254,12.15,Available
D0058,2025-12-01,106.95,104.74,0.88,6.49,3.9,0.0,8.2447,10.057,10.53,Available
D0058,2026-01-01,104.23,100.06,0.95,4.68,3.68,0.0,8.7714,11.3865,11.39,Available
D0058,2026-02-01,103.01,94.62,0.94,5.44,3.51,0.0,9.5593,11.9117,11.27,Available
D0058,2026-03-01,94.6,90.27,0.72,4.35,3.32,0.0,7.8397,9.5538,8.62,Available
D0058,2026-04-01,97.26,86.07,0.9,4.2,3.17,0.0,9.7148,12.6172,10.86,Available
D0058,2026-05-01,85.54,80.11,0.78,5.96,3.02,2.3,8.6011,11.6379,9.32,Reconciliation Required
D0058,2026-06-01,79.46,75.52,0.73,4.59,2.81,0.0,8.5498,11.6066,8.77,Available
D0058,2026-07-01,79.76,71.12,0.58,4.4,2.65,0.0,8.0468,9.8205,6.98,Available
D0059,2025-04-01,133.65,119.23,0.95,4.18,4.18,0.0,7.6847,9.5991,11.45,Available
D0059,2025-05-01,123.63,115.18,1.03,4.05,4.04,0.0,7.3777,10.7641,12.4,Available
D0059,2025-06-01,119.43,109.68,0.81,5.5,3.9,0.0,7.1975,8.9123,9.78,Available
D0059,2025-07-01,112.46,105.97,0.91,3.71,3.71,0.0,7.7611,10.2778,10.89,Available
D0059,2025-08-01,106.8,102.38,0.78,3.59,3.59,0.0,5.9924,9.1184,9.34,Available
D0059,2025-09-01,101.82,98.9,0.73,3.48,3.47,0.0,7.1288,8.8572,8.76,Available
D0059,2025-10-01,,,,,,,,,,Missing
D0059,2025-11-01,106.14,92.3,0.69,3.24,3.23,0.0,6.8075,8.975,8.28,Available
D0059,2025-12-01,101.5,89.17,0.72,3.13,3.12,0.0,6.3103,9.6878,8.64,Available
D0059,2026-01-01,89.25,86.14,0.64,3.03,3.02,0.0,7.2235,8.8516,7.62,Available
D0059,2026-02-01,94.04,82.15,0.6,3.99,2.92,0.0,7.1004,8.8007,7.23,Available
D0059,2026-03-01,84.93,79.37,0.63,2.78,2.78,0.0,7.0361,9.5074,7.55,Available
D0059,2026-04-01,83.03,76.68,0.67,2.69,2.69,0.0,7.4581,10.4946,8.05,Available
D0059,2026-05-01,77.58,74.08,0.57,2.6,2.6,0.0,6.5371,9.1854,6.8,Available
D0059,2026-06-01,71.98,71.57,0.6,2.51,2.51,0.0,7.419,10.1367,7.25,Available
D0059,2026-07-01,74.64,69.15,0.53,2.42,2.42,0.0,6.1048,9.1715,6.34,Available
D0060,2024-08-01,247.21,236.82,2.51,13.33,9.8,0.0,10.0956,12.7087,30.1,Available
D0060,2024-09-01,241.01,224.83,2.23,11.99,9.28,0.0,10.2867,11.8849,26.72,Available
D0060,2024-10-01,244.9,213.88,2.4,10.95,8.81,0.0,10.494,13.4679,28.81,Available
D0060,2024-11-01,224.07,202.46,1.94,11.42,8.38,6.05,9.9679,11.4972,23.28,Available
D0060,2024-12-01,207.69,192.78,2.13,9.68,7.93,3.82,10.8074,13.2419,25.53,Available
D0060,2025-01-01,200.86,182.63,1.91,10.15,7.55,0.0,10.7502,12.5669,22.95,Available
D0060,2025-02-01,,,,,,,,,,Incomplete
D0060,2025-03-01,177.29,162.75,1.63,9.65,6.75,0.0,9.3581,12.0012,19.53,Available
D0060,2025-04-01,175.87,153.68,1.8,9.07,6.37,0.0,10.6361,14.0881,21.65,Available
D0060,2025-05-01,164.18,145.59,1.57,8.09,6.02,4.05,9.8436,12.9742,18.89,Available
D0060,2025-06-01,146.49,137.2,1.55,8.39,5.7,0.0,10.5835,13.5992,18.66,Available
D0060,2025-07-01,138.86,130.31,1.36,6.89,5.37,2.23,9.9793,12.493,16.28,Available
D0060,2025-08-01,,,,,,,,,,Missing
D0060,2025-09-01,128.83,118.26,1.16,5.81,4.86,0.0,10.0995,11.7698,13.92,Available
D0060,2025-10-01,121.78,111.87,1.11,6.39,4.63,0.0,9.078,11.9267,13.34,Available
D0060,2025-11-01,120.88,105.9,1.03,5.97,4.38,0.48,9.4076,11.6918,12.38,Available
D0060,2025-12-01,110.59,99.9,1.08,6.0,4.15,0.0,10.7737,12.983,12.97,Available
D0060,2026-01-01,107.05,94.32,0.92,5.58,3.91,0.0,10.1508,11.7388,11.07,Available
D0060,2026-02-01,94.29,89.8,0.91,4.52,3.69,0.0,9.4781,12.0945,10.86,Available
D0060,2026-03-01,93.8,85.57,0.85,4.23,3.52,0.0,9.142,11.9593,10.23,Available
D0060,2026-04-01,85.62,80.96,0.88,4.61,3.35,1.71,10.2939,13.0135,10.54,Available
D0061,2024-05-01,238.45,226.94,1.95,13.44,10.0,0.0,8.4821,10.288,23.35,Available
D0061,2024-06-01,223.56,214.7,2.08,12.24,9.44,0.0,8.8837,11.6443,25.0,Available
D0061,2024-07-01,225.05,203.76,1.89,10.94,8.93,4.76,8.8382,11.1385,22.7,Available
D0061,2024-08-01,208.5,193.22,2.02,10.54,8.48,2.29,9.0673,12.5423,24.23,Available
D0061,2024-09-01,177.72,174.76,1.85,18.46,8.04,0.0,9.2223,12.7197,22.23,Available
D0061,2024-10-01,166.58,162.6,1.38,12.16,7.27,0.0,7.3957,10.1759,16.55,Available
D0061,2024-11-01,153.7,153.69,1.37,8.91,6.77,0.0,8.4198,10.7351,16.5,Available
D0061,2024-12-01,162.12,145.14,1.29,8.55,6.4,0.0,8.3479,10.6491,15.46,Available
D0061,2025-01-01,147.77,135.27,1.17,9.87,6.04,3.05,8.3788,10.4032,14.07,Available
D0061,2025-02-01,134.65,126.73,1.26,8.54,5.63,0.0,8.8228,11.8982,15.08,Available
D0061,2025-03-01,128.38,119.16,0.91,7.57,5.27,0.0,7.5073,9.138,10.89,Available
D0061,2025-04-01,126.97,111.76,1.11,7.4,4.96,0.0,9.2863,11.8684,13.26,Available
D0061,2025-05-01,,,,,,,,,,Missing
D0062,2026-01-01,54.38,52.3,0.5,2.44,1.77,0.0,9.141,11.3941,5.96,Available
D0062,2026-02-01,53.66,49.57,0.48,2.73,1.7,1.04,8.7665,11.6595,5.78,Available
D0062,2026-03-01,51.27,47.11,0.41,2.46,1.61,0.0,8.1965,10.3512,4.88,Available
D0062,2026-04-01,49.38,43.83,0.39,3.28,1.53,0.0,8.7318,10.593,4.64,Available
D0062,2026-05-01,44.24,41.3,0.4,2.53,1.42,1.1,9.841,11.5678,4.78,Available
D0062,2026-06-01,41.42,39.1,0.36,2.2,1.34,0.0,8.4246,11.0351,4.31,Available
D0062,2026-07-01,39.16,37.33,0.39,1.77,1.27,0.0,9.73,12.3885,4.62,Available
D0063,2025-11-01,,,,,,,,,,Missing
D0063,2025-12-01,95.43,84.51,0.86,8.41,3.53,1.73,8.9621,12.2682,10.37,Available
D0063,2026-01-01,90.63,80.7,0.7,3.81,3.21,0.0,8.6384,10.4621,8.44,Available
D0063,2026-02-01,77.47,77.13,0.72,3.57,3.07,0.0,8.6238,11.1988,8.64,Available
D0063,2026-03-01,78.03,73.35,0.69,3.78,2.93,0.42,8.4972,11.2144,8.23,Available
D0063,2026-04-01,76.49,69.85,0.61,3.5,2.79,0.0,8.7475,10.5091,7.34,Available
D0063,2026-05-01,70.24,66.76,0.61,3.09,2.65,0.0,8.2448,10.9521,7.31,Available
D0063,2026-06-01,65.42,63.96,0.51,2.8,2.54,0.0,7.7988,9.5356,6.1,Available
D0063,2026-07-01,62.15,60.92,0.52,3.04,2.43,0.87,8.1967,10.3179,6.29,Available
D0064,2026-05-01,,,,,,,,,,Incomplete
D0064,2026-06-01,4.77,4.2,0.03,0.13,0.13,0.0,6.9433,8.4555,0.36,Available
D0064,2026-07-01,4.2,4.08,0.04,0.12,0.12,0.06,7.9409,10.5586,0.43,Available
D0065,2025-02-01,14.07,13.79,0.09,0.46,0.32,0.0,5.708,7.7544,1.07,Available
D0065,2025-03-01,13.49,13.27,0.09,0.52,0.31,0.0,6.72,8.5145,1.13,Available
D0065,2025-04-01,13.69,12.86,0.09,0.41,0.3,0.0,5.801,7.9853,1.03,Available
D0065,2025-05-01,13.91,12.39,0.09,0.47,0.29,0.0,6.6476,8.8483,1.1,Available
D0065,2025-06-01,13.14,11.9,0.1,0.49,0.28,0.0,7.3142,10.1577,1.21,Available
D0065,2025-07-01,11.57,11.52,0.07,0.38,0.27,0.0,5.6101,7.6468,0.88,Available
D0065,2025-08-01,12.62,11.16,0.09,0.36,0.26,0.0,6.6356,9.6151,1.07,Available
D0065,2025-09-01,11.3,10.84,0.08,0.32,0.25,0.0,5.7007,9.1702,0.99,Available
D0065,2025-10-01,11.98,10.44,0.08,0.4,0.24,0.0,5.6898,8.6567,0.9,Available
D0065,2025-11-01,11.06,10.04,0.08,0.4,0.23,0.0,6.241,9.0311,0.91,Available
D0065,2025-12-01,10.94,9.74,0.08,0.3,0.22,0.0,6.4922,9.3624,0.91,Available
D0065,2026-01-01,10.43,9.11,0.08,0.63,0.22,0.0,7.4355,10.5036,0.96,Available
D0065,2026-02-01,10.13,8.83,0.08,0.28,0.2,0.0,6.7968,10.2855,0.91,Available
D0065,2026-03-01,8.81,8.52,0.06,0.31,0.2,0.0,5.7824,7.9444,0.68,Available
D0065,2026-04-01,8.37,8.28,0.06,0.24,0.19,0.0,6.3013,8.009,0.66,Available
D0065,2026-05-01,9.19,8.0,0.07,0.28,0.19,0.0,7.4361,9.7861,0.78,Available
D0065,2026-06-01,8.37,7.75,0.06,0.25,0.18,0.0,7.0462,8.6532,0.67,Available
D0065,2026-07-01,8.34,7.46,0.05,0.29,0.17,0.0,6.3309,8.7316,0.65,Available
D0066,2025-04-01,104.83,97.02,0.95,4.18,2.35,0.0,9.9627,11.7094,11.36,Available
D0066,2025-05-01,101.64,93.51,1.03,3.51,2.25,0.0,10.478,13.2222,12.36,Available
D0066,2025-06-01,94.25,90.11,0.93,3.4,2.17,0.0,9.7213,12.419,11.19,Available
D0066,2025-07-01,95.77,86.89,1.03,3.22,2.09,0.0,11.0407,14.2202,12.36,Available
D0066,2025-08-01,96.2,84.05,0.83,2.84,2.02,0.0,9.277,11.8579,9.97,Available
D0066,2025-09-01,86.86,81.37,0.82,2.68,1.95,0.0,10.1365,12.0893,9.84,Available
D0066,2025-10-01,85.2,78.71,0.91,2.66,1.89,0.0,11.0245,13.8166,10.88,Available
D0066,2025-11-01,85.26,75.45,0.8,3.26,1.83,0.0,10.8298,12.6746,9.56,Reconciliation Required
D0066,2025-12-01,73.8,72.53,0.76,2.92,1.75,0.0,10.9586,12.5482,9.1,Available
D0066,2026-01-01,69.78,69.31,0.73,3.22,1.68,0.0,10.3274,12.5862,8.72,Available
D0066,2026-02-01,,,,,,,,,,Incomplete
D0066,2026-03-01,65.34,64.44,0.71,2.07,1.54,0.0,10.8713,13.1387,8.47,Available
D0066,2026-04-01,70.69,61.93,0.65,2.51,1.5,0.0,10.6114,12.5993,7.8,Available
D0066,2026-05-01,64.4,59.49,0.63,2.44,1.44,0.0,9.6839,12.7168,7.57,Available
D0066,2026-06-01,57.52,57.49,0.56,2.0,1.38,0.55,9.8974,11.5927,6.66,Available
D0066,2026-07-01,61.81,55.06,0.5,2.43,1.33,0.0,9.418,10.925,6.02,Available
D0067,2025-09-01,200.01,187.82,1.43,6.65,5.52,0.0,7.5441,9.1363,17.16,Available
D0067,2025-10-01,191.48,181.39,1.49,6.43,5.33,0.0,7.54,9.826,17.82,Available
D0067,2025-11-01,174.84,174.8,1.59,6.59,5.15,0.0,7.4648,10.9384,19.12,Available
D0067,2025-12-01,184.56,168.89,1.34,5.91,4.96,0.0,7.5174,9.5551,16.14,Available
D0067,2026-01-01,167.8,162.86,1.53,6.03,4.79,0.0,8.9607,11.3001,18.4,Available
D0067,2026-02-01,168.13,157.3,1.42,5.56,4.62,0.0,8.5395,10.8163,17.01,Available
D0067,2026-03-01,,,,,,,,,,Missing
D0067,2026-04-01,154.41,146.27,1.26,5.81,4.31,0.0,8.1213,10.3495,15.14,Available
D0067,2026-05-01,156.17,141.46,1.26,4.81,4.15,0.0,8.4411,10.6952,15.13,Available
D0067,2026-06-01,146.3,136.96,1.3,4.5,4.01,0.0,7.9469,11.4234,15.65,Available
D0067,2026-07-01,133.71,132.15,1.18,4.81,3.89,0.0,8.5897,10.6952,14.13,Available
D0068,2025-09-01,24.78,21.63,0.17,1.43,1.05,0.51,7.0276,9.5486,2.07,Available
D0068,2025-10-01,21.49,20.32,0.15,1.31,0.99,0.0,6.2541,8.7307,1.77,Available
D0068,2025-11-01,19.47,19.21,0.13,1.11,0.93,0.0,6.46,8.2493,1.58,Available
D0068,2025-12-01,19.36,18.07,0.15,1.14,0.88,0.0,7.4246,10.1309,1.83,Available
D0068,2026-01-01,18.94,17.09,0.13,0.98,0.82,0.0,5.7586,9.0264,1.54,Available
D0068,2026-02-01,17.93,15.94,0.11,1.15,0.78,0.0,6.388,8.6337,1.38,Available
D0068,2026-03-01,16.93,14.98,0.1,0.96,0.73,0.0,6.594,8.3467,1.25,Available
D0068,2026-04-01,15.69,14.19,0.1,0.79,0.68,0.02,6.4858,8.4249,1.2,Available
D0068,2026-05-01,15.1,13.37,0.09,0.82,0.65,0.0,6.0954,8.1523,1.09,Available
D0068,2026-06-01,13.09,12.56,0.1,0.81,0.61,0.0,5.9752,9.2462,1.16,Available
D0068,2026-07-01,12.6,11.8,0.09,0.76,0.57,0.18,7.4282,9.4518,1.12,Available
D0069,2026-04-01,193.83,173.38,1.41,9.39,4.15,4.02,8.1175,9.7493,16.9,Available
D0069,2026-05-01,165.54,165.51,1.4,7.87,3.94,0.0,7.8977,10.1413,16.78,Available
D0069,2026-06-01,176.36,158.58,1.3,6.93,3.76,3.13,7.5,9.8548,15.63,Available
D0069,2026-07-01,155.37,152.26,1.32,6.32,3.6,0.0,7.2488,10.3904,15.82,Available
D0070,2026-02-01,147.94,131.56,1.39,4.27,2.9,0.0,9.3823,12.6944,16.7,Available
D0070,2026-03-01,131.41,127.08,1.25,4.48,2.8,0.0,8.9272,11.8255,15.03,Available
D0070,2026-04-01,138.65,122.85,1.14,4.23,2.71,0.0,9.2393,11.166,13.72,Available
D0070,2026-05-01,120.56,118.99,1.32,3.86,2.62,0.0,10.1189,13.2916,15.82,Available
D0070,2026-06-01,118.79,115.11,1.18,3.88,2.54,0.7,9.7283,12.3051,14.16,Available
D0070,2026-07-01,115.19,108.62,1.05,6.49,2.45,0.0,8.8006,11.6286,12.63,Available
D0071,2025-07-01,123.31,110.63,0.84,4.79,4.68,0.0,7.0601,9.0722,10.04,Available
D0071,2025-08-01,121.59,106.02,0.96,4.61,4.48,0.0,7.659,10.8831,11.54,Available
D0071,2025-09-01,105.37,101.54,0.87,4.48,4.3,0.0,7.3419,10.2774,10.44,Available
D0071,2025-10-01,102.85,97.27,0.85,4.27,4.12,0.0,7.4262,10.5266,10.24,Available
D0071,2025-11-01,97.76,93.14,0.66,4.13,3.94,0.0,5.95,8.5304,7.95,Available
D0071,2025-12-01,93.68,89.19,0.7,3.95,3.78,0.0,6.9931,9.3911,8.38,Available
D0071,2026-01-01,85.83,85.39,0.56,3.8,3.62,0.0,6.3216,7.8411,6.7,Available
D0071,2026-02-01,82.11,81.77,0.59,3.62,3.46,0.0,6.5221,8.641,7.07,Available
D0071,2026-03-01,82.95,78.39,0.61,3.38,3.31,2.34,6.8546,9.3696,7.34,Available
D0071,2026-04-01,79.46,75.08,0.55,3.31,3.18,0.0,6.3717,8.7621,6.58,Available
D0071,2026-05-01,75.37,71.97,0.59,3.11,3.04,0.0,6.538,9.8768,7.11,Available
D0071,2026-06-01,75.87,68.97,0.52,3.0,2.92,0.0,5.7836,9.0695,6.26,Available
D0071,2026-07-01,74.56,66.04,0.41,2.93,2.8,0.71,5.856,7.3772,4.87,Available
D0072,2026-05-01,6.0,5.7,0.05,0.33,0.26,0.0,7.279,10.592,0.6,Available
D0072,2026-06-01,5.72,5.37,0.04,0.33,0.24,0.0,7.3588,9.5384,0.51,Available
D0072,2026-07-01,5.49,5.04,0.04,0.33,0.23,0.0,8.7575,10.5158,0.53,Available
D0073,2025-03-01,57.48,50.1,0.41,1.54,1.11,1.0,8.2615,9.8578,4.94,Available
D0073,2025-04-01,55.14,48.6,0.42,1.5,1.08,0.0,8.4773,10.3838,5.05,Available
D0073,2025-05-01,51.63,47.29,0.44,1.31,1.04,0.0,9.491,11.0822,5.24,Available
D0073,2025-06-01,47.54,46.01,0.4,1.28,1.02,0.0,8.6931,10.3807,4.78,Available
D0073,2025-07-01,49.58,44.57,0.41,1.44,0.99,0.0,8.8291,11.0213,4.91,Available
D0073,2025-08-01,45.88,43.24,0.39,1.33,0.96,0.0,9.1442,10.7107,4.63,Available
D0073,2025-09-01,44.8,41.4,0.39,1.84,0.93,0.0,8.0342,11.3519,4.7,Available
D0073,2025-10-01,46.26,40.25,0.39,1.15,0.89,0.0,8.3634,11.6543,4.69,Available
D0073,2025-11-01,44.02,39.05,0.37,1.2,0.86,0.0,9.4844,11.3721,4.44,Available
D0073,2025-12-01,40.49,37.88,0.38,1.17,0.84,0.0,9.879,12.1643,4.61,Available
D0073,2026-01-01,36.77,36.71,0.36,1.17,0.81,0.0,9.5986,11.7945,4.33,Available
D0073,2026-02-01,37.98,35.53,0.33,1.18,0.79,0.0,9.1377,11.2094,3.98,Available
D0073,2026-03-01,35.63,34.5,0.34,1.03,0.76,0.0,8.7746,11.8328,4.08,Available
D0073,2026-04-01,36.8,33.56,0.31,0.94,0.74,0.0,8.3451,10.9877,3.69,Available
D0073,2026-05-01,33.84,31.86,0.28,1.7,0.72,0.0,8.0018,10.6134,3.38,Available
D0073,2026-06-01,34.76,31.06,0.3,0.8,0.68,0.0,9.1519,11.54,3.58,Available
D0073,2026-07-01,31.8,30.28,0.28,0.78,0.67,0.0,7.9694,11.2936,3.42,Available
D0074,2025-01-01,137.75,124.04,0.97,7.65,6.1,0.0,7.5179,9.3599,11.61,Available
D0074,2025-02-01,131.3,117.17,0.83,6.87,5.74,0.0,6.2037,8.5419,10.01,Available
D0074,2025-03-01,115.34,111.08,0.84,6.09,5.42,0.0,7.1826,9.0557,10.06,Available
D0074,2025-04-01,116.72,104.2,0.68,6.88,5.14,0.0,6.0753,7.8044,8.13,Available
D0074,2025-05-01,101.02,98.53,0.85,5.67,4.82,0.0,7.5119,10.4127,10.26,Available
D0074,2025-06-01,94.47,92.74,0.67,5.79,4.56,0.0,6.0762,8.6251,8.0,Available
D0074,2025-07-01,90.7,85.13,0.67,7.61,4.29,0.0,7.6772,9.4013,8.0,Available
D0074,2025-08-01,85.98,80.39,0.59,4.74,3.94,0.0,6.1286,8.7666,7.05,Available
D0074,2025-09-01,84.63,76.07,0.62,4.32,3.72,0.0,6.8565,9.7742,7.44,Available
D0074,2025-10-01,72.06,71.34,0.58,4.73,3.52,0.0,6.4913,9.7075,6.93,Available
D0074,2025-11-01,70.49,67.15,0.56,4.19,3.3,0.97,7.5452,10.0633,6.76,Available
D0074,2025-12-01,63.02,63.01,0.47,4.14,3.11,0.26,6.4452,8.8987,5.61,Available
D0074,2026-01-01,60.79,59.58,0.47,3.43,2.92,0.0,6.0368,9.4956,5.66,Available
D0074,2026-02-01,62.64,56.45,0.41,3.13,2.76,0.0,5.9152,8.7249,4.93,Available
D0074,2026-03-01,57.57,52.98,0.41,3.47,2.61,0.0,5.9421,9.3552,4.96,Available
D0074,2026-04-01,54.55,49.81,0.34,3.17,2.45,0.0,6.4204,8.1756,4.07,Available
D0074,2026-05-01,50.16,47.06,0.31,2.75,2.31,0.0,6.1852,7.9464,3.74,Available
D0074,2026-06-01,50.07,44.12,0.33,2.94,2.18,0.0,7.1441,9.032,3.98,Available
D0074,2026-07-01,41.6,41.58,0.32,2.54,2.04,0.0,7.0757,9.3674,3.89,Available
D0075,2024-10-01,111.76,102.75,0.91,5.5,5.36,0.0,8.3308,10.6266,10.92,Available
D0075,2024-11-01,98.88,97.57,0.93,5.18,5.09,0.0,7.9465,11.4278,11.15,Available
D0075,2024-12-01,93.16,92.59,0.92,4.98,4.83,0.0,8.6529,11.8833,11.0,Available
D0075,2025-01-01,91.15,87.88,0.65,4.71,4.59,0.0,7.3618,8.9201,7.84,Available
D0075,2025-02-01,84.44,83.42,0.71,4.46,4.35,0.0,8.4662,10.2679,8.57,Available
D0075,2025-03-01,89.65,79.15,0.76,4.27,4.13,0.0,9.1382,11.4499,9.06,Available
D0075,2025-04-01,75.61,75.15,0.66,4.0,3.92,0.0,7.3419,10.5959,7.96,Available
D0075,2025-05-01,72.0,71.35,0.59,3.8,3.72,0.0,7.6416,9.8657,7.04,Available
D0075,2025-06-01,71.7,67.72,0.71,3.63,3.53,0.0,9.1776,12.6082,8.54,Available
D0075,2025-07-01,67.23,64.31,0.55,3.41,3.35,0.0,8.1149,10.3025,6.63,Available
D0075,2025-08-01,68.71,61.07,0.55,3.24,3.19,0.0,8.4793,10.847,6.62,Available
D0075,2025-09-01,64.37,57.95,0.54,3.12,3.02,0.0,7.9191,11.2584,6.52,Available
D0075,2025-10-01,59.24,55.01,0.53,2.94,2.87,0.0,9.0472,11.5766,6.37,Available
D0075,2025-11-01,57.14,52.26,0.42,2.75,2.72,0.93,7.8755,9.5717,5.0,Available
D0075,2025-12-01,52.43,49.6,0.44,2.66,2.59,1.06,7.934,10.5758,5.25,Available
D0075,2026-01-01,49.07,47.08,0.44,2.52,2.46,0.0,7.8097,11.2345,5.29,Available
D0075,2026-02-01,46.32,44.67,0.39,2.41,2.33,0.0,8.5207,10.4924,4.69,Available
D0075,2026-03-01,44.79,40.71,0.34,3.96,2.21,0.0,7.8372,10.0689,4.1,Available
D0075,2026-04-01,40.93,38.67,0.34,2.04,2.02,0.0,7.5229,10.5796,4.09,Available
D0075,2026-05-01,40.67,36.7,0.35,1.97,1.92,0.0,8.4472,11.3714,4.17,Available
D0075,2026-06-01,37.11,34.83,0.36,1.87,1.82,0.35,8.8513,12.2854,4.28,Available
D0075,2026-07-01,34.93,33.04,0.3,1.79,1.73,0.0,7.7937,10.8475,3.58,Available
D0076,2024-07-01,197.49,197.26,1.81,10.3,9.18,0.0,8.0957,10.9912,21.68,Available
D0076,2024-08-01,197.41,186.26,1.3,11.0,8.72,2.84,6.5105,8.3812,15.61,Available
D0076,2024-09-01,178.94,175.96,1.46,10.3,8.23,0.0,7.5358,9.9292,17.47,Available
D0076,2024-10-01,182.18,167.4,1.49,8.56,7.78,0.0,7.6608,10.7146,17.94,Available
D0076,2024-11-01,165.34,159.02,1.44,8.38,7.4,0.0,8.0347,10.8701,17.29,Available
D0076,2024-12-01,168.64,151.04,1.14,7.98,7.03,0.0,7.3091,9.0418,13.66,Available
D0076,2025-01-01,153.28,143.43,1.21,7.61,6.68,0.0,7.3147,10.1303,14.53,Available
D0076,2025-02-01,145.41,135.35,1.11,8.08,6.34,0.0,6.8488,9.8105,13.28,Available
D0076,2025-03-01,146.01,128.37,0.97,6.98,5.98,0.31,6.6802,9.0735,11.65,Available
D0076,2025-04-01,125.01,121.79,0.99,6.58,5.67,0.0,6.8241,9.8023,11.94,Available
D0076,2025-05-01,123.97,115.35,0.97,6.44,5.38,0.0,6.7794,10.06,11.6,Available
D0076,2025-06-01,120.92,109.56,0.83,5.79,5.1,0.0,6.2725,9.1259,10.0,Available
D0076,2025-07-01,105.99,103.93,0.76,5.63,4.84,0.0,6.3301,8.7557,9.1,Available
D0076,2025-08-01,99.19,98.28,0.83,5.65,4.59,0.0,8.1332,10.1905,10.02,Available
D0076,2025-09-01,100.2,92.73,0.79,5.55,4.34,0.0,7.835,10.2137,9.47,Available
D0076,2025-10-01,,,,,,,,,,Incomplete
D0076,2025-11-01,88.63,82.87,0.68,4.61,3.87,0.0,8.0086,9.8812,8.19,Available
D0076,2025-12-01,88.06,78.71,0.68,4.16,3.66,0.0,7.6866,10.3339,8.13,Available
D0076,2026-01-01,76.58,74.74,0.58,3.97,3.48,0.0,6.7517,9.2405,6.91,Available
D0076,2026-02-01,75.2,71.04,0.55,3.7,3.3,0.0,6.7216,9.2578,6.58,Reconciliation Required
D0076,2026-03-01,70.08,67.58,0.53,3.46,3.14,0.0,6.8777,9.347,6.32,Available
D0076,2026-04-01,72.82,64.08,0.5,3.5,2.99,0.0,6.4204,9.2862,5.95,Available
D0076,2026-05-01,69.05,60.89,0.53,3.19,2.83,0.0,7.6863,10.4182,6.34,Available
D0076,2026-06-01,64.63,57.85,0.48,3.04,2.69,0.0,6.7576,9.9142,5.74,Available
D0076,2026-07-01,55.15,54.86,0.46,2.99,2.56,0.0,7.9658,10.1658,5.58,Available
D0077,2024-11-01,214.88,199.73,1.44,4.76,4.65,0.0,6.9342,8.6758,17.33,Available
D0077,2024-12-01,197.85,194.93,1.52,4.8,4.54,0.0,7.5272,9.3391,18.2,Available
D0077,2025-01-01,208.26,190.22,1.5,4.71,4.43,0.0,6.5845,9.44,17.96,Available
D0077,2025-02-01,205.49,185.78,1.42,4.44,4.33,0.0,6.8264,9.1959,17.08,Available
D0077,2025-03-01,184.86,181.3,1.64,4.48,4.23,0.0,7.8614,10.8689,19.71,Available
D0077,2025-04-01,201.33,176.92,1.71,4.38,4.12,0.0,8.2045,11.6091,20.54,Available
D0077,2025-05-01,198.36,172.7,1.25,4.22,4.02,0.0,6.5157,8.7079,15.04,Available
D0077,2025-06-01,173.11,168.59,1.46,4.11,3.93,0.0,7.1393,10.3598,17.47,Available
D0077,2025-07-01,169.81,164.6,1.48,3.99,3.84,0.0,7.2741,10.7602,17.71,Available
D0077,2025-08-01,179.88,160.63,1.26,3.97,3.74,0.0,6.9293,9.3869,15.08,Available
D0077,2025-09-01,159.26,156.8,1.26,3.83,3.65,0.0,7.1427,9.6263,15.09,Available
D0077,2025-10-01,168.08,153.08,1.23,3.72,3.57,0.0,6.6104,9.6547,14.78,Available
D0078,2026-02-01,75.31,68.49,0.82,2.11,2.1,0.0,11.2553,14.3244,9.81,Available
D0078,2026-03-01,74.31,66.43,0.79,2.06,2.04,0.0,11.2435,14.2045,9.44,Available
D0078,2026-04-01,68.01,64.45,0.66,1.98,1.97,0.0,9.4964,12.3158,7.94,Available
D0078,2026-05-01,66.53,62.51,0.61,1.94,1.92,0.0,9.5334,11.7178,7.32,Available
D0078,2026-06-01,,,,,,,,,,Missing
D0078,2026-07-01,60.02,58.81,0.58,1.82,1.8,0.0,10.4157,11.9168,7.01,Available
D0079,2024-12-01,147.11,145.15,1.49,4.81,4.14,0.0,9.3378,12.2957,17.85,Available
D0079,2025-01-01,147.75,139.32,1.4,5.83,4.01,0.0,8.67,12.0633,16.81,Available
D0079,2025-02-01,137.4,134.08,1.16,5.24,3.85,0.0,8.4836,10.4148,13.96,Available
D0079,2025-03-01,141.87,129.23,1.05,4.85,3.7,0.0,7.989,9.7527,12.6,Available
D0079,2025-04-01,133.98,125.07,1.06,4.16,3.57,0.0,7.6023,10.1718,12.72,Available
D0079,2025-05-01,133.33,120.69,1.15,4.38,3.45,3.41,8.1601,11.4603,13.83,Available
D0079,2025-06-01,133.41,116.71,1.05,3.98,3.33,0.0,8.8724,10.7492,12.55,Available
D0079,2025-07-01,114.23,112.19,1.02,4.52,3.22,0.0,9.2806,10.872,12.2,Available
D0079,2025-08-01,116.88,107.78,1.1,4.41,3.1,0.0,8.7737,12.2601,13.21,Available
D0079,2025-09-01,112.18,103.47,1.02,4.31,2.98,0.0,9.5276,11.8693,12.28,Available
D0079,2025-10-01,108.77,99.88,0.95,3.59,2.86,0.0,8.7282,11.373,11.36,Available
D0079,2025-11-01,105.86,95.92,0.88,3.96,2.76,0.0,8.7587,10.9538,10.51,Available
D0079,2025-12-01,90.13,89.62,0.79,6.3,2.65,0.0,8.1319,10.5724,9.47,Reconciliation Required
D0079,2026-01-01,87.42,86.0,0.72,3.62,2.47,0.0,7.6042,9.987,8.59,Available
D0079,2026-02-01,91.4,82.77,0.76,3.23,2.37,0.0,9.0845,10.9963,9.1,Available
D0079,2026-03-01,84.54,79.6,0.73,3.17,2.29,0.0,9.207,11.0292,8.78,Available
D0079,2026-04-01,84.01,76.85,0.75,2.75,2.2,0.0,8.3018,11.6341,8.94,Available
D0079,2026-05-01,78.85,74.02,0.62,2.83,2.12,0.0,7.6848,10.0127,7.41,Available
D0079,2026-06-01,74.21,71.45,0.6,2.57,2.04,1.98,8.0393,10.1541,7.26,Available
D0079,2026-07-01,76.36,68.61,0.59,2.84,1.97,0.0,7.674,10.3522,7.1,Available
D0080,2024-07-01,162.81,156.61,1.44,6.22,4.44,0.0,7.8082,11.0623,17.32,Available
D0080,2024-08-01,157.11,149.74,1.36,6.87,4.27,0.0,9.2778,10.8733,16.28,Available
D0080,2024-09-01,159.89,143.32,1.29,6.42,4.08,4.25,8.232,10.7984,15.48,Available
D0080,2024-10-01,154.99,136.66,1.24,6.66,3.91,0.0,9.3628,10.8788,14.87,Available
D0080,2024-11-01,138.18,131.72,1.12,4.94,3.73,0.0,8.6125,10.1992,13.43,Available
D0080,2024-12-01,135.19,126.24,1.08,5.48,3.59,0.0,8.0013,10.2424,12.93,Available
D0080,2025-01-01,128.2,120.38,1.16,5.86,3.44,0.0,9.4842,11.5405,13.89,Available
D0080,2025-02-01,117.1,114.67,1.11,5.71,3.28,0.0,8.4369,11.5828,13.28,Available
D0080,2025-03-01,124.33,110.15,0.97,4.52,3.13,0.0,8.1023,10.5252,11.59,Available
D0080,2025-04-01,118.84,105.55,0.98,4.6,3.0,0.0,8.4053,11.1613,11.78,Available
D0080,2025-05-01,115.42,101.1,0.88,4.45,2.88,0.0,7.7246,10.4436,10.56,Available
D0080,2025-06-01,98.34,97.11,0.91,3.99,2.76,0.0,8.9155,11.1913,10.87,Available
D0080,2025-07-01,104.6,93.03,0.84,4.08,2.65,0.0,8.9768,10.8439,10.09,Available
D0080,2025-08-01,91.39,88.95,0.86,4.08,2.54,0.0,9.1802,11.5952,10.31,Available
D0080,2025-09-01,92.02,83.35,0.76,5.6,2.43,0.0,8.4111,10.92,9.1,Available
D0080,2025-10-01,91.9,80.03,0.84,3.32,2.27,0.0,9.5047,12.5876,10.07,Available
D0080,2025-11-01,87.48,76.48,0.77,3.55,2.18,0.0,9.0088,12.0153,9.19,Available
D0080,2025-12-01,73.69,72.98,0.72,3.5,2.09,0.0,8.5954,11.8739,8.67,Available
D0080,2026-01-01,77.72,69.45,0.66,3.53,1.99,0.0,9.4531,11.4099,7.92,Available
D0080,2026-02-01,70.02,66.14,0.57,3.31,1.89,0.0,8.351,10.4117,6.89,Available
D0080,2026-03-01,64.43,63.17,0.52,2.97,1.8,0.0,8.0524,9.9503,6.29,Available
D0080,2026-04-01,69.44,60.45,0.58,2.72,1.72,0.0,9.3011,11.6036,7.01,Available
D0080,2026-05-01,58.21,57.62,0.55,2.83,1.65,0.0,9.0627,11.4996,6.63,Available
D0080,2026-06-01,62.17,55.1,0.42,2.52,1.57,0.0,7.7044,9.2258,5.08,Available
D0080,2026-07-01,53.29,52.84,0.54,2.26,1.5,0.0,8.9396,12.2369,6.47,Available
D0081,2024-04-01,179.35,167.13,1.25,7.9,6.87,0.0,6.9277,8.9443,14.95,Available
D0081,2024-05-01,161.71,160.07,1.32,7.06,6.56,0.63,7.7859,9.8779,15.81,Available
D0081,2024-06-01,175.05,153.06,1.38,7.01,6.28,3.54,7.8583,10.7937,16.52,Available
D0081,2024-07-01,155.74,146.64,1.27,6.42,6.01,0.0,7.1613,10.4186,15.28,Available
D0081,2024-08-01,150.17,140.16,1.08,6.48,5.76,0.0,6.1231,9.2865,13.02,Available
D0081,2024-09-01,152.89,134.07,1.11,6.09,5.5,0.0,6.7954,9.9602,13.35,Available
D0081,2024-10-01,136.87,128.38,1.16,5.69,5.26,0.0,7.5852,10.83,13.9,Available
D0081,2024-11-01,128.65,122.82,0.82,5.56,5.04,0.0,6.1777,8.0375,9.87,Available
D0081,2024-12-01,129.78,117.25,0.96,5.57,4.82,0.0,7.2516,9.8192,11.51,Available
D0081,2025-01-01,121.69,112.05,0.88,5.2,4.6,0.0,7.5418,9.4171,10.55,Available
D0081,2025-02-01,114.39,107.04,0.7,5.01,4.4,0.0,6.0813,7.8198,8.37,Available
D0081,2025-03-01,111.95,102.51,0.9,4.53,4.2,0.0,7.2081,10.5445,10.81,Available
D0081,2025-04-01,102.17,97.89,0.9,4.62,4.02,0.0,7.941,11.0898,10.86,Available
D0081,2025-05-01,102.24,93.58,0.88,4.31,3.84,0.0,7.8329,11.2761,10.55,Reconciliation Required
D0082,2024-08-01,282.26,266.74,2.24,9.21,6.99,0.0,7.5958,10.0803,26.89,Available
D0082,2024-09-01,264.36,258.76,1.99,7.98,6.76,0.0,7.1586,9.2371,23.9,Available
D0082,2024-10-01,282.73,250.76,1.98,8.0,6.56,0.0,6.6978,9.4899,23.8,Available
D0082,2024-11-01,253.87,243.29,1.65,7.47,6.36,0.0,6.2471,8.1518,19.83,Available
D0082,2024-12-01,256.11,234.99,1.7,8.3,6.17,0.0,6.1988,8.697,20.44,Available
D0082,2025-01-01,251.65,228.26,1.92,6.73,5.96,0.0,7.8594,10.1078,23.07,Available
D0082,2025-02-01,235.59,220.75,1.9,7.51,5.79,0.0,7.2536,10.3296,22.8,Available
D0082,2025-03-01,241.56,213.46,1.49,7.29,5.6,0.0,6.5641,8.384,17.9,Available
D0082,2025-04-01,212.1,206.81,1.55,6.65,5.41,0.0,6.884,9.0218,18.66,Available
D0082,2025-05-01,215.33,197.43,1.41,9.38,5.24,0.0,6.7945,8.578,16.94,Available
D0082,2025-06-01,,,,,,,,,,Incomplete
D0082,2025-07-01,193.59,184.83,1.61,6.51,4.85,0.0,7.7959,10.4787,19.37,Available
D0082,2025-08-01,196.21,178.88,1.44,5.95,4.68,0.0,6.5432,9.6679,17.29,Available
D0082,2025-09-01,175.04,173.07,1.43,5.81,4.53,0.0,7.5202,9.8831,17.1,Available
D0082,2025-10-01,166.47,161.08,1.4,11.99,4.39,0.0,7.4909,10.4386,16.81,Available
D0082,2025-11-01,151.76,150.31,1.33,10.77,4.08,0.0,7.4311,10.6422,16.0,Available
D0082,2025-12-01,157.04,145.85,1.3,4.46,3.81,0.76,7.7275,10.7259,15.64,Available
D0083,2026-04-01,228.43,201.43,2.2,10.34,10.03,0.0,10.801,13.1039,26.4,Available
D0083,2026-05-01,219.79,191.4,2.07,10.03,9.54,0.0,10.7255,13.0044,24.89,Available
D0083,2026-06-01,195.46,181.76,2.07,9.64,9.06,0.0,11.0235,13.6635,24.83,Available
D0083,2026-07-01,191.85,172.76,1.92,9.0,8.61,0.0,11.1726,13.3272,23.02,Available
D0084,2024-11-01,118.17,113.14,1.18,5.47,4.64,0.0,10.7893,12.5479,14.2,Available
D0084,2024-12-01,110.96,108.0,1.17,5.14,4.43,0.0,11.3703,13.0205,14.06,Available
D0084,2025-01-01,105.18,103.43,1.18,4.57,4.23,0.0,10.5962,13.6879,14.16,Available
D0084,2025-02-01,99.87,98.54,1.08,4.89,4.05,0.0,9.9363,13.168,12.98,Available
D0084,2025-03-01,98.07,94.15,1.09,4.39,3.86,0.0,10.4412,13.8947,13.08,Available
D0084,2025-04-01,90.92,90.15,1.05,4.0,3.68,0.0,11.4382,14.0373,12.65,Available
D0084,2025-05-01,94.39,82.77,0.91,7.38,3.53,0.0,11.6557,13.1665,10.9,Available
D0084,2025-06-01,86.54,79.05,0.75,3.72,3.24,0.0,9.9141,11.4218,9.03,Available
D0084,2025-07-01,86.27,75.66,0.89,3.39,3.09,0.0,11.1901,14.1097,10.68,Available
D0084,2025-08-01,80.76,72.42,0.87,3.24,2.96,0.0,11.3182,14.3749,10.41,Available
D0084,2025-09-01,78.89,69.2,0.75,3.22,2.83,0.0,10.0147,13.0273,9.01,Available
D0084,2025-10-01,75.1,66.23,0.68,2.97,2.71,0.0,9.896,12.3992,8.21,Available
D0085,2024-12-01,270.04,246.69,2.29,16.47,11.5,0.0,9.4076,11.1357,27.47,Available
D0085,2025-01-01,244.66,229.7,2.1,16.99,10.78,0.0,9.2847,10.9942,25.25,Available
D0085,2025-02-01,239.54,211.05,1.91,18.65,10.04,0.0,9.0683,10.882,22.97,Available
D0085,2025-03-01,226.01,199.19,1.75,11.86,9.22,0.0,8.6178,10.5654,21.05,Available
D0085,2025-04-01,206.85,186.28,1.99,12.91,8.7,0.0,9.4293,12.8051,23.85,Available
D0085,2025-05-01,194.72,174.9,1.67,11.38,8.14,0.0,9.8901,11.477,20.07,Available
D0085,2025-06-01,183.72,162.81,1.46,12.09,7.64,0.0,8.2113,10.7566,17.51,Available
D0085,2025-07-01,156.05,153.36,1.57,9.45,7.11,0.0,8.8666,12.2796,18.83,Available
D0085,2025-08-01,148.44,143.14,1.37,10.22,6.7,0.0,8.9209,11.4874,16.44,Available
D0085,2025-09-01,149.32,134.55,1.46,8.59,6.25,0.0,10.0467,12.9791,17.46,Available
D0085,2025-10-01,138.01,126.41,1.27,8.14,5.88,0.0,9.0123,12.0397,15.22,Available
D0085,2025-11-01,127.64,117.66,1.17,8.75,5.52,0.0,9.4639,11.9784,14.09,Available
D0085,2025-12-01,123.3,110.62,1.1,7.04,5.14,0.0,9.2097,11.9826,13.26,Available
D0085,2026-01-01,105.05,102.85,1.02,7.77,4.83,0.0,9.1899,11.9447,12.29,Available
D0085,2026-02-01,102.28,96.54,0.9,6.31,4.49,0.0,8.5511,11.1993,10.81,Available
D0085,2026-03-01,,,,,,,,,,Incomplete
D0086,2025-01-01,137.98,132.0,1.13,6.59,5.1,0.77,7.7535,10.2616,13.55,Available
D0086,2025-02-01,139.64,125.81,1.01,6.19,4.85,0.0,7.7102,9.6227,12.11,Available
D0086,2025-03-01,124.59,119.4,0.93,6.41,4.63,0.0,7.8014,9.3573,11.17,Available
D0086,2025-04-01,,,,,,,,,,Missing
D0086,2025-05-01,108.71,108.08,1.04,5.12,4.16,0.0,8.1731,11.5955,12.53,Available
D0086,2025-06-01,115.37,102.55,0.85,5.53,3.97,0.0,7.8813,9.9224,10.18,Available
D0086,2025-07-01,110.78,97.93,0.86,4.62,3.77,0.0,7.8908,10.5019,10.28,Available
D0086,2025-08-01,103.52,93.22,0.82,4.71,3.6,0.0,7.8679,10.6056,9.89,Available
D0086,2025-09-01,88.25,88.06,0.83,5.16,3.43,0.0,8.138,11.369,10.01,Available
D0086,2025-10-01,88.01,83.68,0.74,4.38,3.24,0.0,8.9687,10.5605,8.84,Available
D0086,2025-11-01,81.67,79.25,0.64,4.43,3.08,0.0,7.4129,9.6247,7.63,Available
D0086,2025-12-01,84.02,74.76,0.69,4.49,2.91,0.0,8.4479,11.0786,8.28,Available
D0086,2026-01-01,78.91,70.82,0.57,3.94,2.75,0.0,8.0723,9.6759,6.85,Available
D0086,2026-02-01,74.91,66.85,0.66,3.97,2.6,0.0,8.646,11.9024,7.96,Available
D0086,2026-03-01,65.93,63.35,0.49,3.5,2.46,0.0,7.5941,9.1893,5.82,Reconciliation Required
D0086,2026-04-01,62.22,59.76,0.47,3.59,2.33,0.0,7.0937,9.3805,5.61,Available
D0086,2026-05-01,64.81,56.8,0.42,2.96,2.2,0.0,7.1369,8.9666,5.09,Available
D0086,2026-06-01,60.74,53.71,0.49,3.09,2.09,0.0,8.2816,10.9763,5.9,Available
D0086,2026-07-01,50.74,50.68,0.38,3.03,1.98,0.0,7.2598,9.0096,4.57,Available
D0087,2024-05-01,250.22,239.32,2.12,10.46,6.76,0.0,7.3054,10.6069,25.38,Available
D0087,2024-06-01,256.0,227.11,1.68,12.21,6.48,0.0,7.0459,8.8873,20.18,Available
D0087,2024-07-01,227.4,216.58,1.72,10.53,6.15,0.0,7.7563,9.5307,20.64,Available
D0087,2024-08-01,216.07,208.29,1.43,8.29,5.86,0.0,6.7281,8.2347,17.15,Available
D0087,2024-09-01,207.09,199.99,1.52,8.3,5.64,0.0,6.0614,9.1197,18.24,Available
D0087,2024-10-01,210.69,192.17,1.46,7.82,5.42,0.0,7.0688,9.1102,17.51,Available
D0087,2024-11-01,187.94,182.97,1.44,9.2,5.2,0.0,7.2775,9.4269,17.25,Available
D0087,2024-12-01,178.78,175.73,1.16,7.24,4.95,0.0,6.2016,7.9044,13.89,Available
D0087,2025-01-01,181.04,167.73,1.56,8.0,4.76,0.0,7.8105,11.143,18.69,Available
D0087,2025-02-01,166.03,160.49,1.21,7.24,4.54,0.0,7.0118,9.0503,14.52,Available
D0087,2025-03-01,173.71,154.0,1.17,6.49,4.35,0.0,6.1723,9.1359,14.07,Available
D0087,2025-04-01,167.46,146.0,1.18,8.0,4.17,0.0,6.7588,9.6635,14.11,Available
D0087,2025-05-01,150.7,139.98,1.14,6.02,3.95,0.0,7.8467,9.8094,13.73,Available
D0087,2025-06-01,138.43,134.38,0.87,5.6,3.79,0.0,6.1723,7.8096,10.49,Reconciliation Required
D0087,2025-07-01,137.91,128.18,0.92,6.2,3.64,0.0,6.0473,8.5733,10.99,Available
D0087,2025-08-01,125.16,121.58,1.03,6.6,3.47,0.0,7.5718,10.1584,12.35,Available
D0087,2025-09-01,127.92,115.9,0.87,5.68,3.29,0.0,7.2931,9.0376,10.47,Available
D0087,2025-10-01,122.81,109.88,0.97,6.02,3.14,0.0,7.4671,10.5914,11.64,Available
D0087,2025-11-01,109.22,104.83,0.74,5.05,2.98,0.0,6.5489,8.4249,8.83,Available
D0087,2025-12-01,106.85,100.84,0.73,3.99,2.84,0.0,6.053,8.738,8.81,Available
D0087,2026-01-01,98.99,95.32,0.82,5.52,2.73,0.0,7.6469,10.3561,9.87,Available
D0087,2026-02-01,90.83,90.44,0.71,4.88,2.58,0.14,6.7449,9.4166,8.52,Available
D0087,2026-03-01,98.9,87.07,0.65,3.37,2.45,0.0,7.4642,8.9981,7.83,Reconciliation Required
D0087,2026-04-01,91.03,82.79,0.72,4.28,2.36,0.0,7.75,10.4389,8.64,Available
D0087,2026-05-01,85.48,79.33,0.59,3.46,2.24,0.0,6.4478,8.977,7.12,Available
D0087,2026-06-01,76.97,75.05,0.58,4.28,2.15,0.0,7.0044,9.2458,6.94,Available
D0087,2026-07-01,79.92,71.8,0.56,3.25,2.03,0.0,6.6498,9.2918,6.67,Available
D0088,2026-04-01,47.23,43.7,0.38,1.59,1.08,0.0,8.0396,10.4651,4.57,Available
D0088,2026-05-01,43.32,42.13,0.41,1.57,1.04,0.0,9.2547,11.8123,4.98,Available
D0088,2026-06-01,43.76,40.54,0.36,1.59,1.0,0.0,7.6775,10.6787,4.33,Available
D0088,2026-07-01,41.77,39.26,0.4,1.28,0.96,0.0,8.9982,12.3501,4.85,Available
D0089,2024-11-01,213.06,198.12,1.64,11.96,9.71,0.0,8.0236,9.9434,19.7,Available
D0089,2024-12-01,199.89,186.16,1.91,11.96,9.16,0.0,8.8085,12.2806,22.86,Available
D0089,2025-01-01,197.04,176.05,1.33,10.11,8.6,0.0,7.525,9.0703,15.97,Available
D0089,2025-02-01,176.44,165.39,1.49,10.66,8.14,0.0,7.6082,10.775,17.82,Available
D0089,2025-03-01,161.42,156.24,1.32,9.15,7.64,0.0,7.4508,10.1212,15.81,Available
D0089,2025-04-01,164.82,148.06,1.39,8.18,7.22,0.0,8.2908,11.2925,16.72,Available
D0089,2025-05-01,139.71,139.29,1.36,8.77,6.84,0.0,8.9097,11.7564,16.38,Available
D0089,2025-06-01,142.48,131.94,1.4,7.35,6.44,0.0,9.2791,12.6962,16.75,Available
D0089,2025-07-01,137.22,123.79,1.07,8.15,6.1,0.0,8.6697,10.4122,12.89,Available
D0089,2025-08-01,129.97,117.35,1.07,6.44,5.72,0.0,7.7048,10.916,12.81,Available
D0089,2025-09-01,112.07,110.91,0.9,6.44,5.42,0.0,7.8707,9.7839,10.85,Available
D0089,2025-10-01,118.72,104.39,0.94,6.52,5.13,0.0,8.5418,10.8459,11.32,Available
D0089,2025-11-01,101.84,98.27,0.83,6.12,4.82,0.0,8.1633,10.0813,9.91,Available
D0089,2025-12-01,104.17,92.49,0.83,5.78,4.54,0.0,7.3491,10.8022,9.99,Available
D0089,2026-01-01,98.66,87.38,0.85,5.11,4.27,0.0,8.8074,11.6087,10.14,Available
D0089,2026-02-01,83.92,82.66,0.82,4.72,4.04,0.0,8.6066,11.861,9.8,Available
D0089,2026-03-01,80.88,78.07,0.75,4.59,3.82,0.0,9.032,11.5481,9.02,Available
D0089,2026-04-01,77.86,73.68,0.71,4.39,3.61,0.0,8.4564,11.4878,8.46,Available
D0090,2025-09-01,158.65,149.41,1.31,6.03,3.13,0.0,7.6326,10.5422,15.75,Available
D0090,2025-10-01,149.2,144.75,1.04,4.66,3.01,0.0,5.8724,8.6416,12.51,Reconciliation Required
D0090,2025-11-01,158.33,138.34,1.23,6.41,2.92,0.0,7.2388,10.6894,14.79,Available
D0090,2025-12-01,135.43,132.59,0.81,5.75,2.79,0.0,5.8097,7.3262,9.71,Reconciliation Required
D0090,2026-01-01,140.64,127.68,1.1,4.91,2.67,0.0,7.5651,10.3326,13.19,Available
D0090,2026-02-01,133.3,122.71,0.97,4.97,2.57,0.0,6.1815,9.5346,11.7,Available
D0090,2026-03-01,134.38,119.02,0.95,3.69,2.47,0.0,6.2577,9.5926,11.42,Available
D0090,2026-04-01,122.32,112.01,0.77,7.01,2.4,0.0,6.2429,8.2993,9.3,Available
D0090,2026-05-01,120.61,108.17,0.86,3.84,2.26,0.36,6.3562,9.5185,10.3,Available
D0090,2026-06-01,103.57,103.24,0.87,4.93,2.18,0.0,6.863,10.1395,10.47,Available
D0090,2026-07-01,110.84,98.69,0.78,4.55,2.08,2.34,6.2549,9.4332,9.31,Available
D0091,2024-11-01,210.84,196.31,1.9,11.55,8.99,0.0,10.0146,11.6446,22.86,Reconciliation Required
D0091,2024-12-01,206.09,184.98,1.99,11.33,8.49,1.23,10.5919,12.9013,23.86,Available
D0091,2025-01-01,176.14,173.21,1.82,11.77,8.0,0.0,9.8499,12.5953,21.82,Available
D0091,2025-02-01,167.02,163.88,1.5,9.33,7.49,0.0,9.1214,10.994,18.02,Available
D0091,2025-03-01,158.83,154.87,1.72,9.01,7.09,0.0,10.5361,13.3465,20.67,Available
D0091,2025-04-01,145.02,144.86,1.54,10.01,6.7,0.0,10.3478,12.7715,18.5,Available
D0091,2025-05-01,142.94,137.33,1.47,7.53,6.27,0.0,9.6811,12.8588,17.66,Available
D0091,2025-06-01,131.16,130.0,1.32,7.33,5.94,0.0,9.3796,12.1661,15.82,Available
D0091,2025-07-01,132.12,122.15,1.4,7.85,5.63,0.0,10.7711,13.7724,16.82,Available
D0091,2025-08-01,129.74,114.83,1.25,7.32,5.29,0.0,9.5712,13.0371,14.97,Available
D0091,2025-09-01,110.97,108.62,1.1,6.21,4.97,0.0,10.068,12.1651,13.21,Available
D0091,2025-10-01,104.31,102.65,1.11,5.97,4.7,0.0,10.632,12.9704,13.31,Available
D0091,2025-11-01,100.48,97.34,1.06,5.31,4.44,0.0,10.1968,13.0719,12.72,Available
D0091,2025-12-01,94.25,92.16,1.08,5.18,4.21,0.0,10.7203,14.0888,12.98,Available
D0091,2026-01-01,88.39,86.63,0.84,5.53,3.99,0.0,9.2735,11.6017,10.05,Reconciliation Required
D0091,2026-02-01,89.4,81.96,0.92,4.67,3.75,0.0,11.04,13.4697,11.04,Available
D0091,2026-03-01,77.96,77.66,0.83,4.3,3.55,0.0,9.4641,12.8955,10.01,Reconciliation Required
D0091,2026-04-01,74.72,72.97,0.81,4.69,3.36,0.0,10.9908,13.3937,9.77,Available
D0091,2026-05-01,75.4,68.65,0.76,4.32,3.16,0.0,10.0414,13.3106,9.14,Available
D0091,2026-06-01,68.93,62.01,0.63,6.64,2.97,0.0,9.2159,12.2628,7.6,Available
D0091,2026-07-01,62.03,57.91,0.62,4.1,2.68,0.0,9.4445,12.8733,7.45,Available
D0092,2026-05-01,231.02,206.64,2.06,4.87,4.27,0.0,9.8908,11.9771,24.75,Available
D0092,2026-06-01,208.24,201.74,2.28,4.9,4.17,0.0,11.3792,13.5638,27.36,Available
D0092,2026-07-01,213.55,196.37,2.05,5.37,4.07,0.0,9.537,12.4979,24.54,Available
D0093,2026-02-01,79.54,72.56,0.65,3.44,2.22,0.0,8.8435,10.7088,7.77,Available
D0093,2026-03-01,78.29,69.73,0.67,2.83,2.12,0.0,9.1022,11.5334,8.04,Available
D0093,2026-04-01,70.71,67.1,0.59,2.63,2.03,0.0,7.364,10.5183,7.06,Available
D0093,2026-05-01,68.63,63.51,0.66,3.59,1.96,0.0,9.0391,12.4493,7.91,Available
D0093,2026-06-01,63.65,61.04,0.58,2.47,1.85,0.0,8.4508,11.4657,7.0,Available
D0093,2026-07-01,66.78,58.22,0.57,2.82,1.78,0.0,8.4041,11.6617,6.79,Available
D0094,2025-03-01,66.67,66.43,0.73,3.06,2.8,0.0,10.6915,13.1039,8.7,Available
D0094,2025-04-01,66.38,63.6,0.67,2.83,2.67,1.86,11.0109,12.576,8.0,Available
D0094,2025-05-01,67.92,60.94,0.68,2.66,2.56,0.0,10.4227,13.3967,8.16,Available
D0094,2025-06-01,59.41,58.29,0.63,2.65,2.45,0.0,10.0141,12.9748,7.56,Available
D0094,2025-07-01,63.73,55.82,0.57,2.47,2.35,0.0,10.2103,12.2511,6.84,Available
D0094,2025-08-01,59.21,53.48,0.56,2.34,2.25,0.66,10.6814,12.5564,6.72,Reconciliation Required
D0094,2025-09-01,,,,,,,,,,Missing
D0094,2025-10-01,49.57,49.12,0.52,2.13,2.06,0.0,10.8137,12.7493,6.26,Available
D0094,2025-11-01,,,,,,,,,,Missing
D0094,2025-12-01,44.4,43.61,0.48,3.4,1.89,0.0,9.6737,13.1722,5.74,Available
D0094,2026-01-01,43.34,39.61,0.44,4.0,1.75,0.0,10.461,13.4669,5.33,Available
D0094,2026-02-01,42.36,37.96,0.4,1.65,1.59,0.85,10.0661,12.63,4.79,Available
D0094,2026-03-01,37.95,36.31,0.4,1.65,1.53,0.0,10.1464,13.1125,4.76,Available
D0094,2026-04-01,36.06,34.72,0.36,1.59,1.46,0.0,10.1348,12.5949,4.37,Available
D0094,2026-05-01,36.68,33.27,0.33,1.45,1.4,0.0,9.2851,11.8152,3.93,Available
D0094,2026-06-01,32.34,31.88,0.29,1.39,1.34,0.0,9.3238,10.9888,3.5,Available
D0094,2026-07-01,32.83,30.53,0.32,1.35,1.28,0.0,10.4912,12.5095,3.82,Available
D0095,2025-04-01,133.09,126.22,1.03,9.66,5.81,0.0,8.2743,9.7984,12.37,Available
D0095,2025-05-01,129.86,119.02,1.26,7.2,5.4,0.0,9.3267,12.7136,15.13,Available
D0095,2025-06-01,112.35,111.45,1.01,7.57,5.09,0.0,9.1061,10.9026,12.15,Available
D0095,2025-07-01,113.83,105.31,0.99,6.14,4.77,0.0,8.3498,11.2625,11.86,Available
D0095,2025-08-01,110.13,98.77,0.96,6.54,4.5,0.0,8.9433,11.6362,11.49,Available
D0095,2025-09-01,94.29,93.31,0.89,5.46,4.23,0.0,8.9082,11.4098,10.65,Available
D0095,2025-10-01,90.38,87.84,0.8,5.47,3.99,0.0,8.1445,10.9188,9.59,Available
D0095,2025-11-01,82.79,81.63,0.76,6.21,3.76,0.04,9.3807,11.1996,9.14,Available
D0095,2025-12-01,86.54,75.86,0.74,5.77,3.49,0.0,8.8721,11.7453,8.91,Available
D0095,2026-01-01,80.2,70.73,0.75,5.13,3.25,0.0,9.9342,12.7653,9.03,Available
D0095,2026-02-01,67.22,66.98,0.68,3.75,3.03,0.0,9.8592,12.2121,8.18,Available
D0095,2026-03-01,69.76,62.74,0.67,4.24,2.87,0.0,9.9108,12.8576,8.07,Available
D0095,2026-04-01,61.34,58.27,0.51,4.47,2.68,0.0,8.1195,10.4739,6.1,Available
D0095,2026-05-01,57.99,54.48,0.53,3.79,2.49,0.0,9.2215,11.717,6.38,Available
D0095,2026-06-01,53.8,51.39,0.48,3.09,2.33,0.0,8.1431,11.1509,5.73,Available
D0095,2026-07-01,54.8,47.73,0.48,3.66,2.2,0.0,9.6813,12.0609,5.76,Available
D0096,2026-06-01,46.22,41.58,0.43,2.13,1.99,0.0,10.0263,12.5247,5.21,Available
D0096,2026-07-01,42.82,39.51,0.39,2.07,1.89,0.0,9.7422,11.712,4.63,Available
D0097,2024-09-01,84.86,79.4,0.55,3.24,2.7,0.0,6.5711,8.3235,6.61,Available
D0097,2024-10-01,80.53,76.11,0.59,3.29,2.59,0.0,6.3754,9.2826,7.06,Available
D0097,2024-11-01,83.15,72.72,0.68,3.39,2.49,0.0,7.81,11.2771,8.2,Available
D0097,2024-12-01,72.5,69.68,0.6,3.04,2.37,0.0,7.186,10.3985,7.25,Available
D0097,2025-01-01,70.35,66.73,0.54,2.95,2.28,0.0,6.9136,9.6918,6.47,Available
D0097,2025-02-01,66.45,63.58,0.51,3.15,2.18,0.0,7.0688,9.5355,6.06,Reconciliation Required
D0097,2025-03-01,64.88,61.04,0.49,2.54,2.08,0.0,7.4548,9.5693,5.84,Available
D0097,2025-04-01,62.32,58.52,0.54,2.52,1.99,0.0,7.8962,10.9775,6.42,Available
D0097,2025-05-01,64.03,55.9,0.41,2.62,1.91,0.0,6.9203,8.7644,4.9,Available
D0097,2025-06-01,59.35,53.64,0.37,2.26,1.83,0.0,6.5372,8.2394,4.42,Available
D0097,2025-07-01,56.69,51.52,0.37,2.12,1.75,0.0,7.1428,8.6478,4.46,Available
D0097,2025-08-01,55.45,49.47,0.42,2.05,1.68,0.0,7.0691,10.2971,5.09,Available
D0097,2025-09-01,50.23,47.35,0.41,2.12,1.62,0.0,6.9963,10.4824,4.96,Available
D0097,2025-10-01,46.66,45.56,0.3,1.79,1.55,0.0,6.0841,7.9476,3.62,Available
D0097,2025-11-01,49.37,43.71,0.3,1.85,1.49,0.0,6.4657,8.3387,3.64,Available
D0097,2025-12-01,47.83,41.89,0.3,1.82,1.43,0.0,7.0142,8.5226,3.57,Available
D0097,2026-01-01,41.49,40.27,0.36,1.62,1.37,0.0,7.2999,10.7748,4.34,Available
D0097,2026-02-01,43.75,38.48,0.29,1.79,1.32,0.0,6.4139,9.1597,3.52,Available
D0097,2026-03-01,37.65,37.0,0.27,1.48,1.26,0.23,6.232,8.6817,3.21,Available
D0097,2026-04-01,37.56,35.36,0.29,1.64,1.21,0.0,7.1367,9.9412,3.52,Available
D0097,2026-05-01,38.79,34.0,0.26,1.36,1.15,0.0,6.2154,9.2365,3.14,Available
D0097,2026-06-01,35.68,32.52,0.24,1.48,1.11,0.0,7.0553,8.7523,2.85,Available
D0097,2026-07-01,31.66,31.1,0.23,1.42,1.06,0.0,7.3407,8.8596,2.76,Available
D0098,2025-07-01,159.39,144.72,1.33,5.28,3.93,0.0,8.3948,11.011,15.94,Available
D0098,2025-08-01,147.03,137.39,1.33,7.33,3.79,0.0,8.7191,11.6492,16.0,Available
D0098,2025-09-01,130.86,127.89,1.33,9.5,3.6,0.0,9.0089,12.4608,15.94,Available
D0098,2025-10-01,132.28,123.22,1.05,4.67,3.35,0.0,8.2643,10.2669,12.65,Available
D0098,2025-11-01,134.68,119.24,1.16,3.98,3.23,0.0,9.3452,11.6837,13.93,Available
D0098,2025-12-01,121.94,115.59,1.14,3.65,3.12,0.0,8.8925,11.8251,13.67,Available
D0098,2026-01-01,116.07,111.18,1.09,4.41,3.03,0.0,8.9373,11.7756,13.09,Available
D0098,2026-02-01,108.26,107.65,0.98,3.53,2.91,0.52,8.5915,10.8729,11.7,Available
D0098,2026-03-01,114.16,103.79,0.91,3.86,2.82,0.0,8.5462,10.5654,10.97,Available
D0098,2026-04-01,,,,,,,,,,Missing
D0098,2026-05-01,98.14,96.09,0.96,3.8,2.62,0.0,8.7429,11.9978,11.53,Available
D0098,2026-06-01,92.59,92.53,0.84,3.56,2.52,0.0,8.5931,10.8699,10.06,Available
D0098,2026-07-01,101.52,89.53,0.89,3.0,2.42,2.57,8.9424,11.9761,10.72,Available
D0099,2025-06-01,290.33,257.32,2.69,12.11,6.65,0.0,10.4542,12.5313,32.25,Available
D0099,2025-07-01,264.65,235.85,2.66,21.47,6.35,0.0,10.4086,13.5276,31.9,Available
D0099,2025-08-01,239.54,227.11,2.63,8.74,5.82,0.0,11.4675,13.92,31.61,Available
D0099,2025-09-01,239.23,217.45,2.21,9.66,5.61,0.0,10.1842,12.1743,26.47,Available
D0099,2025-10-01,232.52,207.05,2.34,10.4,5.37,0.0,11.4231,13.5748,28.11,Available
D0099,2025-11-01,223.72,199.21,2.01,7.84,5.11,0.0,9.6227,12.1039,24.11,Available
D0099,2025-12-01,212.51,191.16,2.12,8.05,4.92,0.0,11.1164,13.2903,25.41,Available
D0099,2026-01-01,206.79,184.46,2.03,6.7,4.72,0.0,10.7119,13.1973,24.34,Available
D0099,2026-02-01,180.58,176.48,2.01,7.98,4.56,0.0,11.4131,13.6377,24.07,Available
D0099,2026-03-01,178.41,168.71,1.78,7.77,4.36,0.0,10.6863,12.6405,21.33,Available
D0099,2026-04-01,171.06,160.86,1.7,7.85,4.17,0.0,9.6284,12.6718,20.38,Available
D0099,2026-05-01,174.38,155.14,1.74,5.72,3.97,0.0,11.5554,13.4625,20.89,Available
D0099,2026-06-01,165.87,149.04,1.76,6.1,3.83,0.0,10.6486,14.1384,21.07,Available
D0099,2026-07-01,142.61,142.27,1.54,6.77,3.68,0.0,10.9962,12.9527,18.43,Available
D0100,2025-06-01,126.38,125.44,1.33,4.88,3.33,0.0,10.902,12.7641,16.01,Available
D0100,2025-07-01,137.57,121.31,1.44,4.13,3.21,0.0,10.7638,14.2263,17.26,Available
D0100,2025-08-01,117.3,117.12,1.27,4.19,3.1,0.0,10.9868,12.9881,15.21,Available
D0100,2025-09-01,116.73,113.22,1.4,3.9,2.99,0.0,11.6848,14.8545,16.82,Available
D0100,2025-10-01,118.97,109.09,1.16,4.13,2.9,0.0,10.9849,12.7616,13.92,Available
D0100,2025-11-01,115.92,105.31,1.13,3.78,2.79,0.0,10.6052,12.9181,13.6,Available
D0100,2025-12-01,104.61,101.91,1.18,3.4,2.69,0.0,11.0332,13.892,14.16,Reconciliation Required
D0100,2026-01-01,105.88,98.15,1.04,3.76,2.61,0.0,11.1263,12.6771,12.44,Available
D0100,2026-02-01,99.18,94.54,1.08,3.61,2.51,0.0,10.3356,13.7496,13.0,Available
D0100,2026-03-01,95.75,91.34,1.08,3.2,2.42,0.0,11.4363,14.2488,13.01,Available
D0100,2026-04-01,91.36,88.0,0.95,3.34,2.34,0.0,10.8204,12.9984,11.44,Available
D0100,2026-05-01,87.18,85.3,0.9,2.7,2.25,0.0,10.1577,12.7116,10.84,Available
D0100,2026-06-01,83.32,82.58,0.88,2.72,2.18,0.0,10.9091,12.8216,10.59,Available
D0100,2026-07-01,89.31,79.42,0.89,3.16,2.11,0.0,10.2968,13.4686,10.7,Available
D0101,2025-06-01,225.86,199.44,1.45,11.36,8.33,0.0,6.9211,8.7363,17.42,Available
D0101,2025-07-01,195.02,190.01,1.42,9.43,7.89,0.0,7.3731,8.9379,16.98,Available
D0101,2025-08-01,181.58,180.78,1.3,9.23,7.51,0.0,6.767,8.6253,15.59,Available
D0101,2025-09-01,197.28,172.01,1.3,8.77,7.15,0.0,7.3808,9.0721,15.6,Available
D0101,2025-10-01,184.48,163.22,1.49,8.79,6.8,0.0,8.3589,10.9516,17.88,Available
D0101,2025-11-01,164.89,154.56,1.5,8.66,6.45,3.74,8.3192,11.6669,18.03,Available
D0101,2025-12-01,164.68,146.35,1.21,8.21,6.11,1.28,8.0834,9.9529,14.57,Available
D0101,2026-01-01,141.85,138.53,1.31,7.82,5.79,0.0,8.2537,11.3704,15.75,Available
D0101,2026-02-01,146.42,131.77,1.17,6.76,5.48,0.02,8.0354,10.661,14.05,Available
D0101,2026-03-01,144.06,125.49,1.04,6.28,5.21,0.0,7.2484,9.9739,12.52,Available
D0101,2026-04-01,136.76,119.06,1.1,6.43,4.96,0.0,8.2256,11.127,13.25,Available
D0101,2026-05-01,119.05,113.14,0.99,5.92,4.71,0.0,8.2443,10.5195,11.9,Available
D0101,2026-06-01,113.77,107.03,0.94,6.11,4.47,0.0,8.2291,10.59,11.33,Available
D0101,2026-07-01,116.87,101.93,0.81,5.1,4.23,0.0,7.3741,9.4815,9.66,Available
D0102,2026-03-01,292.7,292.58,2.79,26.24,12.0,0.0,9.3577,11.4604,33.53,Available
D0102,2026-04-01,279.69,279.26,2.79,13.32,11.01,0.0,10.4066,11.9958,33.5,Available
D0102,2026-05-01,298.86,267.86,2.48,11.4,10.51,0.0,9.26,11.0918,29.71,Available
D0102,2026-06-01,265.92,255.97,2.46,11.89,10.08,0.0,9.9736,11.5387,29.54,Available
D0102,2026-07-01,253.21,245.61,2.38,10.36,9.64,0.0,9.753,11.6379,28.58,Available
D0103,2025-01-01,169.45,166.61,1.63,3.75,3.44,4.03,8.3019,11.7488,19.57,Available
D0103,2025-02-01,168.36,162.84,1.47,3.77,3.36,0.0,7.5542,10.8491,17.67,Available
D0103,2025-03-01,163.62,159.0,1.26,3.84,3.29,0.0,7.5997,9.516,15.13,Available
D0103,2025-04-01,165.37,155.42,1.3,3.58,3.21,0.0,8.2018,10.0282,15.59,Available
D0103,2025-05-01,,,,,,,,,,Missing
D0103,2025-06-01,149.28,148.0,1.49,3.74,3.06,0.0,8.8091,12.0685,17.86,Available
D0103,2025-07-01,146.94,144.39,1.34,3.61,2.99,2.65,7.7604,11.1632,16.12,Available
D0103,2025-08-01,144.37,140.99,1.25,3.4,2.92,0.0,8.372,10.6154,14.97,Available
D0103,2025-09-01,156.35,137.72,1.19,3.27,2.85,0.0,7.7082,10.3409,14.24,Available
D0103,2025-10-01,138.86,134.25,1.1,3.47,2.78,0.0,8.199,9.851,13.22,Available
D0103,2025-11-01,144.35,131.21,1.16,3.04,2.71,3.37,8.4419,10.5789,13.88,Available
D0103,2025-12-01,145.03,127.94,1.07,3.27,2.65,0.0,7.1786,10.081,12.9,Available
D0103,2026-01-01,138.85,124.95,1.01,2.99,2.58,0.0,7.8478,9.6645,12.08,Available
D0103,2026-02-01,123.26,122.11,1.17,2.84,2.52,0.0,8.6079,11.5182,14.06,Available
D0103,2026-03-01,121.57,119.08,1.13,3.03,2.47,0.0,8.4482,11.3878,13.56,Available
D0103,2026-04-01,132.45,116.43,1.0,2.65,2.41,0.0,7.9552,10.3384,12.04,Available
D0103,2026-05-01,116.45,113.83,1.02,2.6,2.35,1.28,7.5075,10.7274,12.21,Available
D0103,2026-06-01,126.66,111.13,0.88,2.7,2.3,0.0,7.3942,9.5369,10.6,Available
D0103,2026-07-01,115.5,108.48,0.94,2.65,2.24,0.98,7.9045,10.3898,11.27,Available
D0104,2025-06-01,178.94,169.91,1.4,9.1,6.99,0.0,7.2609,9.8773,16.78,Available
D0104,2025-07-01,183.19,160.13,1.31,9.78,6.63,0.0,7.0072,9.8382,15.75,Available
D0104,2025-08-01,162.15,150.2,1.23,9.93,6.25,0.0,6.8712,9.8417,14.78,Available
D0104,2025-09-01,144.61,141.74,1.26,8.46,5.86,0.0,7.5655,10.653,15.1,Available
D0104,2025-10-01,138.4,134.99,1.22,6.75,5.53,0.0,8.1893,10.8583,14.66,Available
D0104,2025-11-01,139.36,128.11,0.92,6.88,5.27,0.0,6.9658,8.6261,11.05,Available
D0104,2025-12-01,128.15,121.71,0.96,6.4,5.0,0.0,6.93,9.4966,11.56,Available
D0104,2026-01-01,123.51,114.06,0.84,7.65,4.75,0.0,6.4623,8.8567,10.1,Available
D0104,2026-02-01,119.97,107.22,1.04,6.84,4.45,0.0,8.2587,11.6502,12.49,Available
D0104,2026-03-01,110.89,101.66,0.87,5.56,4.18,0.0,7.252,10.3281,10.5,Available
D0104,2026-04-01,99.96,96.18,0.84,5.48,3.97,0.0,8.1712,10.4682,10.07,Available
D0104,2026-05-01,102.51,91.09,0.74,5.09,3.75,0.99,8.0516,9.6851,8.82,Available
D0104,2026-06-01,89.62,86.76,0.62,4.33,3.55,0.0,6.9654,8.6342,7.49,Available
D0104,2026-07-01,83.43,82.36,0.7,4.4,3.39,0.0,7.8442,10.2716,8.46,Available
D0105,2025-08-01,,,,,,,,,,Missing
D0105,2025-09-01,136.21,118.82,0.93,5.56,4.7,0.0,7.7881,9.3979,11.17,Available
D0105,2025-10-01,123.27,113.52,0.86,5.3,4.49,0.0,7.5712,9.0918,10.32,Available
D0105,2025-11-01,122.62,108.65,0.96,4.87,4.29,0.0,7.7977,10.6158,11.53,Available
D0105,2025-12-01,118.57,103.96,0.88,4.69,4.1,0.0,8.6293,10.1542,10.56,Available
D0105,2026-01-01,100.89,99.41,0.92,4.55,3.93,0.0,9.1756,11.0757,11.01,Available
D0105,2026-02-01,107.3,94.6,0.91,4.81,3.75,0.56,9.0926,11.5323,10.91,Available
D0105,2026-03-01,93.72,90.32,0.73,4.28,3.57,0.09,7.7327,9.6496,8.72,Available
D0105,2026-04-01,88.53,84.23,0.8,6.09,3.41,0.0,9.3111,11.4667,9.66,Available
D0105,2026-05-01,82.72,80.44,0.75,3.79,3.18,0.0,8.4612,11.1922,9.0,Available
D0105,2026-06-01,85.89,76.98,0.71,3.46,3.04,0.0,9.0116,11.1269,8.57,Available
D0105,2026-07-01,79.0,73.48,0.67,3.5,2.91,0.0,7.8882,10.9805,8.07,Available
D0106,2025-04-01,83.27,80.55,0.72,3.29,2.65,0.0,8.4146,10.654,8.58,Available
D0106,2025-05-01,83.75,77.74,0.68,2.81,2.55,0.0,8.5836,10.4295,8.11,Available
D0106,2025-06-01,78.77,74.98,0.74,2.76,2.46,0.01,9.2822,11.7839,8.84,Available
D0106,2025-07-01,75.71,72.23,0.68,2.75,2.37,0.0,9.1784,11.2355,8.12,Available
D0106,2025-08-01,72.49,69.75,0.7,2.48,2.29,0.0,9.5193,12.0866,8.43,Available
D0106,2025-09-01,71.85,67.25,0.59,2.5,2.21,0.0,8.4859,10.5731,7.11,Available
D0106,2025-10-01,70.04,64.77,0.62,2.48,2.13,0.0,9.1676,11.418,7.4,Available
D0106,2025-11-01,66.71,62.34,0.61,2.43,2.05,0.0,9.4472,11.7754,7.34,Available
D0106,2025-12-01,60.7,60.09,0.59,2.25,1.97,0.0,8.3417,11.7711,7.07,Available
D0106,2026-01-01,58.06,57.77,0.56,2.32,1.9,0.0,8.9249,11.6428,6.73,Available
D0106,2026-02-01,59.98,55.66,0.45,2.11,1.83,0.0,8.2738,9.796,5.45,Available
D0106,2026-03-01,55.46,53.56,0.5,2.1,1.76,0.0,9.1899,11.27,6.04,Available
D0106,2026-04-01,52.14,49.02,0.47,4.54,1.7,0.0,9.464,11.498,5.64,Available
D0106,2026-05-01,50.16,47.29,0.4,1.73,1.55,0.0,8.6283,10.1728,4.81,Available
D0106,2026-06-01,51.3,45.45,0.45,1.84,1.5,0.25,9.5932,11.9138,5.41,Available
D0106,2026-07-01,47.99,43.74,0.39,1.71,1.44,0.0,8.4178,10.822,4.73,Available
D0107,2024-04-01,66.38,62.49,0.65,2.47,2.14,0.0,10.6385,12.549,7.84,Available
D0107,2024-05-01,64.41,60.07,0.62,2.42,2.06,0.0,9.8431,12.3505,7.42,Available
D0107,2024-06-01,60.38,57.76,0.69,2.31,1.98,0.56,11.5362,14.3777,8.3,Available
D0107,2024-07-01,61.9,55.53,0.6,2.23,1.9,0.0,10.2842,12.9063,7.17,Available
D0107,2024-08-01,54.95,53.45,0.61,2.08,1.83,0.0,11.5205,13.802,7.38,Available
D0107,2024-09-01,51.67,51.56,0.56,1.89,1.76,0.0,9.6557,12.9483,6.68,Available
D0107,2024-10-01,54.57,49.57,0.55,1.99,1.7,0.0,10.5621,13.2935,6.59,Available
D0107,2024-11-01,54.63,47.72,0.56,1.85,1.63,0.0,11.2722,14.1771,6.77,Available
D0107,2024-12-01,49.57,45.89,0.51,1.83,1.57,0.0,10.1049,13.449,6.17,Available
D0107,2025-01-01,48.98,44.22,0.46,1.67,1.51,0.0,10.9961,12.5565,5.55,Available
D0107,2025-02-01,44.46,42.53,0.48,1.69,1.46,0.11,10.0378,13.4531,5.72,Available
D0107,2025-03-01,40.18,40.02,0.42,2.51,1.4,0.0,10.359,12.6961,5.08,Available
D0107,2025-04-01,40.08,38.58,0.39,1.44,1.32,0.0,10.7016,12.2056,4.71,Available
D0107,2025-05-01,38.75,37.2,0.39,1.38,1.27,0.0,9.7551,12.7401,4.74,Available
D0107,2025-06-01,36.17,35.77,0.4,1.43,1.22,0.0,10.1925,13.3366,4.77,Available
D0107,2025-07-01,39.42,34.49,0.41,1.28,1.18,0.0,11.5688,14.3368,4.94,Available
D0107,2025-08-01,37.02,33.24,0.38,1.25,1.14,0.0,10.5246,13.752,4.57,Available
D0107,2025-09-01,35.23,32.06,0.36,1.18,1.09,0.0,10.0352,13.3772,4.29,Available
D0107,2025-10-01,31.37,30.84,0.33,1.22,1.06,0.0,9.701,12.7504,3.93,Available
D0107,2025-11-01,30.58,29.67,0.36,1.17,1.02,0.0,11.4949,14.7546,4.38,Available
D0107,2025-12-01,29.24,28.56,0.27,1.11,0.98,0.0,9.6581,11.2893,3.22,Available
D0107,2026-01-01,30.98,27.54,0.31,1.02,0.94,0.0,10.2774,13.3182,3.67,Available
D0107,2026-02-01,28.55,26.53,0.29,1.01,0.91,0.0,11.5415,13.3361,3.54,Available
D0107,2026-03-01,25.85,25.56,0.27,0.97,0.87,0.0,10.6461,12.6973,3.25,Available
D0107,2026-04-01,27.79,24.62,0.28,0.94,0.84,0.0,10.3803,13.669,3.37,Available
D0107,2026-05-01,23.77,23.71,0.26,0.91,0.81,0.0,11.5138,13.2807,3.15,Available
D0107,2026-06-01,25.13,22.83,0.23,0.88,0.78,0.0,9.5915,11.9341,2.72,Available
D0107,2026-07-01,24.12,22.0,0.25,0.83,0.75,0.0,10.817,13.6189,3.0,Available
D0108,2024-06-01,109.83,99.97,0.88,6.09,3.18,0.0,7.7295,10.5533,10.55,Available
D0108,2024-07-01,109.06,95.76,0.8,4.21,3.0,0.0,8.2829,9.9629,9.54,Available
D0108,2024-08-01,97.52,91.93,0.7,3.83,2.87,0.0,6.5011,9.1409,8.4,Available
D0108,2024-09-01,100.13,88.01,0.61,3.92,2.76,0.0,6.7979,8.2994,7.3,Available
D0108,2024-10-01,89.07,84.57,0.6,3.44,2.64,0.0,6.9406,8.5247,7.21,Available
D0108,2024-11-01,85.68,81.21,0.65,3.36,2.54,0.0,7.2544,9.6336,7.82,Available
D0108,2024-12-01,88.0,77.77,0.56,3.44,2.44,0.0,6.6659,8.7099,6.77,Available
D0108,2025-01-01,80.73,74.91,0.62,2.86,2.33,0.0,7.4165,9.9133,7.43,Available
D0108,2025-02-01,76.05,71.71,0.56,3.2,2.25,2.07,7.8584,9.4353,6.77,Available
D0108,2025-03-01,74.59,68.61,0.51,3.1,2.15,0.0,7.1494,8.9081,6.11,Available
D0108,2025-04-01,66.34,65.84,0.45,2.77,2.06,0.0,6.5098,8.2796,5.45,Available
D0108,2025-05-01,63.2,63.1,0.54,2.74,1.98,0.0,7.4985,10.2383,6.46,Available
D0108,2025-06-01,64.27,60.83,0.57,2.27,1.89,1.06,7.9662,11.2513,6.84,Available
D0108,2025-07-01,63.37,58.11,0.55,2.72,1.83,0.0,8.0114,11.341,6.59,Available
D0108,2025-08-01,59.07,55.73,0.47,2.38,1.74,0.0,6.8504,10.0807,5.62,Available
D0108,2025-09-01,55.77,53.36,0.39,2.37,1.67,0.0,6.4873,8.855,4.73,Available
D0108,2025-10-01,49.33,48.63,0.39,4.73,1.6,0.0,6.5296,9.6558,4.7,Available
D0108,2025-11-01,49.47,46.65,0.45,1.98,1.46,0.0,8.1507,11.6328,5.43,Available
D0108,2025-12-01,,,,,,,,,,Incomplete
D0108,2026-01-01,47.7,42.93,0.4,1.64,1.34,0.0,8.1853,11.2701,4.84,Available
D0108,2026-02-01,41.76,41.03,0.31,1.9,1.29,0.0,7.192,9.1275,3.75,Available
D0108,2026-03-01,40.02,39.24,0.32,1.79,1.23,0.0,7.0489,9.636,3.78,Available
D0108,2026-04-01,42.07,37.63,0.29,1.61,1.18,0.0,7.5525,9.372,3.53,Available
D0108,2026-05-01,36.55,36.25,0.28,1.38,1.13,0.0,6.3808,9.1787,3.33,Available
D0108,2026-06-01,38.02,34.84,0.28,1.41,1.09,0.0,7.351,9.7043,3.38,Available
D0108,2026-07-01,38.27,33.38,0.25,1.46,1.05,0.4,6.4893,9.1261,3.05,Available
D0109,2025-12-01,328.53,324.39,2.64,18.21,14.84,0.0,6.4921,9.7508,31.63,Available
D0109,2026-01-01,330.02,305.88,2.15,18.51,14.05,0.0,6.743,8.444,25.83,Available
D0109,2026-02-01,317.19,284.3,2.02,21.58,13.25,0.0,5.7293,8.5132,24.2,Available
D0109,2026-03-01,278.45,269.34,2.05,14.96,12.31,3.97,7.319,9.1457,24.63,Available
D0109,2026-04-01,273.16,254.24,1.75,15.1,11.66,0.0,6.7506,8.2761,21.04,Available
D0109,2026-05-01,258.42,237.88,1.74,16.36,11.01,2.49,7.1085,8.7808,20.89,Available
D0109,2026-06-01,240.97,221.15,1.75,16.73,10.3,0.0,6.316,9.4877,20.98,Available
D0109,2026-07-01,214.48,208.72,1.67,12.43,9.58,0.0,7.4794,9.5759,19.99,Available
D0110,2025-12-01,166.37,155.98,1.45,7.82,4.72,0.0,8.7681,11.1306,17.36,Available
D0110,2026-01-01,168.37,148.64,1.32,7.34,4.49,0.0,7.3371,10.6831,15.88,Available
D0110,2026-02-01,154.86,141.49,1.32,7.15,4.28,0.0,8.0934,11.1663,15.8,Available
D0110,2026-03-01,137.41,134.06,1.27,7.43,4.08,0.36,7.9198,11.3418,15.2,Available
D0110,2026-04-01,143.56,127.94,0.95,6.12,3.86,0.0,7.3668,8.9409,11.44,Available
D0110,2026-05-01,124.75,119.02,1.09,8.92,3.69,0.0,7.8522,10.9677,13.05,Available
D0110,2026-06-01,125.16,113.79,0.95,5.23,3.43,0.0,7.9718,9.9696,11.34,Available
D0110,2026-07-01,113.3,109.27,0.98,4.52,3.28,0.0,9.2088,10.7314,11.73,Available
D0111,2025-06-01,134.69,123.5,1.12,5.85,5.8,0.0,7.9033,10.9256,13.49,Available
D0111,2025-07-01,124.7,117.93,0.96,5.57,5.54,0.0,7.8917,9.8097,11.57,Available
D0111,2025-08-01,121.79,112.6,0.96,5.33,5.29,0.0,6.9125,10.2432,11.53,Available
D0111,2025-09-01,116.23,107.51,0.92,5.09,5.05,0.0,7.8979,10.2875,11.06,Available
D0111,2025-10-01,113.33,102.67,0.71,4.84,4.82,0.0,5.9983,8.2626,8.48,Available
D0111,2025-11-01,98.86,98.04,0.68,4.63,4.61,0.0,6.4983,8.2626,8.1,Available
D0111,2025-12-01,94.35,93.6,0.74,4.44,4.4,0.0,6.9337,9.4482,8.84,Available
D0111,2026-01-01,93.42,85.75,0.74,7.85,4.2,0.0,6.9741,10.4117,8.93,Available
D0111,2026-02-01,91.97,81.87,0.75,3.88,3.85,0.0,7.7547,10.9329,8.95,Available
D0111,2026-03-01,79.87,78.17,0.7,3.7,3.67,0.0,7.5406,10.7529,8.41,Available
D0111,2026-04-01,76.48,74.65,0.55,3.52,3.51,0.0,7.263,8.8571,6.61,Available
D0111,2026-05-01,76.15,71.29,0.55,3.36,3.35,0.0,7.1334,9.2239,6.58,Available
D0111,2026-06-01,68.13,68.06,0.52,3.23,3.2,0.0,6.7388,9.1796,6.25,Available
D0111,2026-07-01,65.55,65.0,0.54,3.06,3.05,0.0,6.4872,9.9044,6.44,Available
D0112,2025-08-01,209.1,188.06,1.95,12.27,7.2,0.0,10.3386,12.4172,23.35,Available
D0112,2025-09-01,199.13,177.7,2.09,10.36,6.76,0.0,10.9976,14.0829,25.03,Available
D0112,2025-10-01,192.75,169.31,1.85,8.39,6.39,0.0,10.4338,13.0862,22.16,Available
D0112,2025-11-01,161.85,158.76,1.65,10.55,6.09,0.0,10.3603,12.4627,19.79,Available
D0112,2025-12-01,157.5,150.06,1.67,8.7,5.71,0.0,11.0635,13.3661,20.06,Available
D0112,2026-01-01,153.56,138.39,1.55,11.67,5.4,0.0,11.8233,13.4113,18.56,Available
D0112,2026-02-01,134.35,131.96,1.59,6.43,4.98,0.0,11.824,14.414,19.02,Available
D0112,2026-03-01,127.34,124.66,1.36,7.3,4.74,0.22,10.3584,13.1366,16.38,Available
D0112,2026-04-01,124.27,117.72,1.25,6.94,4.48,0.0,10.3052,12.7253,14.98,Available
D0112,2026-05-01,117.74,111.19,1.15,6.53,4.23,0.0,10.5415,12.4148,13.8,Available
D0112,2026-06-01,117.59,104.78,1.06,6.41,4.0,0.0,9.906,12.1036,12.68,Available
D0112,2026-07-01,101.57,99.52,1.04,5.26,3.77,0.0,9.877,12.5581,12.5,Available
D0113,2025-12-01,235.47,234.9,1.79,10.11,7.25,0.0,7.3724,9.1211,21.43,Available
D0113,2026-01-01,253.41,223.67,1.79,11.23,6.95,0.0,7.6992,9.6219,21.52,Available
D0113,2026-02-01,234.74,212.84,1.66,10.83,6.61,0.0,6.6661,9.3603,19.92,Available
D0113,2026-03-01,232.97,203.39,1.54,9.45,6.29,0.0,7.5852,9.1093,18.53,Available
D0113,2026-04-01,202.0,193.4,1.6,9.99,6.01,0.0,7.5539,9.9492,19.24,Available
D0113,2026-05-01,187.54,185.79,1.72,7.61,5.72,0.09,8.0065,11.1061,20.63,Available
D0113,2026-06-01,197.07,178.84,1.61,6.95,5.49,0.0,8.3913,10.7737,19.27,Available
D0113,2026-07-01,183.32,171.97,1.4,6.87,5.29,0.0,7.5535,9.7472,16.76,Available
D0114,2024-05-01,310.89,280.98,2.24,6.72,6.29,0.0,7.5353,9.566,26.88,Available
D0114,2024-06-01,314.53,273.95,2.21,7.03,6.14,0.0,6.7967,9.6855,26.53,Available
D0114,2024-07-01,293.38,267.57,1.83,6.38,5.99,0.0,6.5528,8.2127,21.97,Available
D0114,2024-08-01,269.39,260.98,1.96,6.59,5.85,7.33,6.7248,9.034,23.58,Available
D0114,2024-09-01,264.42,254.35,2.22,6.63,5.7,0.0,7.7755,10.49,26.68,Available
D0114,2024-10-01,255.07,248.16,1.79,6.19,5.56,0.0,7.0467,8.6451,21.45,Available
D0114,2024-11-01,250.81,241.94,1.92,6.22,5.42,0.0,6.9579,9.542,23.09,Available
D0114,2024-12-01,,,,,,,,,,Missing
D0114,2025-01-01,257.52,230.36,1.86,5.58,5.16,0.0,7.2126,9.6707,22.28,Available
D0114,2025-02-01,255.76,224.7,2.17,5.66,5.03,0.0,8.3402,11.5774,26.01,Available
D0114,2025-03-01,238.57,219.06,1.87,5.64,4.91,5.89,7.4996,10.2342,22.42,Available
D0114,2025-04-01,237.02,213.89,1.49,5.17,4.79,0.0,6.5539,8.3728,17.91,Available
D0114,2025-05-01,234.81,204.41,1.58,9.48,4.67,0.0,7.2695,9.2722,18.95,Available
D0114,2025-06-01,205.7,199.35,1.57,5.06,4.47,0.0,7.3875,9.4742,18.89,Available
D0114,2025-07-01,214.0,194.39,1.32,4.96,4.36,0.0,6.6411,8.1593,15.86,Available
D0114,2025-08-01,200.8,189.73,1.39,4.66,4.25,0.0,7.0399,8.7936,16.68,Available
D0114,2025-09-01,211.76,185.12,1.4,4.61,4.15,0.0,7.1753,9.0788,16.81,Available
D0114,2025-10-01,185.03,180.83,1.26,4.29,4.05,0.0,6.4506,8.3775,15.15,Available
D0114,2025-11-01,188.82,176.45,1.33,4.38,3.95,0.0,6.5928,9.0783,16.02,Available
D0114,2025-12-01,182.22,171.94,1.23,4.51,3.86,0.0,7.0203,8.5878,14.77,Available
D0114,2026-01-01,169.49,160.39,1.19,11.55,3.76,0.0,7.303,8.9077,14.29,Available
D0114,2026-02-01,158.41,156.42,1.38,3.97,3.51,0.0,7.8115,10.5718,16.54,Reconciliation Required
D0114,2026-03-01,158.72,152.54,1.48,3.88,3.42,0.0,8.3127,11.6083,17.71,Available
D0114,2026-04-01,158.04,148.67,1.21,3.87,3.33,0.0,7.4073,9.7634,14.52,Available
D0114,2026-05-01,150.2,144.87,1.36,3.8,3.25,0.0,8.1002,11.2857,16.35,Available
D0114,2026-06-01,149.76,141.21,1.16,3.66,3.17,0.0,6.7261,9.8452,13.9,Available
D0114,2026-07-01,150.14,137.84,1.07,3.37,3.09,0.0,7.2726,9.3071,12.83,Available
D0115,2024-10-01,83.7,74.35,0.62,3.29,3.06,0.0,7.0112,10.0083,7.44,Available
D0115,2024-11-01,75.55,71.0,0.6,3.35,2.93,0.0,7.1725,10.0846,7.16,Available
D0115,2024-12-01,76.02,67.87,0.53,3.13,2.8,0.0,6.6364,9.3308,6.33,Available
D0115,2025-01-01,66.98,64.82,0.52,3.05,2.67,0.0,7.937,9.7006,6.29,Available
D0115,2025-02-01,70.57,61.89,0.5,2.93,2.55,0.0,6.9328,9.6042,5.94,Available
D0115,2025-03-01,61.17,59.15,0.55,2.74,2.44,0.58,7.7934,11.159,6.6,Available
D0115,2025-04-01,,,,,,,,,,Missing
D0115,2025-05-01,61.77,54.14,0.48,2.38,2.23,0.0,7.3079,10.6387,5.76,Available
D0115,2025-06-01,55.62,51.71,0.43,2.43,2.13,0.0,7.5746,9.9968,5.17,Available
D0115,2025-07-01,52.72,49.38,0.34,2.33,2.04,0.0,6.552,8.3095,4.1,Available
D0115,2025-08-01,49.95,47.2,0.33,2.18,1.94,0.0,6.4249,8.5051,4.01,Available
D0115,2025-09-01,47.6,45.1,0.36,2.1,1.86,0.0,6.9233,9.5744,4.32,Available
D0115,2025-10-01,43.24,43.08,0.31,2.02,1.78,0.0,6.6303,8.6723,3.74,Available
D0115,2025-11-01,42.39,41.2,0.35,1.88,1.7,0.0,7.2353,10.3289,4.26,Available
D0115,2025-12-01,42.81,38.02,0.3,3.18,1.62,0.18,7.5801,9.3188,3.54,Available
D0115,2026-01-01,38.06,36.3,0.3,1.72,1.5,0.0,8.1052,9.8031,3.56,Available
D0115,2026-02-01,39.5,34.68,0.3,1.62,1.43,0.0,7.8144,10.3129,3.58,Available
D0115,2026-03-01,38.0,33.19,0.25,1.49,1.37,0.0,7.3829,9.0827,3.01,Available
D0115,2026-04-01,33.3,31.35,0.28,1.84,1.31,0.0,7.6948,10.7686,3.38,Available
D0115,2026-05-01,31.5,30.04,0.24,1.31,1.23,0.0,7.5406,9.7464,2.93,Available
D0115,2026-06-01,30.72,28.69,0.23,1.35,1.18,0.0,6.8303,9.5078,2.73,Available
D0115,2026-07-01,31.59,27.48,0.24,1.21,1.13,0.0,7.3114,10.6357,2.92,Available
D0116,2025-08-01,46.61,43.92,0.5,1.88,0.94,0.0,10.1347,13.5514,5.95,Available
D0116,2025-09-01,44.87,42.26,0.41,1.66,0.9,0.0,9.2074,11.7328,4.96,Available
D0116,2025-10-01,40.72,40.54,0.42,1.72,0.87,0.0,9.8171,12.3864,5.02,Available
D0116,2025-11-01,43.34,38.85,0.36,1.69,0.83,0.0,9.7041,11.2283,4.36,Available
D0116,2025-12-01,40.47,37.25,0.39,1.6,0.8,0.0,9.3507,12.4932,4.65,Available
D0116,2026-01-01,37.81,35.72,0.37,1.53,0.76,0.0,10.5025,12.422,4.44,Available
D0116,2026-02-01,36.68,34.71,0.39,1.01,0.73,0.0,10.6307,13.6377,4.73,Available
D0116,2026-03-01,34.69,33.57,0.36,1.14,0.71,0.58,10.0435,12.8218,4.3,Available
D0116,2026-04-01,35.83,32.61,0.3,0.96,0.69,0.0,9.5175,11.1078,3.62,Available
D0116,2026-05-01,31.81,31.6,0.34,1.01,0.67,0.0,9.7387,12.8562,4.06,Available
D0116,2026-06-01,31.95,30.66,0.3,0.94,0.65,0.0,9.5146,11.6788,3.58,Available
D0116,2026-07-01,33.1,29.78,0.31,0.88,0.63,0.0,10.9583,12.651,3.77,Available
D0117,2025-01-01,180.17,169.36,1.85,8.72,7.11,0.58,10.5825,13.1095,22.2,Available
D0117,2025-02-01,177.75,160.34,1.84,9.02,6.77,0.0,11.1926,13.7366,22.03,Available
D0117,2025-03-01,159.02,152.69,1.64,7.65,6.41,0.0,9.8073,12.9193,19.73,Available
D0117,2025-04-01,161.74,145.64,1.41,7.05,6.1,0.0,9.2579,11.6166,16.92,Available
D0117,2025-05-01,148.36,138.38,1.52,7.26,5.82,0.0,10.8685,13.2085,18.28,Available
D0117,2025-06-01,135.52,131.92,1.33,6.46,5.53,0.0,9.8004,12.0683,15.92,Available
D0117,2025-07-01,135.16,125.21,1.45,6.71,5.27,0.0,10.4569,13.9204,17.43,Available
D0117,2025-08-01,125.51,118.72,1.23,6.49,5.0,0.0,10.6102,12.4036,14.73,Available
D0117,2025-09-01,120.17,113.04,1.09,5.68,4.74,0.0,10.0126,11.5594,13.07,Available
D0117,2025-10-01,115.98,107.85,1.14,5.19,4.52,0.0,10.2525,12.6531,13.65,Available
D0117,2025-11-01,102.59,102.04,1.06,5.81,4.31,0.0,9.8414,12.4878,12.74,Available
D0117,2025-12-01,105.86,96.75,1.0,5.29,4.08,0.0,9.4542,12.3831,11.98,Available
D0117,2026-01-01,101.5,91.81,0.91,4.94,3.87,0.0,9.2311,11.8929,10.92,Available
D0117,2026-02-01,99.93,87.02,0.97,4.79,3.67,0.0,10.7949,13.3446,11.61,Available
D0117,2026-03-01,89.06,82.68,0.84,4.34,3.48,0.0,10.2951,12.2154,10.1,Available
D0117,2026-04-01,90.63,78.94,0.81,3.74,3.3,0.0,10.0379,12.2771,9.69,Available
D0117,2026-05-01,80.7,74.95,0.8,3.99,3.15,0.0,10.7798,12.8069,9.6,Available
D0117,2026-06-01,77.58,71.24,0.72,3.71,2.99,1.46,10.4028,12.2047,8.69,Available
D0117,2026-07-01,71.33,67.93,0.72,3.31,2.85,0.0,9.9947,12.7588,8.67,Available
D0118,2024-11-01,21.91,19.95,0.18,0.71,0.47,0.0,8.484,10.7579,2.15,Available
D0118,2024-12-01,21.78,19.15,0.17,0.8,0.45,0.0,8.2323,10.7092,2.05,Available
D0118,2025-01-01,18.66,18.3,0.18,0.85,0.43,0.0,9.2932,11.7026,2.14,Available
D0118,2025-02-01,18.41,17.68,0.15,0.62,0.41,0.0,8.3166,10.2785,1.82,Available
D0118,2025-03-01,17.04,16.92,0.15,0.76,0.4,0.0,8.3151,10.7233,1.81,Available
D0118,2025-04-01,18.3,16.38,0.16,0.54,0.38,0.0,8.3016,11.5261,1.89,Available
D0118,2025-05-01,16.61,15.58,0.15,0.8,0.37,0.0,8.6378,11.7385,1.83,Available
D0118,2025-06-01,15.61,14.88,0.12,0.7,0.35,0.0,7.7703,9.4706,1.41,Available
D0118,2025-07-01,15.6,14.23,0.12,0.65,0.34,0.0,7.7199,9.9349,1.41,Available
D0118,2025-08-01,14.2,13.63,0.13,0.6,0.32,0.0,8.4968,11.4186,1.56,Available
D0118,2025-09-01,13.72,13.11,0.11,0.52,0.31,0.0,7.5863,9.709,1.27,Available
D0118,2025-10-01,13.91,12.68,0.12,0.43,0.3,0.0,9.2252,11.1788,1.42,Available
D0118,2025-11-01,13.99,12.27,0.11,0.41,0.29,0.04,8.2744,10.5615,1.3,Available
D0118,2025-12-01,11.52,11.43,0.1,0.84,0.28,0.0,8.6293,11.0221,1.26,Available
D0118,2026-01-01,11.87,11.02,0.1,0.41,0.26,0.0,8.2749,10.4892,1.16,Available
D0118,2026-02-01,11.77,10.48,0.1,0.54,0.25,0.0,7.7,11.1794,1.17,Available
D0118,2026-03-01,10.19,9.99,0.09,0.49,0.24,0.0,9.3972,11.3331,1.13,Available
D0118,2026-04-01,10.99,9.63,0.08,0.36,0.23,0.0,7.7928,10.0029,0.96,Available
D0118,2026-05-01,9.91,9.21,0.08,0.42,0.22,0.18,8.2049,10.1719,0.94,Available
D0118,2026-06-01,9.53,8.79,0.07,0.42,0.21,0.0,8.4001,10.0776,0.89,Available
D0118,2026-07-01,9.49,8.41,0.08,0.38,0.2,0.06,9.1799,10.8608,0.91,Available
D0119,2026-05-01,205.06,191.65,1.71,8.78,8.44,0.0,9.1858,10.7337,20.57,Available
D0119,2026-06-01,186.73,183.37,1.85,8.28,8.07,0.0,10.2708,12.1242,22.23,Available
D0119,2026-07-01,194.87,175.38,1.67,7.99,7.72,0.0,8.9368,11.4109,20.01,Available
D0120,2026-01-01,333.07,314.02,2.96,19.75,15.92,8.46,8.4762,11.305,35.5,Available
D0120,2026-02-01,307.9,294.65,2.83,19.37,14.98,0.0,8.4322,11.5077,33.91,Available
D0120,2026-03-01,285.53,277.08,2.44,17.57,14.05,0.0,7.4484,10.583,29.32,Available
D0120,2026-04-01,261.84,246.84,1.84,30.24,13.22,0.0,7.1921,8.9428,22.07,Available
D0120,2026-05-01,263.82,230.56,1.99,16.28,11.77,0.0,8.5727,10.3758,23.92,Available
D0120,2026-06-01,241.9,215.43,1.72,15.13,11.0,0.0,7.3384,9.6073,20.7,Available
D0120,2026-07-01,231.42,201.5,1.91,13.93,10.28,0.0,8.3838,11.3763,22.92,Available
D0121,2026-04-01,,,,,,,,,,Missing
D0121,2026-05-01,285.87,262.69,2.14,16.21,9.04,0.0,7.7323,9.7696,25.66,Available
D0121,2026-06-01,262.78,247.17,2.22,15.52,8.52,0.0,8.8432,10.7846,26.66,Reconciliation Required
D0121,2026-07-01,255.57,233.32,2.06,13.85,8.01,0.0,8.4615,10.6163,24.77,Available
D0122,2026-01-01,271.77,259.92,2.43,8.74,7.6,0.0,9.6033,11.2286,29.19,Available
D0122,2026-02-01,254.9,250.76,2.68,9.16,7.35,0.0,9.702,12.8291,32.17,Available
D0122,2026-03-01,254.6,241.67,2.67,9.09,7.09,0.0,10.1848,13.2494,32.02,Available
D0122,2026-04-01,239.51,233.12,2.33,8.55,6.83,0.0,10.1547,11.9706,27.91,Available
D0122,2026-05-01,232.18,224.88,2.31,8.24,6.59,0.0,10.7227,12.3127,27.69,Available
D0122,2026-06-01,227.02,216.17,2.23,8.71,6.36,0.0,9.3744,12.3603,26.72,Available
D0122,2026-07-01,215.91,207.93,2.27,8.24,6.11,6.04,9.761,13.1117,27.26,Available
D0123,2025-04-01,184.93,178.67,1.53,9.41,6.86,0.0,8.2624,10.2448,18.3,Available
D0123,2025-05-01,178.16,170.67,1.69,8.0,6.52,0.0,9.0326,11.9059,20.32,Available
D0123,2025-06-01,176.04,163.37,1.37,7.3,6.23,0.0,7.6367,10.0527,16.42,Available
D0123,2025-07-01,163.68,156.13,1.39,7.24,5.96,0.0,9.1838,10.7117,16.72,Available
D0123,2025-08-01,166.9,148.93,1.45,7.2,5.7,0.0,8.8114,11.7081,17.44,Available
D0123,2025-09-01,147.11,142.7,1.06,6.23,5.43,0.0,7.2699,8.9414,12.76,Available
D0123,2025-10-01,149.62,136.68,1.2,6.02,5.21,0.0,8.2372,10.5623,14.44,Available
D0123,2025-11-01,144.2,131.01,1.08,5.67,4.99,0.0,8.2878,9.8785,12.94,Available
D0123,2025-12-01,137.26,125.2,1.03,5.81,4.78,0.0,8.2917,9.8975,12.39,Available
D0123,2026-01-01,134.58,120.02,0.99,5.18,4.57,0.0,7.8869,9.8757,11.85,Available
D0123,2026-02-01,117.13,113.97,1.02,6.05,4.38,0.0,9.1755,10.742,12.24,Available
D0123,2026-03-01,122.98,108.21,1.02,5.76,4.16,0.0,7.9059,11.2907,12.22,Available
D0123,2026-04-01,,,,,,,,,,Missing
D0123,2026-05-01,110.09,99.11,0.87,4.29,3.77,0.0,8.5699,10.5821,10.49,Available
D0123,2026-06-01,105.54,94.99,0.74,4.12,3.62,0.0,7.4143,9.3259,8.86,Available
D0123,2026-07-01,104.27,90.94,0.7,4.05,3.47,0.0,7.2176,9.1818,8.35,Available
D0124,2025-12-01,201.14,199.75,1.79,7.37,4.95,0.0,8.0235,10.7514,21.48,Available
D0124,2026-01-01,198.18,191.63,1.69,8.12,4.78,0.0,8.9027,10.6048,20.32,Available
D0124,2026-02-01,192.37,185.31,1.85,6.32,4.58,4.43,9.0334,11.9993,22.24,Available
D0124,2026-03-01,186.63,178.63,1.67,6.68,4.43,0.0,8.7414,11.2426,20.08,Available
D0124,2026-04-01,182.78,171.72,1.62,6.91,4.27,0.0,8.8226,11.3466,19.48,Available
D0124,2026-05-01,175.99,164.77,1.51,6.95,4.11,0.0,8.6368,11.0113,18.14,Available
D0124,2026-06-01,173.22,158.37,1.4,6.4,3.94,0.0,8.0263,10.6266,16.83,Available
D0124,2026-07-01,156.59,152.53,1.27,5.84,3.79,0.0,7.8012,9.9704,15.21,Available
D0125,2024-09-01,89.69,87.62,0.91,4.37,2.9,0.0,10.1219,12.4021,10.87,Available
D0125,2024-10-01,85.85,82.55,0.89,5.07,2.76,0.0,10.8169,12.9172,10.66,Available
D0125,2024-11-01,88.92,78.57,0.79,3.98,2.6,0.0,10.2541,12.0726,9.49,Available
D0125,2024-12-01,77.65,73.9,0.8,4.67,2.48,0.0,10.2106,13.0444,9.64,Available
D0125,2025-01-01,75.91,69.87,0.78,4.03,2.33,0.0,10.1262,13.3876,9.35,Available
D0125,2025-02-01,69.84,66.0,0.71,3.87,2.2,0.0,9.8284,12.8384,8.47,Available
D0125,2025-03-01,69.2,63.1,0.72,2.9,2.08,0.0,11.3367,13.752,8.68,Available
D0125,2025-04-01,67.72,59.35,0.66,3.75,1.99,0.0,11.2008,13.2437,7.86,Available
D0125,2025-05-01,62.92,56.29,0.56,3.06,1.87,0.0,10.3125,11.8648,6.68,Available
D0125,2025-06-01,59.42,53.4,0.58,2.89,1.77,0.0,10.3722,13.104,7.0,Available
D0125,2025-07-01,54.18,50.4,0.54,3.0,1.68,0.0,9.9291,12.7767,6.44,Available
D0125,2025-08-01,47.62,47.46,0.49,2.94,1.59,0.0,10.7262,12.2847,5.83,Available
D0125,2025-09-01,45.1,45.07,0.54,2.39,1.5,0.0,11.3179,14.4781,6.53,Available
D0125,2025-10-01,46.31,42.75,0.48,2.32,1.42,0.0,10.5422,13.4654,5.76,Available
D0125,2025-11-01,42.8,40.39,0.44,2.36,1.35,0.0,9.6916,13.1497,5.31,Available
D0125,2025-12-01,42.94,38.14,0.45,2.25,1.27,0.0,11.2821,14.067,5.37,Available
D0125,2026-01-01,38.03,35.85,0.37,2.29,1.2,0.0,10.2449,12.4338,4.46,Available
D0125,2026-02-01,37.26,34.24,0.37,1.61,1.13,0.0,9.7885,13.0096,4.45,Available
D0125,2026-03-01,37.71,32.82,0.37,1.42,1.08,0.0,10.6387,13.4686,4.42,Available
D0125,2026-04-01,33.96,31.07,0.35,1.75,1.03,0.0,11.0657,13.486,4.19,Available
D0125,2026-05-01,32.04,29.39,0.33,1.68,0.98,0.0,11.2016,13.3589,3.93,Available
D0125,2026-06-01,29.3,27.64,0.27,1.75,0.93,0.0,10.1033,11.6584,3.22,Reconciliation Required
D0125,2026-07-01,27.09,26.2,0.26,1.44,0.87,0.0,10.1272,11.7898,3.09,Available
D0126,2026-04-01,164.27,152.1,1.46,5.44,4.44,0.0,8.6698,11.5411,17.55,Available
D0126,2026-05-01,168.48,147.37,1.41,4.73,4.28,0.0,8.5494,11.5061,16.96,Available
D0126,2026-06-01,144.64,142.42,1.33,4.95,4.15,0.0,8.5779,11.1667,15.9,Available
D0126,2026-07-01,,,,,,,,,,Missing
D0127,2025-04-01,82.3,72.96,0.64,1.91,1.6,0.0,7.2964,10.5598,7.7,Available
D0127,2025-05-01,77.4,70.99,0.58,1.97,1.56,0.0,6.4904,9.7427,6.92,Available
D0127,2025-06-01,78.88,69.18,0.65,1.81,1.52,0.0,7.9044,11.195,7.74,Available
D0127,2025-07-01,67.99,67.37,0.53,1.81,1.48,0.0,7.7815,9.4309,6.35,Available
D0127,2025-08-01,74.33,65.31,0.45,2.06,1.44,0.0,6.5637,8.2631,5.4,Available
D0127,2025-09-01,68.4,63.67,0.46,1.64,1.4,0.0,7.0162,8.689,5.53,Available
D0127,2025-10-01,62.21,62.06,0.57,1.61,1.36,0.0,7.8011,10.9963,6.82,Available
D0127,2025-11-01,67.44,60.19,0.45,1.87,1.33,0.0,6.4787,9.0202,5.43,Available
D0127,2025-12-01,59.88,58.68,0.43,1.51,1.29,0.0,6.7178,8.8159,5.17,Available
D0127,2026-01-01,61.34,56.98,0.42,1.7,1.26,0.0,6.4805,8.9334,5.09,Available
D0127,2026-02-01,56.14,55.48,0.51,1.5,1.22,0.0,7.9423,11.0195,6.11,Available
D0127,2026-03-01,58.61,53.94,0.37,1.54,1.19,0.0,6.4483,8.1925,4.42,Available
D0127,2026-04-01,54.4,52.53,0.36,1.41,1.16,0.0,6.666,8.3183,4.37,Available
D0127,2026-05-01,54.15,51.17,0.44,1.36,1.13,0.0,7.5533,10.3771,5.31,Available
D0127,2026-06-01,53.54,49.83,0.45,1.34,1.1,0.0,7.7737,10.789,5.38,Available
D0127,2026-07-01,55.39,48.58,0.43,1.25,1.07,0.0,7.4469,10.5644,5.13,Available
D0128,2025-11-01,45.94,40.04,0.31,1.77,1.42,0.51,6.691,9.2044,3.69,Available
D0128,2025-12-01,42.75,37.47,0.3,2.57,1.36,0.79,7.2185,9.6213,3.61,Available
D0128,2026-01-01,36.9,35.91,0.28,1.56,1.27,0.0,6.127,9.3305,3.35,Available
D0128,2026-02-01,36.36,34.46,0.25,1.45,1.22,0.0,6.3792,8.6025,2.96,Available
D0128,2026-03-01,36.0,32.78,0.3,1.68,1.17,0.0,7.734,10.952,3.59,Available
D0128,2026-04-01,30.59,29.79,0.21,2.99,1.11,0.0,5.9886,8.3306,2.48,Available
D0128,2026-05-01,31.11,28.39,0.18,1.4,1.01,0.0,6.1461,7.653,2.17,Available
D0128,2026-06-01,27.55,27.14,0.2,1.25,0.97,0.0,5.9234,9.0318,2.45,Available
D0128,2026-07-01,27.4,26.03,0.19,1.11,0.92,0.0,6.897,8.6196,2.24,Available
D0129,2024-04-01,134.05,125.2,1.42,6.2,5.75,0.0,11.0722,13.6443,17.08,Available
D0129,2024-05-01,124.19,119.31,1.19,5.89,5.48,0.0,10.449,12.0129,14.33,Available
D0129,2024-06-01,126.93,113.61,1.29,5.7,5.22,0.0,11.4084,13.6545,15.51,Reconciliation Required
D0129,2024-07-01,111.26,108.11,1.17,5.5,4.97,0.0,9.934,12.9826,14.04,Available
D0129,2024-08-01,117.13,102.88,1.12,5.23,4.73,0.0,10.3537,13.0378,13.41,Available
D0129,2024-09-01,,,,,,,,,,Missing
D0129,2024-10-01,100.7,93.15,1.0,4.76,4.29,0.0,11.1595,12.9148,12.03,Available
D0129,2024-11-01,93.3,88.91,0.94,4.24,4.08,0.0,9.8199,12.7445,11.33,Available
D0129,2024-12-01,85.91,84.7,0.93,4.21,3.89,0.0,10.1158,13.1377,11.13,Available
D0129,2025-01-01,82.33,80.77,0.96,3.93,3.71,0.0,11.0643,14.3319,11.58,Available
D0129,2025-02-01,79.65,77.08,0.77,3.69,3.54,0.0,10.4195,11.9646,9.22,Reconciliation Required
D0129,2025-03-01,78.45,73.34,0.92,3.74,3.37,0.0,11.5901,15.0809,11.06,Available
D0129,2025-04-01,77.52,69.98,0.77,3.36,3.21,0.0,10.3187,13.2695,9.29,Available
D0129,2025-05-01,74.74,66.6,0.66,3.38,3.06,0.0,10.4475,11.975,7.98,Available
D0129,2025-06-01,70.67,63.37,0.66,3.23,2.92,0.0,10.4553,12.5674,7.96,Available
D0129,2025-07-01,64.34,60.44,0.64,2.93,2.77,0.0,9.9718,12.6773,7.66,Available
D0129,2025-08-01,57.69,57.56,0.62,2.88,2.65,0.0,10.4245,13.0109,7.49,Available
D0129,2025-09-01,58.0,54.94,0.65,2.62,2.52,0.0,11.1729,14.1852,7.79,Available
D0129,2025-10-01,57.65,52.43,0.59,2.51,2.41,0.0,11.4535,13.3988,7.02,Available
D0129,2025-11-01,52.05,49.95,0.53,2.48,2.3,0.0,11.2001,12.7411,6.36,Available
D0129,2025-12-01,49.77,47.62,0.48,2.33,2.19,0.0,9.9422,12.0337,5.73,Available
D0129,2026-01-01,47.31,45.39,0.43,2.23,2.08,0.0,9.8871,11.4054,5.18,Available
D0129,2026-02-01,43.43,43.22,0.45,2.17,1.99,0.0,11.037,12.5465,5.42,Available
D0129,2026-03-01,43.62,41.16,0.49,2.06,1.89,0.0,10.956,14.3406,5.9,Available
D0129,2026-04-01,41.48,39.22,0.43,1.94,1.8,0.0,9.7266,13.0829,5.13,Available
D0129,2026-05-01,38.71,37.37,0.43,1.85,1.72,0.0,11.3109,13.7153,5.13,Available
D0129,2026-06-01,36.61,35.64,0.37,1.73,1.64,0.0,10.2887,12.3709,4.41,Available
D0129,2026-07-01,34.11,34.01,0.35,1.63,1.56,0.14,10.8663,12.4585,4.24,Available
D0130,2024-04-01,235.71,230.29,1.86,11.48,9.22,0.0,7.6016,9.6926,22.32,Available
D0130,2024-05-01,250.28,220.36,1.79,9.93,8.79,0.0,6.7169,9.7551,21.5,Available
D0130,2024-06-01,241.97,210.67,1.59,9.69,8.41,0.0,6.5918,9.0415,19.05,Available
D0130,2024-07-01,,,,,,,,,,Missing
D0130,2024-08-01,192.25,192.03,1.5,9.41,7.69,0.0,6.2395,9.3821,18.02,Available
D0130,2024-09-01,189.14,183.32,1.44,8.71,7.33,0.0,6.6471,9.4331,17.29,Available
D0130,2024-10-01,179.73,174.91,1.54,8.41,6.99,0.0,7.7959,10.5882,18.52,Available
D0130,2024-11-01,185.08,167.09,1.17,7.82,6.67,0.0,6.1166,8.3697,13.98,Available
D0130,2024-12-01,176.81,159.42,1.06,7.67,6.37,0.0,5.8603,7.9785,12.72,Available
D0130,2025-01-01,168.51,151.94,1.3,7.48,6.08,0.0,7.2287,10.288,15.63,Available
D0131,2024-10-01,279.43,267.8,2.37,8.14,6.65,4.29,8.4691,10.6321,28.47,Available
D0131,2024-11-01,289.15,259.67,2.27,8.13,6.45,0.0,8.3835,10.4749,27.2,Available
D0131,2024-12-01,267.96,252.05,1.9,7.62,6.26,5.07,6.6719,9.0277,22.75,Available
D0131,2025-01-01,249.92,245.32,1.87,6.73,6.07,0.0,6.8273,9.1635,22.48,Available
D0131,2025-02-01,253.21,238.65,2.1,6.67,5.91,0.0,7.9777,10.5726,25.23,Available
D0131,2025-03-01,248.15,231.53,1.97,7.12,5.75,0.0,8.4815,10.2093,23.64,Available
D0131,2025-04-01,220.65,216.26,1.79,15.27,5.58,0.0,7.7648,9.9354,21.49,Available
D0131,2025-05-01,235.85,210.05,1.79,6.21,5.21,0.0,8.4768,10.2529,21.54,Available
D0131,2025-06-01,212.98,204.22,1.44,5.83,5.06,0.0,6.7968,8.4644,17.29,Available
D0131,2025-07-01,222.98,196.24,1.62,7.98,4.92,0.0,7.7129,9.8862,19.4,Available
D0131,2025-08-01,196.48,190.56,1.75,5.68,4.73,0.0,8.1334,11.028,21.01,Available
D0131,2025-09-01,188.74,185.22,1.63,5.34,4.59,0.0,7.8598,10.585,19.61,Available
D0132,2025-06-01,147.17,135.58,1.31,6.53,4.88,0.0,9.234,11.5595,15.67,Available
D0132,2025-07-01,134.03,128.72,1.31,6.86,4.66,0.0,10.5175,12.2142,15.72,Available
D0132,2025-08-01,128.87,121.04,1.19,7.68,4.42,0.0,9.7441,11.8298,14.32,Available
D0132,2025-09-01,130.61,113.67,1.09,7.37,4.16,0.0,8.989,11.4647,13.03,Available
D0132,2025-10-01,112.99,107.91,1.06,5.76,3.91,1.58,8.9312,11.7765,12.71,Available
D0132,2025-11-01,108.39,101.88,1.0,6.03,3.71,0.0,9.7174,11.8044,12.03,Available
D0132,2025-12-01,101.65,95.8,0.84,6.08,3.5,0.0,8.9391,10.4825,10.04,Available
D0132,2026-01-01,98.91,91.58,0.89,4.22,3.29,0.0,9.465,11.619,10.64,Available
D0132,2026-02-01,93.21,87.35,0.84,4.23,3.15,0.0,9.7566,11.5093,10.05,Available
D0132,2026-03-01,88.15,82.68,0.79,4.67,3.0,0.0,9.9608,11.5044,9.51,Available
D0132,2026-04-01,82.18,78.63,0.86,4.05,2.84,0.0,10.4541,13.1052,10.3,Available
D0132,2026-05-01,79.67,74.18,0.69,4.45,2.7,0.0,9.0252,11.1106,8.24,Available
D0132,2026-06-01,79.21,69.69,0.62,4.49,2.55,0.0,9.1402,10.6527,7.42,Available
D0132,2026-07-01,68.53,65.66,0.72,4.03,2.39,0.0,9.8528,13.0808,8.59,Available
D0133,2026-03-01,197.82,173.22,1.67,9.15,7.23,0.0,8.7244,11.5857,20.07,Available
D0133,2026-04-01,166.72,165.33,1.37,7.89,6.87,0.0,8.1677,9.9798,16.5,Available
D0133,2026-05-01,174.12,156.94,1.46,8.39,6.56,0.0,8.8406,11.141,17.48,Available
D0133,2026-06-01,,,,,,,,,,Missing
D0133,2026-07-01,157.94,140.61,1.15,9.11,5.94,0.0,8.0424,9.8455,13.84,Available
D0134,2025-11-01,367.84,321.34,3.03,21.75,15.52,0.0,9.3246,11.3309,36.41,Available
D0134,2025-12-01,303.81,302.77,2.99,18.57,14.53,0.0,9.1973,11.8498,35.88,Available
D0134,2026-01-01,312.81,285.48,2.91,17.29,13.69,0.0,9.2891,12.2367,34.93,Available
D0134,2026-02-01,303.91,268.09,2.89,17.39,12.91,0.0,9.5936,12.9283,34.66,Available
D0134,2026-03-01,268.34,237.46,2.03,30.63,12.13,1.99,8.6696,10.2736,24.4,Available
D0134,2026-04-01,223.63,221.97,2.02,15.49,10.74,0.0,8.9721,10.9024,24.2,Available
D0134,2026-05-01,227.25,203.25,1.99,18.72,10.04,0.0,9.317,11.7674,23.92,Available
D0134,2026-06-01,204.65,189.74,1.63,13.51,9.19,0.0,8.3444,10.2779,19.5,Available
D0134,2026-07-01,184.81,177.31,1.66,12.43,8.58,0.0,9.5894,11.2257,19.9,Available
D0135,2025-06-01,274.94,251.05,1.77,7.75,7.29,0.0,6.5827,8.4646,21.25,Available
D0135,2025-07-01,250.85,243.65,2.06,7.4,7.07,0.0,7.6106,10.122,24.66,Available
D0135,2025-08-01,240.53,236.63,1.91,7.02,6.86,0.0,7.6145,9.6782,22.9,Available
D0135,2025-09-01,260.29,229.68,1.53,6.95,6.66,0.0,6.3957,7.9701,18.31,Available
D0135,2025-10-01,229.7,222.87,1.79,6.81,6.47,0.0,6.8622,9.6539,21.52,Available
D0135,2025-11-01,233.11,216.32,1.97,6.55,6.28,0.0,7.4715,10.9334,23.65,Available
D0135,2025-12-01,233.26,210.07,1.7,6.25,6.09,0.0,7.4792,9.6917,20.36,Available
D0135,2026-01-01,230.28,203.84,1.61,6.23,5.92,0.0,6.5104,9.4492,19.26,Available
D0135,2026-02-01,215.15,197.71,1.67,6.13,5.74,0.0,7.5369,10.1151,20.0,Available
D0135,2026-03-01,199.02,191.9,1.52,5.81,5.57,0.0,7.5205,9.4993,18.23,Available
D0135,2026-04-01,188.82,186.19,1.6,5.71,5.4,0.0,7.4742,10.2931,19.16,Available
D0135,2026-05-01,187.91,180.66,1.43,5.53,5.24,0.0,6.8874,9.4663,17.1,Available
D0135,2026-06-01,175.5,175.33,1.41,5.33,5.09,0.0,6.6204,9.6731,16.96,Available
D0135,2026-07-01,181.18,170.2,1.55,5.13,4.94,0.0,7.8925,10.9004,18.55,Available
D0136,2025-02-01,214.9,189.97,2.2,8.79,7.32,0.0,11.7675,13.9074,26.42,Available
D0136,2025-03-01,186.18,181.01,1.92,8.96,6.99,0.0,10.2824,12.7166,23.02,Available
D0136,2025-04-01,188.4,171.92,1.91,9.09,6.66,0.0,10.118,13.3027,22.87,Available
D0136,2025-05-01,175.52,163.98,1.79,7.94,6.33,0.0,9.9897,13.0764,21.44,Available
D0136,2025-06-01,157.84,154.86,1.63,9.12,6.04,0.0,10.8875,12.6679,19.62,Available
D0136,2025-07-01,156.6,146.85,1.46,8.01,5.7,0.0,10.3295,11.9525,17.55,Available
D0136,2025-08-01,154.57,140.36,1.55,6.49,5.4,0.0,11.3327,13.2196,18.56,Available
D0136,2025-09-01,146.44,132.67,1.52,7.69,5.17,0.0,10.5727,13.7702,18.27,Available
D0136,2025-10-01,143.8,126.12,1.43,6.55,4.88,0.0,10.3226,13.6292,17.19,Available
D0136,2025-11-01,133.57,119.71,1.28,6.41,4.64,0.0,10.4704,12.8394,15.37,Available
D0136,2025-12-01,128.41,113.82,1.2,5.89,4.41,0.0,10.4431,12.6984,14.45,Available
D0136,2026-01-01,108.19,103.81,1.27,10.01,4.19,0.0,11.567,14.7152,15.28,Available
D0136,2026-02-01,112.54,98.41,1.07,5.4,3.82,0.0,10.3293,13.0776,12.87,Available
D0136,2026-03-01,93.28,93.09,1.1,5.32,3.62,0.0,11.4022,14.1497,13.17,Available
D0136,2026-04-01,,,,,,,,,,Incomplete
D0136,2026-05-01,84.54,83.67,0.84,4.55,3.25,0.83,10.3996,12.092,10.12,Available
D0136,2026-06-01,85.71,79.06,0.93,4.61,3.08,0.0,11.8246,14.1273,11.17,Available
D0136,2026-07-01,77.24,74.95,0.84,4.11,2.91,1.34,10.163,13.5,10.12,Available
D0137,2025-07-01,221.41,206.77,1.72,8.23,6.36,0.0,7.3244,9.9653,20.61,Available
D0137,2025-08-01,218.0,199.08,1.47,7.69,6.11,0.0,6.5293,8.8556,17.63,Available
D0137,2025-09-01,219.3,190.82,1.19,8.26,5.88,0.0,5.7868,7.47,14.25,Available
D0137,2025-10-01,192.5,183.94,1.5,6.88,5.64,0.0,7.2475,9.7844,18.0,Available
D0137,2025-11-01,177.14,177.07,1.22,6.87,5.44,5.25,6.5439,8.301,14.7,Available
D0137,2025-12-01,170.96,169.7,1.38,7.37,5.23,0.0,7.4984,9.7806,16.6,Available
D0137,2026-01-01,170.77,162.53,1.22,7.17,5.02,0.0,6.3615,8.9805,14.6,Available
D0137,2026-02-01,177.33,156.67,1.2,5.86,4.8,0.0,6.2366,9.1959,14.41,Available
D0137,2026-03-01,159.56,150.93,1.15,5.74,4.63,0.0,5.85,9.1692,13.84,Available
D0137,2026-04-01,145.25,144.43,0.88,6.5,4.46,0.0,5.7259,7.3396,10.6,Available
D0137,2026-05-01,138.29,138.22,0.97,6.21,4.27,0.0,6.6533,8.3812,11.58,Available
D0137,2026-06-01,136.8,132.23,1.1,5.99,4.09,0.0,6.4865,9.9513,13.16,Available
D0137,2026-07-01,140.31,127.27,0.87,4.96,3.91,0.0,6.3397,8.1991,10.43,Available
D0138,2025-09-01,57.58,54.37,0.51,2.52,2.2,0.0,8.163,11.2036,6.09,Available
D0138,2025-10-01,56.93,51.98,0.43,2.39,2.1,0.0,8.0593,9.8335,5.11,Available
D0138,2025-11-01,54.98,49.77,0.42,2.21,2.01,0.0,7.7338,10.1515,5.05,Available
D0138,2025-12-01,53.39,46.44,0.44,3.33,1.92,0.0,8.1927,11.3491,5.27,Available
D0138,2026-01-01,50.22,44.47,0.32,1.97,1.79,0.0,6.7805,8.7695,3.9,Reconciliation Required
D0138,2026-02-01,46.01,42.46,0.34,2.01,1.72,0.0,7.7596,9.5386,4.05,Available
D0138,2026-03-01,45.04,40.58,0.38,1.88,1.64,0.0,7.8744,11.3718,4.61,Available
D0138,2026-04-01,43.97,38.91,0.32,1.67,1.57,0.0,7.3684,9.8263,3.82,Available
D0138,2026-05-01,38.44,37.23,0.32,1.68,1.5,0.0,7.2785,10.3995,3.87,Available
D0138,2026-06-01,39.13,35.63,0.28,1.6,1.44,0.0,7.6249,9.3005,3.31,Available
D0138,2026-07-01,36.26,34.04,0.29,1.59,1.38,0.18,8.0222,10.3724,3.53,Available
D0139,2025-06-01,,,,,,,,,,Missing
D0139,2025-07-01,4.99,4.36,0.05,0.2,0.16,0.0,9.468,12.3963,0.54,Available
D0139,2025-08-01,,,,,,,,,,Missing
D0139,2025-09-01,4.24,3.95,0.04,0.21,0.15,0.0,10.1746,12.8811,0.51,Available
D0139,2025-10-01,3.93,3.75,0.04,0.2,0.14,0.0,8.9008,11.4652,0.43,Available
D0139,2025-11-01,4.05,3.55,0.03,0.2,0.13,0.0,9.2736,10.9923,0.39,Available
D0139,2025-12-01,3.85,3.37,0.03,0.18,0.13,0.0,8.9132,10.6914,0.36,Available
D0139,2026-01-01,3.24,3.19,0.03,0.18,0.12,0.0,9.7542,11.4148,0.36,Available
D0139,2026-02-01,2.97,2.89,0.03,0.3,0.11,0.0,10.7328,13.6696,0.4,Available
D0139,2026-03-01,2.93,2.74,0.03,0.15,0.1,0.05,9.042,11.2412,0.31,Available
D0139,2026-04-01,2.63,2.57,0.03,0.17,0.1,0.0,10.573,13.5352,0.35,Available
D0139,2026-05-01,2.67,2.46,0.03,0.11,0.09,0.0,10.7477,12.7982,0.31,Available
D0139,2026-06-01,2.64,2.34,0.02,0.12,0.09,0.0,8.8291,10.6532,0.25,Available
D0139,2026-07-01,2.24,2.24,0.02,0.1,0.08,0.0,10.0511,13.324,0.3,Available
D0140,2026-04-01,,,,,,,,,,Missing
D0140,2026-05-01,316.09,288.6,2.59,19.7,14.97,0.0,7.6809,10.7661,31.07,Available
D0140,2026-06-01,301.07,270.16,2.33,18.44,14.02,0.0,7.2392,10.3527,27.97,Available
D0140,2026-07-01,270.8,252.05,2.28,18.11,13.12,0.0,7.804,10.8579,27.37,Available
D0141,2025-03-01,38.71,36.88,0.27,1.19,0.82,0.0,6.8605,8.7982,3.24,Available
D0141,2025-04-01,37.74,35.84,0.32,1.04,0.79,0.0,7.6671,10.8125,3.88,Available
D0141,2025-05-01,38.76,34.88,0.3,0.96,0.77,0.0,8.3434,10.4367,3.64,Available
D0141,2025-06-01,35.86,33.75,0.27,1.13,0.75,0.0,7.8821,9.7021,3.27,Available
D0141,2025-07-01,37.01,32.78,0.27,0.97,0.73,0.0,8.1136,9.9221,3.25,Available
D0141,2025-08-01,33.0,31.84,0.28,0.94,0.7,0.0,7.7242,10.4421,3.32,Available
D0141,2025-09-01,32.05,30.88,0.29,0.96,0.68,0.0,8.3031,11.4613,3.54,Available
D0141,2025-10-01,31.47,29.87,0.26,1.01,0.66,0.0,8.0656,10.6367,3.18,Available
D0141,2025-11-01,29.7,28.94,0.2,0.93,0.64,0.0,6.7509,8.3147,2.41,Available
D0141,2025-12-01,31.98,28.11,0.23,0.83,0.62,0.0,7.8242,9.8849,2.78,Available
D0141,2026-01-01,29.24,27.24,0.25,0.87,0.6,0.0,7.8463,11.1757,3.04,Available
D0141,2026-02-01,30.17,26.34,0.21,0.9,0.59,0.0,6.8958,9.7297,2.56,Available
D0141,2026-03-01,,,,,,,,,,Missing
D0141,2026-04-01,24.87,24.2,0.17,0.65,0.53,0.0,6.7551,8.3014,2.01,Reconciliation Required
D0141,2026-05-01,24.46,23.53,0.21,0.67,0.52,0.0,8.4615,10.8895,2.56,Available
D0141,2026-06-01,25.4,22.81,0.21,0.72,0.51,0.0,7.7571,10.974,2.5,Available
D0141,2026-07-01,24.0,22.09,0.21,0.72,0.49,0.0,8.4555,11.2691,2.49,Available
D0142,2024-06-01,51.59,48.81,0.41,2.05,1.44,0.0,6.9773,10.1583,4.96,Available
D0142,2024-07-01,47.78,46.44,0.36,2.37,1.38,0.0,7.353,9.2999,4.32,Available
D0142,2024-08-01,49.76,44.44,0.37,2.0,1.31,0.35,6.5668,10.0204,4.45,Available
D0142,2024-09-01,48.17,42.31,0.38,2.13,1.26,0.0,7.9232,10.7543,4.55,Available
D0142,2024-10-01,45.14,40.49,0.29,1.82,1.19,0.0,7.1725,8.735,3.54,Available
D0142,2024-11-01,41.12,38.87,0.33,1.62,1.14,0.0,7.6804,10.0649,3.91,Available
D0142,2024-12-01,41.37,37.34,0.33,1.53,1.1,0.0,7.1287,10.5553,3.94,Available
D0142,2025-01-01,35.63,35.48,0.32,1.86,1.05,0.0,7.877,10.8835,3.86,Available
D0142,2025-02-01,37.28,34.1,0.25,1.38,1.0,0.0,7.2955,8.8237,3.01,Available
D0142,2025-03-01,33.66,32.51,0.29,1.59,0.96,0.0,7.599,10.6792,3.47,Available
D0142,2025-04-01,31.27,31.12,0.22,1.39,0.92,0.0,6.198,8.3195,2.59,Available
D0142,2025-05-01,32.77,29.64,0.24,1.48,0.88,0.0,6.4382,9.767,2.89,Available
D0142,2025-06-01,31.96,28.43,0.25,1.21,0.84,0.81,7.6494,10.7127,3.05,Available
D0142,2025-07-01,29.78,27.11,0.24,1.32,0.8,0.0,7.3917,10.7632,2.92,Available
D0142,2025-08-01,29.44,26.08,0.21,1.03,0.77,0.0,7.2785,9.511,2.48,Available
D0142,2025-09-01,27.91,25.03,0.21,1.05,0.74,0.0,7.5693,10.0121,2.51,Available
D0142,2025-10-01,23.99,23.9,0.17,1.13,0.71,0.0,6.6433,8.7289,2.09,Available
D0142,2025-11-01,23.75,22.9,0.18,1.0,0.68,0.0,6.6655,9.4593,2.17,Available
D0142,2025-12-01,22.42,21.9,0.2,1.0,0.65,0.0,8.0037,10.81,2.37,Available
D0142,2026-01-01,23.05,20.91,0.17,0.99,0.62,0.0,7.4386,9.7546,2.04,Available
D0142,2026-02-01,22.3,19.89,0.16,1.02,0.59,0.0,6.2735,9.6934,1.93,Available
D0142,2026-03-01,19.32,19.08,0.16,0.81,0.56,0.0,7.2253,10.0959,1.93,Available
D0142,2026-04-01,18.88,18.21,0.16,0.87,0.54,0.0,7.7665,10.4539,1.9,Available
D0142,2026-05-01,17.82,17.52,0.15,0.69,0.51,0.0,7.159,10.215,1.79,Available
D0142,2026-06-01,,,,,,,,,,Incomplete
D0142,2026-07-01,16.65,16.04,0.12,0.8,0.48,0.0,7.3337,9.2267,1.48,Available
D0143,2026-03-01,351.04,326.81,3.17,9.99,9.95,0.0,9.6462,11.6343,38.02,Available
D0143,2026-04-01,345.34,317.07,3.22,9.74,9.65,0.0,10.5676,12.1782,38.61,Available
D0143,2026-05-01,335.55,307.65,3.01,9.42,9.36,0.0,9.7018,11.7462,36.14,Available
D0143,2026-06-01,301.6,298.52,2.98,9.13,9.09,0.0,9.9012,11.9964,35.81,Available
D0143,2026-07-01,300.24,289.66,3.07,8.86,8.82,0.0,11.0675,12.7185,36.84,Available
D0144,2025-05-01,213.7,210.52,2.12,8.3,7.98,0.0,9.8609,12.1115,25.5,Available
D0144,2025-06-01,209.65,202.48,1.94,8.04,7.68,0.0,9.2562,11.4795,23.24,Available
D0144,2025-07-01,209.79,194.53,1.85,7.95,7.39,0.0,8.587,11.4312,22.24,Reconciliation Required
D0144,2025-08-01,205.56,186.85,1.95,7.68,7.1,0.0,9.8749,12.5056,23.37,Available
D0144,2025-09-01,199.47,179.32,1.66,7.53,6.82,0.0,9.5892,11.1145,19.93,Available
D0144,2025-10-01,175.75,172.4,1.7,6.92,6.54,0.0,10.2577,11.804,20.35,Available
D0144,2025-11-01,172.24,165.56,1.63,6.84,6.29,4.54,9.4365,11.8039,19.54,Available
D0144,2025-12-01,163.25,158.95,1.43,6.61,6.04,0.0,8.6741,10.8154,17.19,Available
D0144,2026-01-01,166.97,152.72,1.5,6.23,5.8,0.0,8.7878,11.7947,18.01,Available
D0144,2026-02-01,155.54,146.83,1.34,5.89,5.57,0.0,9.139,10.9225,16.04,Available
D0144,2026-03-01,150.39,140.96,1.33,5.87,5.36,0.0,9.353,11.3257,15.96,Available
D0144,2026-04-01,144.25,135.59,1.28,5.37,5.14,0.0,9.5195,11.3022,15.32,Available
D0144,2026-05-01,138.93,130.32,1.31,5.27,4.95,0.0,8.6916,12.0389,15.69,Available
D0144,2026-06-01,141.42,125.39,1.33,4.93,4.75,0.0,10.1531,12.742,15.98,Available
D0144,2026-07-01,137.34,120.56,1.3,4.83,4.57,0.0,10.0704,12.9452,15.61,Available
D0145,2024-08-01,268.17,268.14,3.04,18.57,11.47,0.0,10.6515,13.6065,36.48,Available
D0145,2024-09-01,278.14,254.26,2.84,13.88,10.73,0.0,11.3065,13.4029,34.08,Available
D0145,2024-10-01,255.96,240.74,2.66,13.52,10.17,0.0,10.7064,13.2701,31.95,Available
D0145,2024-11-01,260.12,226.87,2.45,13.87,9.63,0.0,10.7234,12.9776,29.44,Available
D0145,2024-12-01,244.15,213.38,2.38,13.49,9.08,0.0,10.7452,13.3627,28.51,Available
D0145,2025-01-01,,,,,,,,,,Missing
D0145,2025-02-01,193.08,188.97,1.98,12.68,8.07,0.0,9.5489,12.5425,23.7,Available
D0145,2025-03-01,186.12,176.0,2.13,12.97,7.56,0.0,11.1647,14.5348,25.58,Available
D0145,2025-04-01,165.0,162.7,1.55,13.3,7.04,0.0,9.6267,11.417,18.58,Available
D0145,2025-05-01,156.11,154.09,1.69,8.61,6.51,0.0,11.2518,13.137,20.24,Available
D0145,2025-06-01,159.03,144.37,1.48,9.72,6.17,2.82,9.804,12.2649,17.71,Available
D0145,2025-07-01,153.32,135.18,1.54,9.19,5.78,0.0,10.9959,13.649,18.45,Available
D0145,2025-08-01,136.66,127.3,1.21,7.88,5.41,0.0,9.6403,11.4099,14.52,Available
D0145,2025-09-01,121.35,119.65,1.32,7.65,5.09,0.0,10.665,13.1986,15.79,Available
D0145,2025-10-01,115.73,112.18,1.23,7.47,4.79,0.0,11.4812,13.1351,14.73,Available
D0146,2024-05-01,177.04,172.68,1.62,10.62,8.07,0.0,8.1241,11.2823,19.48,Available
D0146,2024-06-01,170.79,160.79,1.58,11.89,7.6,0.0,8.584,11.8175,19.0,Available
D0146,2024-07-01,164.54,151.5,1.19,9.29,7.08,0.0,7.8189,9.461,14.33,Available
D0146,2024-08-01,150.54,142.18,1.24,9.32,6.67,0.0,7.7785,10.449,14.86,Available
D0146,2024-09-01,147.65,128.54,1.13,13.64,6.26,0.0,8.9141,10.5678,13.58,Available
D0146,2024-10-01,123.54,120.04,1.2,8.5,5.66,0.0,8.4964,11.9637,14.36,Available
D0146,2024-11-01,121.81,112.09,0.88,7.95,5.28,0.0,7.218,9.3768,10.51,Available
D0146,2024-12-01,115.69,106.12,1.0,5.97,4.93,0.0,8.4547,11.2998,11.99,Available
D0146,2025-01-01,114.37,99.87,0.88,6.25,4.67,0.0,8.2565,10.5987,10.58,Available
D0146,2025-02-01,105.38,93.46,0.71,6.41,4.4,0.0,7.2783,9.0846,8.49,Available
D0146,2025-03-01,92.73,88.2,0.86,5.26,4.11,0.0,8.2957,11.7178,10.34,Available
D0146,2025-04-01,94.11,83.16,0.78,5.04,3.88,0.0,8.5715,11.1868,9.3,Available
D0146,2025-05-01,88.04,77.59,0.68,5.57,3.66,0.0,7.2759,10.5112,8.16,Available
D0146,2025-06-01,74.71,73.37,0.71,4.22,3.42,0.0,8.5643,11.6865,8.57,Available
D0146,2025-07-01,77.24,69.22,0.61,4.15,3.23,0.0,8.7447,10.6605,7.38,Available
D0146,2025-08-01,74.06,65.3,0.59,3.92,3.05,0.0,8.8346,10.8193,7.07,Available
D0146,2025-09-01,67.18,61.21,0.52,4.09,2.87,0.0,7.3897,10.1332,6.2,Available
D0146,2025-10-01,59.7,57.31,0.46,3.9,2.69,0.0,7.8632,9.6344,5.52,Available
D0146,2025-11-01,57.65,53.75,0.46,3.56,2.52,0.0,8.5883,10.3035,5.54,Available
D0146,2025-12-01,51.24,50.75,0.47,3.0,2.37,0.0,8.7541,11.055,5.61,Available
D0146,2026-01-01,52.87,47.9,0.38,2.85,2.23,0.0,8.0824,9.64,4.62,Available
D0146,2026-02-01,45.99,44.84,0.39,3.06,2.11,0.95,8.5795,10.3447,4.64,Available
D0146,2026-03-01,46.37,41.84,0.38,3.0,1.97,0.0,7.8896,10.9734,4.59,Available
D0146,2026-04-01,41.43,39.6,0.32,2.24,1.84,0.0,7.473,9.8408,3.9,Available
D0146,2026-05-01,,,,,,,,,,Missing
D0146,2026-06-01,38.23,34.63,0.25,2.29,1.63,0.0,6.9695,8.5311,2.95,Available
D0146,2026-07-01,35.72,32.32,0.29,2.31,1.52,0.0,8.3247,10.6474,3.44,Available
D0147,2025-05-01,255.41,227.96,1.92,12.08,11.56,0.0,8.6006,10.1167,23.06,Available
D0147,2025-06-01,222.8,216.55,1.98,11.41,10.97,0.0,9.3399,10.9698,23.76,Available
D0147,2025-07-01,225.27,205.72,1.99,10.83,10.42,0.0,9.9304,11.6171,23.9,Reconciliation Required
D0147,2025-08-01,197.21,195.14,2.01,10.58,9.9,0.0,9.2452,12.3888,24.18,Available
D0147,2025-09-01,190.25,185.37,1.82,9.77,9.39,0.0,9.0813,11.7686,21.82,Available
D0147,2025-10-01,202.55,176.15,1.84,9.22,8.92,0.0,9.7144,12.5423,22.09,Available
D0147,2025-11-01,173.41,167.14,1.56,9.01,8.48,0.0,9.5055,11.192,18.71,Available
D0147,2025-12-01,173.43,158.65,1.44,8.49,8.05,0.0,9.3623,10.8948,17.28,Available
D0147,2026-01-01,159.08,150.53,1.37,8.12,7.64,0.0,8.8627,10.9508,16.48,Available
D0147,2026-02-01,154.01,142.92,1.46,7.61,7.25,0.0,10.1769,12.2767,17.55,Available
D0147,2026-03-01,146.26,135.55,1.56,7.37,6.88,0.0,10.3749,13.789,18.69,Available
D0147,2026-04-01,134.22,128.66,1.21,6.89,6.53,0.0,9.0279,11.2518,14.48,Available
D0147,2026-05-01,130.34,122.1,1.19,6.56,6.19,3.46,9.471,11.6581,14.23,Available
D0147,2026-06-01,125.37,110.41,1.07,11.69,5.88,0.0,9.0618,11.6807,12.9,Available
D0147,2026-07-01,114.73,104.8,0.97,5.61,5.32,0.0,8.609,11.0682,11.6,Available
D0148,2025-01-01,90.67,80.53,0.76,2.74,1.69,0.0,8.5709,11.2728,9.08,Available
D0148,2025-02-01,78.58,78.14,0.64,2.39,1.63,0.0,7.8911,9.7939,7.65,Available
D0148,2025-03-01,78.71,75.59,0.57,2.55,1.58,0.0,7.0909,9.0154,6.81,Available
D0148,2025-04-01,77.93,73.0,0.63,2.59,1.53,0.0,7.9573,10.3246,7.54,Available
D0148,2025-05-01,79.68,70.62,0.69,2.38,1.48,0.0,8.777,11.6776,8.25,Available
D0148,2025-06-01,,,,,,,,,,Incomplete
D0148,2025-07-01,70.33,63.51,0.63,4.58,1.38,0.0,8.4686,11.8714,7.54,Available
D0148,2025-08-01,61.78,61.78,0.57,1.73,1.29,0.0,8.1523,11.1081,6.86,Available
D0148,2025-09-01,62.14,59.8,0.55,1.98,1.25,1.23,8.2213,11.0457,6.61,Available
D0148,2025-10-01,65.47,57.78,0.45,2.02,1.21,0.0,7.0507,9.2866,5.37,Available
D0148,2025-11-01,62.27,55.9,0.42,1.88,1.17,0.0,7.0056,9.0621,5.07,Available
D0148,2025-12-01,,,,,,,,,,Missing
D0148,2026-01-01,58.92,52.64,0.46,1.6,1.1,0.0,7.1876,10.4901,5.52,Available
D0148,2026-02-01,51.94,50.99,0.44,1.65,1.07,0.0,7.191,10.2941,5.25,Available
D0148,2026-03-01,54.39,49.18,0.44,1.81,1.03,1.01,8.5086,10.6561,5.24,Available
D0148,2026-04-01,47.99,47.48,0.47,1.7,1.0,0.0,8.3883,11.8737,5.64,Available
D0148,2026-05-01,51.75,45.84,0.44,1.64,0.96,0.0,8.501,11.4983,5.27,Available
D0148,2026-06-01,44.86,44.3,0.42,1.54,0.93,0.0,8.5485,11.4887,5.09,Available
D0148,2026-07-01,48.92,42.72,0.37,1.58,0.9,0.0,8.2353,10.4022,4.44,Available
D0149,2026-02-01,79.55,74.11,0.81,3.34,2.97,0.0,9.7569,13.0643,9.68,Available
D0149,2026-03-01,71.55,71.0,0.78,3.11,2.84,0.0,10.7954,13.1253,9.32,Available
D0149,2026-04-01,72.12,68.01,0.78,2.99,2.72,0.0,11.1474,13.8377,9.41,Available
D0149,2026-05-01,74.56,65.15,0.71,2.86,2.61,0.0,11.3601,13.004,8.47,Available
D0149,2026-06-01,62.86,62.41,0.68,2.74,2.5,0.0,10.1419,13.1275,8.19,Available
D0149,2026-07-01,67.6,59.67,0.61,2.74,2.39,0.0,9.8372,12.2592,7.32,Available
D0150,2025-02-01,170.24,149.96,1.13,4.85,3.9,0.0,6.5068,9.0257,13.53,Available
D0150,2025-03-01,163.07,144.46,1.18,5.5,3.78,0.0,6.3329,9.7653,14.11,Available
D0150,2025-04-01,146.82,139.41,0.96,5.05,3.64,3.51,6.4743,8.251,11.5,Available
D0150,2025-05-01,150.27,134.46,1.07,4.95,3.51,0.0,6.1616,9.5862,12.89,Available
D0150,2025-06-01,148.69,130.0,0.99,4.46,3.39,0.0,7.3697,9.1703,11.92,Available
D0150,2025-07-01,127.12,125.69,0.97,4.31,3.27,0.0,7.1985,9.2946,11.68,Available
D0150,2025-08-01,121.79,121.2,0.84,4.49,3.17,0.0,6.656,8.2724,10.03,Available
D0150,2025-09-01,129.83,117.08,0.92,4.12,3.05,0.0,7.0819,9.3788,10.98,Available
D0150,2025-10-01,118.57,112.92,0.97,4.16,2.95,0.0,6.8493,10.2665,11.59,Available
D0150,2025-11-01,124.7,109.27,0.94,3.65,2.84,0.0,7.4994,10.3531,11.31,Available
D0150,2025-12-01,113.46,106.04,0.68,3.23,2.75,2.43,6.1766,7.7502,8.22,Available
D0150,2026-01-01,117.63,102.43,0.81,3.61,2.67,0.0,7.409,9.5243,9.76,Available
D0150,2026-02-01,107.49,98.73,0.73,3.7,2.58,0.0,6.3692,8.8729,8.76,Available
D0150,2026-03-01,98.66,95.58,0.69,3.15,2.49,0.0,6.5343,8.6709,8.29,Available
D0150,2026-04-01,98.35,92.15,0.72,3.43,2.41,0.0,7.2761,9.3889,8.65,Available
D0150,2026-05-01,98.69,89.06,0.63,3.09,2.32,0.0,6.9263,8.4264,7.5,Available
D0150,2026-06-01,88.05,86.15,0.63,2.91,2.24,0.0,6.2322,8.8273,7.6,Available
D0150,2026-07-01,87.77,83.1,0.69,3.05,2.17,0.0,7.2138,9.9146,8.24,Available
D0151,2026-06-01,49.88,48.53,0.52,2.24,1.82,0.0,10.24,12.8885,6.25,Available
D0151,2026-07-01,46.48,45.29,0.52,3.24,1.74,0.0,11.2161,13.7862,6.24,Available
D0152,2024-10-01,337.13,298.31,2.44,7.18,6.72,0.0,7.6833,9.7984,29.23,Available
D0152,2024-11-01,302.79,291.38,2.18,6.93,6.57,0.0,6.8187,8.9979,26.22,Available
D0152,2024-12-01,285.42,284.71,2.17,6.67,6.41,0.0,7.0886,9.1527,26.06,Available
D0152,2025-01-01,287.42,278.01,2.13,6.7,6.27,0.0,6.7338,9.1955,25.56,Available
D0152,2025-02-01,284.35,271.71,2.06,6.3,6.12,0.0,6.7904,9.103,24.73,Available
D0152,2025-03-01,268.47,265.43,2.15,6.28,5.98,0.0,6.3613,9.6986,25.74,Available
D0152,2025-04-01,275.72,259.44,2.41,5.99,5.84,0.0,7.7649,11.1543,28.94,Available
D0152,2025-05-01,259.74,253.36,1.9,6.08,5.71,7.11,6.7484,8.9778,22.75,Available
D0152,2025-06-01,268.92,247.49,1.71,5.87,5.58,0.0,6.6865,8.3023,20.55,Available
D0152,2025-07-01,277.16,241.66,2.31,5.83,5.45,0.0,7.9584,11.4543,27.68,Available
D0153,2025-01-01,251.71,232.91,1.93,13.22,7.36,0.0,8.0642,9.9198,23.1,Available
D0153,2025-02-01,253.6,223.69,1.74,9.22,6.97,0.0,7.6708,9.3542,20.92,Available
D0153,2025-03-01,220.81,212.55,2.01,11.14,6.69,0.41,9.0636,11.334,24.09,Available
D0153,2025-04-01,215.08,201.1,1.78,11.45,6.36,0.62,8.3635,10.6035,21.32,Available
D0153,2025-05-01,192.1,190.29,1.56,10.81,6.01,0.0,8.109,9.8122,18.67,Available
D0153,2025-06-01,184.01,181.61,1.87,8.68,5.69,0.0,9.4057,12.3532,22.43,Available
D0153,2025-07-01,182.1,173.74,1.63,7.87,5.43,0.0,7.8821,11.2866,19.61,Available
D0153,2025-08-01,184.81,166.97,1.44,6.77,5.2,0.0,8.6981,10.374,17.32,Reconciliation Required
D0153,2025-09-01,177.28,158.97,1.39,8.0,4.99,0.0,8.3522,10.4584,16.63,Available
D0153,2025-10-01,174.4,151.89,1.29,7.08,4.75,0.0,8.0814,10.1923,15.48,Available
D0153,2025-11-01,164.51,144.2,1.22,7.69,4.54,0.0,8.398,10.1807,14.68,Available
D0153,2025-12-01,150.06,137.33,1.22,6.87,4.31,0.0,8.9664,10.6305,14.6,Available
D0153,2026-01-01,144.55,131.88,1.15,5.45,4.11,0.0,8.1905,10.4554,13.79,Available
D0153,2026-02-01,136.68,126.68,1.14,5.2,3.94,0.0,7.8996,10.8042,13.69,Available
D0153,2026-03-01,135.41,120.51,1.06,6.17,3.79,0.0,8.771,10.5538,12.72,Available
D0153,2026-04-01,118.6,115.64,1.12,4.87,3.6,0.0,8.8683,11.6444,13.47,Available
D0153,2026-05-01,120.08,109.69,1.08,5.95,3.46,0.0,9.288,11.8462,12.99,Available
D0153,2026-06-01,106.28,104.11,1.06,5.58,3.28,0.0,9.5578,12.1952,12.7,Available
D0153,2026-07-01,107.28,99.09,0.96,5.02,3.11,0.0,8.5954,11.6155,11.51,Available
D0154,2026-03-01,142.95,136.02,1.37,5.84,4.78,0.0,10.0643,12.099,16.46,Available
D0154,2026-04-01,137.07,130.24,1.28,5.78,4.58,0.0,10.0114,11.8009,15.37,Available
D0154,2026-05-01,141.89,124.59,1.36,5.65,4.39,0.0,10.5362,13.0596,16.27,Available
D0154,2026-06-01,125.02,118.28,1.22,6.31,4.2,0.0,10.858,12.3899,14.65,Available
D0154,2026-07-01,119.52,113.42,1.3,4.86,3.98,0.0,11.3657,13.7027,15.54,Available
D0155,2025-07-01,93.28,92.96,0.9,4.02,2.81,0.0,8.6679,11.6039,10.79,Available
D0155,2025-08-01,98.46,89.25,0.82,3.71,2.7,0.0,8.689,10.9733,9.79,Available
D0155,2025-09-01,89.0,86.15,0.84,3.1,2.59,0.0,8.6412,11.7517,10.12,Available
D0155,2025-10-01,91.46,82.8,0.68,3.35,2.5,0.0,7.5899,9.7851,8.1,Available
D0155,2025-11-01,84.49,79.52,0.79,3.28,2.4,0.0,8.5713,11.9893,9.53,Available
D0155,2025-12-01,84.43,76.13,0.69,3.39,2.31,0.0,9.1736,10.869,8.27,Available
D0155,2026-01-01,78.2,73.28,0.67,2.85,2.21,0.0,8.1718,11.0026,8.06,Available
D0155,2026-02-01,78.28,70.27,0.67,3.01,2.13,0.0,9.3166,11.4751,8.06,Available
D0155,2026-03-01,72.98,67.32,0.6,2.95,2.04,0.0,7.8194,10.7791,7.26,Available
D0155,2026-04-01,72.53,64.68,0.53,2.64,1.95,0.0,7.843,9.8622,6.38,Available
D0155,2026-05-01,70.1,61.9,0.56,2.78,1.88,0.0,8.2284,10.9054,6.75,Available
D0155,2026-06-01,60.69,59.56,0.55,2.34,1.8,0.0,8.2212,11.1786,6.66,Available
D0155,2026-07-01,64.27,57.27,0.52,2.29,1.73,0.0,8.3289,10.863,6.22,Available
D0156,2024-05-01,281.46,255.98,2.01,13.1,9.65,0.0,7.1682,9.4033,24.07,Available
D0156,2024-06-01,274.95,242.21,2.03,13.77,9.18,0.0,7.1375,10.0713,24.39,Available
D0156,2024-07-01,248.93,231.24,2.1,10.97,8.69,0.0,8.5307,10.9043,25.22,Available
D0156,2024-08-01,235.78,219.26,1.81,11.98,8.29,2.78,7.1367,9.915,21.74,Available
D0156,2024-09-01,217.13,208.36,1.74,10.9,7.86,0.0,7.9907,10.0283,20.89,Available
D0156,2024-10-01,225.21,197.44,1.67,10.92,7.47,0.0,8.2352,10.1365,20.01,Available
D0156,2024-11-01,207.51,187.79,1.73,9.65,7.08,0.0,7.693,11.0405,20.73,Available
D0156,2024-12-01,195.05,178.06,1.28,9.73,6.73,0.0,7.0161,8.6448,15.39,Available
D0156,2025-01-01,188.23,169.24,1.42,8.82,6.39,2.18,8.3035,10.0441,17.0,Available
D0156,2025-02-01,168.81,160.26,1.5,8.98,6.07,0.0,8.502,11.2283,17.99,Available
D0156,2025-03-01,161.38,151.38,1.25,8.88,5.75,0.0,7.1766,9.8994,14.99,Available
D0156,2025-04-01,155.14,144.23,1.11,7.15,5.43,0.22,7.0392,9.2411,13.33,Available
D0156,2025-05-01,142.77,136.09,1.35,8.14,5.17,0.0,8.8747,11.8919,16.18,Available
D0156,2025-06-01,139.28,128.82,1.15,7.27,4.88,0.0,8.6975,10.759,13.86,Available
D0156,2025-07-01,133.04,122.6,1.1,6.22,4.62,0.0,8.1869,10.7935,13.23,Available
D0156,2025-08-01,125.65,116.78,1.12,5.82,4.4,0.0,8.7844,11.5519,13.49,Available
D0156,2025-09-01,126.26,111.68,1.12,5.1,4.19,1.85,8.806,12.0147,13.42,Reconciliation Required
D0156,2025-10-01,108.05,106.39,0.99,5.29,4.01,0.0,8.1495,11.1432,11.86,Available
D0156,2025-11-01,107.29,101.32,0.87,5.07,3.82,0.0,8.4599,10.2684,10.4,Available
D0156,2025-12-01,103.39,96.23,0.89,5.09,3.63,2.38,8.1442,11.0452,10.63,Available
D0156,2026-01-01,93.02,91.55,0.84,4.68,3.45,2.34,8.3522,10.999,10.07,Available
D0156,2026-02-01,95.43,86.56,0.78,4.99,3.28,0.0,8.0611,10.8142,9.36,Available
D0156,2026-03-01,86.5,78.04,0.68,8.52,3.1,0.0,7.0515,10.4912,8.19,Available
D0156,2026-04-01,78.89,73.86,0.62,4.18,2.8,0.0,7.2282,10.0754,7.44,Available
D0156,2026-05-01,79.92,70.02,0.62,3.84,2.65,0.0,8.5852,10.6048,7.43,Available
D0156,2026-06-01,72.54,66.46,0.58,3.56,2.51,0.0,8.1592,10.5508,7.01,Available
D0156,2026-07-01,68.08,62.72,0.52,3.74,2.38,0.0,7.3874,10.0126,6.28,Available
D0157,2025-11-01,59.15,52.86,0.5,1.74,1.26,0.0,9.314,11.4119,6.03,Available
D0157,2025-12-01,52.65,51.28,0.5,1.58,1.22,0.0,8.8547,11.5945,5.95,Available
D0157,2026-01-01,52.71,49.45,0.49,1.83,1.18,0.0,9.3641,11.8158,5.84,Available
D0157,2026-02-01,50.05,47.87,0.48,1.58,1.14,0.0,9.7272,11.9505,5.72,Available
D0157,2026-03-01,49.2,46.21,0.52,1.66,1.1,0.0,10.0782,13.5462,6.26,Available
D0157,2026-04-01,49.56,44.69,0.48,1.52,1.06,0.0,9.5626,12.9641,5.79,Available
D0157,2026-05-01,47.82,43.31,0.47,1.38,1.03,0.0,9.7162,13.1094,5.68,Available
D0157,2026-06-01,46.23,42.04,0.46,1.27,1.0,0.0,9.7568,13.245,5.57,Available
D0157,2026-07-01,44.18,40.45,0.4,1.59,0.97,0.0,8.9724,12.0054,4.86,Available
D0158,2025-02-01,2.39,2.23,0.02,0.11,0.07,0.0,9.2941,12.6793,0.28,Available
D0158,2025-03-01,2.3,2.14,0.02,0.09,0.06,0.0,8.3437,11.3062,0.24,Available
D0158,2025-04-01,2.1,2.05,0.02,0.09,0.06,0.0,9.212,12.0424,0.25,Available
D0158,2025-05-01,2.18,1.96,0.02,0.09,0.06,0.0,9.6047,12.6552,0.25,Available
D0158,2025-06-01,2.02,1.88,0.02,0.08,0.05,0.0,7.9743,10.1986,0.19,Available
D0158,2025-07-01,1.98,1.81,0.02,0.07,0.05,0.0,8.5782,11.8964,0.22,Available
D0158,2025-08-01,1.91,1.74,0.02,0.07,0.05,0.0,8.1679,11.2421,0.2,Available
D0158,2025-09-01,1.78,1.67,0.02,0.07,0.05,0.0,8.0263,11.5205,0.19,Available
D0158,2025-10-01,1.8,1.6,0.02,0.07,0.05,0.0,8.6617,11.7804,0.19,Available
D0158,2025-11-01,1.66,1.54,0.02,0.06,0.04,0.0,8.4962,11.9856,0.18,Available
D0158,2025-12-01,1.51,1.47,0.01,0.07,0.04,0.0,9.5658,11.9888,0.18,Available
D0158,2026-01-01,1.43,1.42,0.01,0.05,0.04,0.0,8.2844,11.1025,0.16,Available
D0158,2026-02-01,1.37,1.36,0.01,0.06,0.04,0.0,8.0588,10.0982,0.14,Available
D0158,2026-03-01,1.48,1.3,0.01,0.06,0.04,0.0,9.0124,10.7081,0.14,Available
D0158,2026-04-01,1.39,1.24,0.01,0.06,0.04,0.0,9.1673,11.7667,0.15,Available
D0158,2026-05-01,1.37,1.19,0.01,0.05,0.03,0.0,9.2441,11.601,0.14,Available
D0158,2026-06-01,1.22,1.14,0.01,0.05,0.03,0.0,8.825,11.3031,0.13,Available
D0158,2026-07-01,1.22,1.09,0.01,0.05,0.03,0.0,9.2127,12.3144,0.13,Available
D0159,2024-05-01,303.54,277.92,2.52,14.95,12.48,2.58,8.755,10.8745,30.22,Available
D0159,2024-06-01,277.72,261.48,2.46,16.44,11.84,0.0,8.3155,11.2699,29.47,Available
D0159,2024-07-01,274.23,245.91,1.99,15.57,11.14,0.0,7.8135,9.7055,23.87,Available
D0159,2024-08-01,253.8,231.92,2.22,13.99,10.48,4.69,9.2833,11.5117,26.7,Available
D0159,2024-09-01,230.29,219.03,2.22,12.89,9.88,0.0,8.7127,12.1613,26.64,Available
D0159,2024-10-01,228.48,206.56,1.98,12.47,9.33,0.0,8.1204,11.5124,23.78,Available
D0159,2024-11-01,199.19,196.14,2.02,10.42,8.8,0.0,8.9593,12.3372,24.2,Available
D0159,2024-12-01,203.22,184.97,1.76,11.17,8.36,0.0,9.4075,11.4352,21.15,Available
D0159,2025-01-01,196.83,175.6,1.57,9.37,7.88,3.08,8.1606,10.7537,18.88,Available
D0159,2025-02-01,177.59,166.33,1.5,9.27,7.48,0.0,7.7865,10.8041,17.97,Available
D0159,2025-03-01,176.22,156.94,1.51,9.39,7.09,0.0,9.3105,11.5601,18.14,Available
D0159,2025-04-01,166.32,147.51,1.32,9.43,6.69,0.0,8.1951,10.7597,15.87,Available
D0159,2025-05-01,142.74,139.71,1.24,7.8,6.28,0.79,7.8073,10.6816,14.92,Available
D0159,2025-06-01,150.25,131.49,1.2,8.22,5.95,0.0,8.5538,10.9429,14.39,Available
D0159,2025-07-01,126.1,124.6,1.21,6.89,5.6,0.0,9.1811,11.6744,14.55,Available
D0159,2025-08-01,121.37,116.7,1.09,7.9,5.31,0.0,9.2523,11.2382,13.11,Available
D0159,2025-09-01,114.13,110.88,1.07,5.82,4.97,0.0,9.3259,11.6042,12.87,Available
D0159,2025-10-01,113.25,104.29,0.83,6.59,4.72,0.0,7.9241,9.5165,9.92,Available
D0159,2025-11-01,103.94,98.37,0.96,5.92,4.44,0.0,8.6531,11.7041,11.51,Available
D0159,2025-12-01,98.94,93.13,0.78,5.24,4.19,0.0,8.3619,9.9933,9.31,Available
D0159,2026-01-01,88.89,85.06,0.75,8.07,3.97,0.0,8.9505,10.5492,8.97,Available
D0159,2026-02-01,90.22,80.07,0.66,4.99,3.62,0.0,8.0858,9.9095,7.93,Available
D0159,2026-03-01,76.33,75.39,0.74,4.68,3.41,0.0,9.143,11.8206,8.91,Available
D0159,2026-04-01,80.78,71.06,0.63,4.33,3.21,0.0,8.3765,10.6503,7.57,Reconciliation Required
D0159,2026-05-01,69.41,67.1,0.62,3.96,3.03,0.0,8.2386,11.0289,7.4,Available
D0159,2026-06-01,64.33,63.16,0.6,3.94,2.86,0.0,8.5476,11.413,7.21,Available
D0159,2026-07-01,64.59,59.42,0.57,3.74,2.69,0.0,8.9458,11.5355,6.85,Available
D0160,2025-04-01,335.05,316.18,3.42,11.15,11.11,0.0,10.1933,12.9685,41.0,Available
D0160,2025-05-01,324.76,305.36,3.37,10.82,10.73,0.0,11.3831,13.2316,40.4,Available
D0160,2025-06-01,295.38,294.92,3.12,10.44,10.36,0.0,10.6563,12.709,37.48,Available
D0160,2025-07-01,306.33,284.82,2.99,10.1,10.01,0.0,10.6539,12.6155,35.93,Available
D0160,2025-08-01,311.61,275.08,2.97,9.74,9.67,0.0,10.5735,12.9708,35.68,Available
D0160,2025-09-01,279.47,265.71,3.06,9.37,9.34,3.01,10.9547,13.8352,36.76,Available
D0160,2025-10-01,,,,,,,,,,Incomplete
D0160,2025-11-01,274.17,247.9,2.71,8.75,8.71,0.0,10.3635,13.1331,32.56,Available
D0160,2025-12-01,257.16,239.46,2.41,8.44,8.41,0.0,9.6654,12.073,28.91,Available
D0160,2026-01-01,262.74,231.26,2.54,8.2,8.13,0.0,10.6992,13.1998,30.53,Available
D0160,2026-02-01,236.51,223.37,2.43,7.89,7.85,4.68,11.3804,13.0668,29.19,Available
D0160,2026-03-01,228.22,215.75,2.29,7.62,7.58,0.0,10.7485,12.7266,27.46,Available
D0160,2026-04-01,221.98,208.37,2.38,7.38,7.32,0.0,10.475,13.7063,28.56,Available
D0160,2026-05-01,229.37,201.26,2.12,7.11,7.07,0.0,9.4817,12.6673,25.49,Available
D0160,2026-06-01,208.17,194.39,2.02,6.87,6.83,0.0,9.7045,12.4826,24.26,Available
D0160,2026-07-01,208.19,187.76,2.14,6.63,6.6,0.0,10.5496,13.707,25.74,Available
D0161,2026-02-01,117.82,113.06,0.88,6.25,3.58,0.0,7.211,9.3154,10.53,Available
D0161,2026-03-01,122.5,108.74,1.0,4.32,3.39,0.0,7.8924,10.9964,11.96,Available
D0161,2026-04-01,103.83,103.03,0.76,5.71,3.26,0.0,7.0797,8.9041,9.17,Available
D0161,2026-05-01,109.62,97.84,0.89,5.19,3.09,0.0,7.6106,10.8901,10.65,Available
D0161,2026-06-01,98.31,93.99,0.72,3.85,2.94,0.0,6.7835,9.2288,8.67,Available
D0161,2026-07-01,100.72,90.05,0.78,3.94,2.82,0.0,7.8473,10.3708,9.34,Available
D0162,2025-12-01,66.8,61.21,0.62,1.94,1.55,1.25,9.4336,12.0935,7.4,Available
D0162,2026-01-01,62.51,59.15,0.66,2.06,1.5,0.0,10.1163,13.302,7.87,Available
D0162,2026-02-01,58.33,57.2,0.58,1.95,1.45,1.23,10.1346,12.0716,6.9,Available
D0162,2026-03-01,57.75,53.01,0.55,4.19,1.4,0.0,10.0686,12.481,6.62,Available
D0162,2026-04-01,52.9,51.19,0.47,1.82,1.3,0.0,9.2992,11.0878,5.68,Available
D0162,2026-05-01,50.3,49.66,0.53,1.53,1.26,0.0,10.0619,12.9021,6.41,Available
D0162,2026-06-01,49.31,47.96,0.49,1.7,1.22,0.0,9.8422,12.1811,5.84,Available
D0162,2026-07-01,48.05,46.44,0.48,1.52,1.18,0.0,10.6141,12.5175,5.81,Available
D0163,2025-05-01,152.98,136.33,1.43,7.25,5.82,1.03,9.5318,12.6068,17.19,Available
D0163,2025-06-01,132.33,127.98,1.1,8.35,5.53,0.0,8.3202,10.3374,13.23,Available
D0163,2025-07-01,128.11,121.0,1.23,6.98,5.19,0.0,9.608,12.1834,14.74,Available
D0163,2025-08-01,114.87,114.04,1.21,6.96,4.9,0.0,9.8051,12.7359,14.52,Available
D0163,2025-09-01,115.54,107.01,0.96,7.03,4.62,0.0,8.6339,10.8066,11.56,Available
D0163,2025-10-01,101.42,101.27,0.95,5.74,4.34,1.92,8.7607,11.3013,11.44,Available
D0163,2025-11-01,109.84,95.83,0.87,5.44,4.1,0.0,8.6857,10.8337,10.38,Available
D0163,2025-12-01,101.3,89.73,0.83,6.1,3.88,0.0,8.6886,11.1479,10.0,Available
D0163,2026-01-01,85.16,84.63,0.87,5.1,3.64,0.0,9.4962,12.3537,10.45,Available
D0163,2026-02-01,90.02,79.29,0.83,5.34,3.43,0.0,10.1397,12.6008,9.99,Available
D0163,2026-03-01,84.87,74.27,0.72,5.02,3.21,0.0,8.3611,11.7061,8.69,Available
D0163,2026-04-01,79.57,69.92,0.68,4.35,3.01,0.0,9.241,11.7091,8.19,Available
D0163,2026-05-01,71.98,66.33,0.65,3.59,2.83,0.0,8.6871,11.7982,7.83,Available
D0163,2026-06-01,65.79,62.95,0.59,3.38,2.69,0.0,8.9569,11.2415,7.08,Available
D0163,2026-07-01,59.85,59.68,0.58,3.27,2.55,0.0,9.2769,11.7189,6.99,Available
D0164,2024-05-01,285.75,256.78,2.29,11.84,11.03,1.13,7.8116,10.7182,27.52,Available
D0164,2024-06-01,264.44,244.97,2.02,11.81,10.54,0.0,7.5868,9.8835,24.21,Available
D0164,2024-07-01,238.52,233.9,1.69,11.07,10.06,0.0,6.3539,8.6655,20.27,Available
D0164,2024-08-01,228.44,220.09,1.73,13.81,9.6,0.0,6.7681,9.4104,20.71,Available
D0164,2024-09-01,221.42,210.63,1.84,9.46,9.03,0.0,7.1674,10.4845,22.08,Available
D0164,2024-10-01,229.6,200.9,1.55,9.73,8.65,0.0,6.9843,9.2292,18.54,Available
D0164,2024-11-01,193.53,192.12,1.32,8.78,8.25,0.0,6.7156,8.2365,15.82,Available
D0164,2024-12-01,185.79,183.71,1.53,8.41,7.89,0.0,7.6718,9.9745,18.32,Available
D0165,2025-03-01,231.65,213.54,2.42,10.91,9.48,0.0,10.67,13.6147,29.07,Available
D0165,2025-04-01,203.38,201.16,2.2,12.38,9.02,0.0,11.3446,13.1029,26.36,Available
D0165,2025-05-01,197.85,191.34,1.87,9.82,8.5,0.0,9.9583,11.711,22.41,Available
D0165,2025-06-01,201.57,181.09,2.03,10.25,8.08,0.0,10.2493,13.4513,24.36,Available
D0165,2025-07-01,194.87,171.5,1.96,9.59,7.65,0.0,10.3289,13.7047,23.5,Available
D0165,2025-08-01,163.88,161.86,1.7,9.64,7.25,0.0,9.7959,12.5877,20.37,Available
D0165,2025-09-01,168.4,152.48,1.54,9.38,6.84,0.0,9.739,12.158,18.54,Available
D0165,2025-10-01,149.09,143.95,1.53,8.53,6.44,0.0,10.2774,12.7129,18.3,Available
D0165,2025-11-01,137.95,136.51,1.31,7.44,6.08,0.0,9.5486,11.5241,15.73,Available
D0165,2025-12-01,143.9,129.18,1.38,7.33,5.77,0.0,10.4603,12.8594,16.61,Available
D0165,2026-01-01,133.69,122.06,1.22,7.12,5.46,0.0,9.897,11.9911,14.64,Available
D0165,2026-02-01,125.53,115.11,1.24,6.95,5.16,0.0,10.4751,12.9659,14.93,Available
D0165,2026-03-01,117.69,109.2,1.06,5.91,4.86,2.47,9.6972,11.6428,12.71,Available
D0165,2026-04-01,112.29,103.96,1.02,5.24,4.61,0.15,9.7878,11.8282,12.3,Available
D0165,2026-05-01,,,,,,,,,,Missing
D0165,2026-06-01,97.15,93.94,1.0,4.75,4.17,0.0,10.5621,12.7708,12.0,Reconciliation Required
D0165,2026-07-01,91.03,89.18,0.95,4.76,3.97,0.0,9.8416,12.7293,11.35,Available
D0166,2025-05-01,84.85,74.19,0.72,3.05,2.39,0.0,9.9991,11.6682,8.66,Available
D0166,2025-06-01,72.05,70.89,0.77,3.3,2.3,0.0,10.5258,12.9593,9.19,Available
D0166,2025-07-01,72.63,67.64,0.69,3.25,2.2,0.0,10.5685,12.2002,8.25,Available
D0166,2025-08-01,67.38,64.8,0.69,2.84,2.1,0.0,11.1669,12.7985,8.29,Available
D0166,2025-09-01,65.95,61.79,0.67,3.01,2.01,0.0,10.135,13.1089,8.1,Available
D0166,2025-10-01,66.19,59.4,0.62,2.39,1.91,0.0,9.6021,12.6254,7.5,Available
D0166,2025-11-01,65.08,56.72,0.64,2.68,1.84,0.0,10.2367,13.6052,7.72,Available
D0166,2025-12-01,56.67,54.22,0.52,2.5,1.76,0.0,9.6517,11.4788,6.22,Available
D0166,2026-01-01,52.19,52.07,0.59,2.15,1.68,0.0,10.7844,13.4946,7.03,Available
D0166,2026-02-01,55.8,49.55,0.49,2.52,1.61,0.0,10.2834,11.9185,5.91,Reconciliation Required
D0166,2026-03-01,49.49,47.63,0.47,1.92,1.54,0.0,9.7149,11.8647,5.65,Available
D0166,2026-04-01,49.54,45.46,0.52,2.17,1.48,0.0,10.9401,13.6786,6.22,Available
D0166,2026-05-01,49.54,43.38,0.49,2.08,1.41,0.0,10.4626,13.6888,5.94,Available
D0166,2026-06-01,43.68,41.68,0.41,1.7,1.34,0.0,10.3895,11.9279,4.97,Available
D0166,2026-07-01,42.82,39.76,0.38,1.92,1.29,0.0,9.2073,11.4008,4.53,Available
D0167,2026-01-01,16.18,14.19,0.1,0.59,0.54,0.0,6.0661,8.0586,1.14,Available
D0167,2026-02-01,14.09,13.62,0.11,0.57,0.52,0.0,7.4336,9.2952,1.27,Available
D0167,2026-03-01,14.16,13.04,0.08,0.58,0.5,0.0,5.9832,7.5265,0.98,Available
D0167,2026-04-01,14.21,12.49,0.09,0.55,0.48,0.0,7.3897,8.9793,1.12,Available
D0167,2026-05-01,12.16,12.0,0.09,0.49,0.46,0.0,6.2123,8.6872,1.04,Available
D0167,2026-06-01,12.62,11.52,0.1,0.48,0.44,0.0,6.6745,10.1072,1.16,Available
D0167,2026-07-01,11.63,11.06,0.08,0.46,0.42,0.0,6.4758,8.5741,0.95,Available
D0168,2024-12-01,228.13,226.92,2.55,8.9,5.22,0.0,10.3749,13.4765,30.58,Available
D0168,2025-01-01,248.28,219.16,2.22,7.76,5.02,0.0,9.1954,12.1609,26.65,Available
D0168,2025-02-01,241.74,212.1,2.41,7.06,4.85,0.0,10.2199,13.6419,28.93,Available
D0168,2025-03-01,214.23,204.59,2.16,7.51,4.7,0.0,9.456,12.6726,25.93,Available
D0168,2025-04-01,217.37,198.55,2.28,6.04,4.53,0.0,10.3788,13.7964,27.39,Available
D0168,2025-05-01,196.19,192.32,2.08,6.23,4.4,0.0,9.9788,12.9688,24.94,Available
D0168,2025-06-01,191.98,185.38,1.85,6.94,4.26,0.0,9.0564,11.9886,22.22,Available
D0168,2025-07-01,181.34,173.17,1.81,12.21,4.1,0.0,10.7569,12.5646,21.76,Available
D0168,2025-08-01,189.56,167.52,1.73,5.65,3.83,0.0,9.9999,12.3907,20.76,Available
D0168,2025-09-01,179.5,161.45,1.55,6.07,3.71,0.0,9.0142,11.5246,18.61,Available
D0169,2025-07-01,148.91,136.62,1.24,5.61,5.37,0.0,7.9408,10.9062,14.9,Available
D0169,2025-08-01,146.88,131.16,1.1,5.46,5.16,0.0,8.4522,10.0287,13.15,Available
D0169,2025-09-01,135.47,125.87,1.14,5.29,4.96,0.0,8.594,10.9093,13.73,Available
D0169,2025-10-01,131.56,120.77,1.13,5.1,4.76,0.0,8.9336,11.2745,13.62,Available
D0169,2025-11-01,125.23,115.91,1.03,4.86,4.56,0.0,7.6535,10.671,12.37,Available
D0169,2025-12-01,113.89,111.28,0.99,4.63,4.38,0.0,7.7415,10.6706,11.87,Available
D0169,2026-01-01,,,,,,,,,,Missing
D0169,2026-02-01,113.79,102.6,1.04,4.2,4.04,0.0,9.6045,12.136,12.45,Available
D0169,2026-03-01,111.68,98.6,0.92,4.0,3.88,0.0,8.8393,11.2262,11.07,Available
D0169,2026-04-01,98.67,94.64,0.83,3.96,3.73,0.0,8.3569,10.5503,9.98,Available
D0169,2026-05-01,103.73,90.87,0.86,3.77,3.58,0.0,8.6784,11.307,10.27,Available
D0169,2026-06-01,93.67,87.24,0.73,3.63,3.43,0.0,7.9032,10.0785,8.79,Available
D0169,2026-07-01,94.08,83.76,0.8,3.48,3.3,0.0,8.3023,11.3935,9.54,Available
D0170,2024-09-01,158.28,142.86,1.33,9.91,4.01,0.0,9.3529,11.146,15.92,Available
D0170,2024-10-01,154.2,138.22,1.26,4.64,3.75,0.0,9.0132,10.9411,15.12,Available
D0170,2024-11-01,144.96,133.78,1.43,4.44,3.62,0.0,10.3312,12.8215,17.15,Available
D0170,2024-12-01,132.21,129.23,1.34,4.55,3.51,0.0,9.9637,12.4247,16.06,Available
D0170,2025-01-01,131.67,125.33,1.35,3.9,3.39,0.0,9.7801,12.9162,16.19,Available
D0170,2025-02-01,,,,,,,,,,Incomplete
D0170,2025-03-01,124.65,117.57,1.3,4.05,3.19,0.0,10.1124,13.3057,15.64,Available
D0170,2025-04-01,117.21,113.76,1.16,3.81,3.08,0.0,10.3352,12.2643,13.95,Available
D0170,2025-05-01,111.55,110.24,1.1,3.52,2.98,0.0,10.4111,11.9709,13.2,Available
D0170,2025-06-01,111.37,106.91,1.16,3.33,2.89,3.16,9.5466,12.9939,13.89,Available
D0170,2025-07-01,109.43,103.42,0.94,3.49,2.8,0.0,8.5493,10.8759,11.25,Available
D0170,2025-08-01,102.26,100.08,0.97,3.34,2.71,0.0,9.3187,11.5739,11.58,Available
D0170,2025-09-01,98.56,96.68,0.98,3.4,2.62,0.0,10.1981,12.1977,11.79,Available
D0170,2025-10-01,107.09,93.69,1.0,2.99,2.53,0.0,9.6268,12.8228,12.01,Available
D0170,2025-11-01,103.49,90.9,0.94,2.79,2.46,0.0,10.443,12.4678,11.33,Available
D0170,2025-12-01,93.47,88.15,0.89,2.75,2.38,0.0,10.5061,12.145,10.71,Available
D0170,2026-01-01,92.36,85.28,0.84,2.87,2.31,0.0,9.3718,11.8474,10.1,Available
D0170,2026-02-01,83.56,82.53,0.8,2.75,2.24,0.0,9.7668,11.6542,9.62,Available
D0170,2026-03-01,83.55,79.92,0.81,2.61,2.16,0.0,8.906,12.1216,9.69,Available
D0170,2026-04-01,83.84,77.51,0.74,2.41,2.1,0.0,9.4194,11.4215,8.85,Available
D0170,2026-05-01,75.37,74.9,0.73,2.61,2.03,0.0,9.606,11.7064,8.77,Available
D0170,2026-06-01,79.18,72.33,0.79,2.57,1.96,0.07,10.225,13.0831,9.46,Available
D0170,2026-07-01,69.88,69.81,0.74,2.52,1.9,0.0,10.0329,12.6804,8.85,Available
D0171,2024-12-01,7.84,6.99,0.08,0.21,0.16,0.0,10.0813,13.2429,0.93,Available
D0171,2025-01-01,7.4,6.79,0.08,0.2,0.16,0.0,10.8133,13.6289,0.93,Available
D0171,2025-02-01,7.56,6.6,0.07,0.19,0.15,0.0,10.0159,12.0948,0.8,Available
D0171,2025-03-01,7.26,6.43,0.07,0.17,0.15,0.0,10.5387,12.2604,0.79,Available
D0171,2025-04-01,6.39,6.24,0.07,0.19,0.15,0.06,11.3982,14.3059,0.89,Available
D0171,2025-05-01,6.4,6.07,0.06,0.17,0.14,0.0,10.9464,12.5235,0.76,Available
D0171,2025-06-01,,,,,,,,,,Missing
D0171,2025-07-01,6.41,5.72,0.06,0.17,0.13,0.0,11.5264,13.2355,0.76,Available
D0171,2025-08-01,5.82,5.55,0.05,0.17,0.13,0.0,9.6773,11.4822,0.64,Available
D0171,2025-09-01,6.08,5.39,0.06,0.16,0.13,0.0,11.0345,12.9795,0.7,Available
D0171,2025-10-01,5.25,5.25,0.05,0.14,0.12,0.0,9.7278,12.2783,0.64,Available
D0171,2025-11-01,5.33,5.11,0.06,0.14,0.12,0.0,10.0744,13.5722,0.69,Available
D0171,2025-12-01,5.08,4.96,0.05,0.15,0.12,0.0,9.9031,11.4369,0.57,Available
D0171,2026-01-01,5.18,4.83,0.05,0.13,0.11,0.0,10.2782,11.8691,0.57,Available
D0171,2026-02-01,4.99,4.7,0.06,0.13,0.11,0.0,11.5165,14.0841,0.66,Available
D0171,2026-03-01,4.77,4.57,0.05,0.13,0.11,0.0,10.7777,13.0547,0.6,Available
D0171,2026-04-01,4.7,4.45,0.05,0.12,0.1,0.0,10.3711,13.6247,0.61,Available
D0171,2026-05-01,4.33,4.32,0.05,0.13,0.1,0.0,11.0653,12.704,0.55,Available
D0171,2026-06-01,4.67,4.2,0.05,0.12,0.1,0.12,10.658,13.0951,0.55,Available
D0171,2026-07-01,4.27,4.08,0.05,0.12,0.09,0.0,10.6091,13.2573,0.54,Available
D0172,2024-08-01,175.19,164.73,1.64,10.45,7.75,0.37,9.0468,11.9538,19.69,Available
D0172,2024-09-01,158.02,156.0,1.45,8.73,7.29,0.0,9.0743,11.1475,17.39,Available
D0172,2024-10-01,161.58,146.91,1.31,9.09,6.91,0.0,8.7014,10.6661,15.67,Available
D0172,2024-11-01,149.34,137.62,1.19,9.29,6.5,3.82,8.5119,10.3354,14.22,Available
D0172,2024-12-01,143.85,126.13,1.08,11.49,6.09,0.0,8.7724,10.2749,12.96,Available
D0172,2025-01-01,124.42,118.25,1.06,7.88,5.58,0.0,8.4905,10.7989,12.77,Available
D0172,2025-02-01,112.39,110.67,0.96,7.58,5.23,0.0,7.9648,10.3775,11.48,Available
D0172,2025-03-01,110.97,103.13,0.83,7.54,4.9,0.0,7.8711,9.6806,9.98,Available
D0172,2025-04-01,109.82,97.46,0.88,5.67,4.57,0.0,7.6364,10.7818,10.51,Available
D0172,2025-05-01,103.02,91.83,0.87,5.63,4.31,0.0,8.9531,11.4114,10.48,Available
D0172,2025-06-01,93.46,86.02,0.67,5.81,4.07,0.0,7.4092,9.3921,8.08,Available
D0172,2025-07-01,80.32,80.25,0.67,5.77,3.81,0.0,8.3794,9.9462,7.98,Available
D0173,2025-04-01,316.44,299.01,3.25,12.54,9.63,0.0,10.1031,13.0373,38.98,Available
D0173,2025-05-01,318.57,286.35,3.15,12.66,9.24,0.0,9.964,13.2178,37.85,Available
D0173,2025-06-01,312.8,274.19,2.44,12.16,8.85,0.0,9.1481,10.6793,29.28,Available
D0173,2025-07-01,289.9,261.74,2.31,12.45,8.48,0.0,8.6461,10.6077,27.76,Available
D0173,2025-08-01,279.73,251.53,2.24,10.21,8.09,5.47,8.3689,10.664,26.82,Available
D0173,2025-09-01,263.42,240.97,2.25,10.56,7.78,0.0,9.0431,11.2016,26.99,Available
D0173,2025-10-01,245.55,220.1,1.92,20.87,7.45,0.0,8.7475,10.4697,23.04,Available
D0173,2025-11-01,227.24,209.58,1.93,10.52,6.8,0.0,8.6478,11.0671,23.19,Available
D0173,2025-12-01,224.71,199.16,2.25,10.42,6.48,0.0,10.1762,13.5713,27.03,Available
D0173,2026-01-01,,,,,,,,,,Missing
D0173,2026-02-01,204.66,180.56,1.76,9.45,5.87,0.0,8.8117,11.6849,21.1,Available
D0173,2026-03-01,174.11,172.52,1.57,8.04,5.58,0.0,8.9923,10.9284,18.85,Available
D0173,2026-04-01,170.97,164.91,1.62,7.61,5.33,0.0,8.382,11.7794,19.43,Available
D0173,2026-05-01,180.19,156.94,1.57,7.97,5.1,3.41,10.1996,11.9766,18.8,Available
D0173,2026-06-01,161.86,150.02,1.57,6.92,4.85,0.0,9.5187,12.52,18.78,Available
D0173,2026-07-01,158.22,142.84,1.41,7.18,4.64,0.0,9.0639,11.8187,16.88,Available
D0174,2024-06-01,95.95,91.6,0.9,4.7,4.32,0.0,9.2225,11.736,10.75,Available
D0174,2024-07-01,89.11,87.18,0.9,4.42,4.11,0.0,9.1522,12.3254,10.75,Available
D0174,2024-08-01,84.69,82.95,0.82,4.23,3.91,0.0,8.3828,11.8378,9.82,Available
D0174,2024-09-01,81.13,79.06,0.75,3.89,3.72,0.0,8.0899,11.4129,9.02,Available
D0174,2024-10-01,85.05,75.33,0.66,3.73,3.55,0.0,8.4508,10.5926,7.98,Available
D0174,2024-11-01,77.36,71.76,0.68,3.57,3.38,0.0,9.1855,11.2881,8.1,Available
D0174,2024-12-01,72.83,68.37,0.63,3.39,3.22,0.0,8.1665,11.1258,7.61,Available
D0174,2025-01-01,69.14,64.99,0.53,3.38,3.07,0.0,7.7578,9.6994,6.3,Available
D0174,2025-02-01,,,,,,,,,,Incomplete
D0174,2025-03-01,64.4,56.82,0.51,2.9,2.68,0.0,8.4194,10.6967,6.08,Available
D0174,2025-04-01,59.67,54.09,0.47,2.73,2.55,0.0,7.8554,10.5097,5.68,Available
D0174,2025-05-01,,,,,,,,,,Missing
D0174,2025-06-01,49.53,49.0,0.48,2.45,2.31,0.0,9.3195,11.8369,5.8,Available
D0174,2025-07-01,49.98,46.7,0.46,2.3,2.2,0.0,8.5211,11.9239,5.57,Available
D0174,2025-08-01,47.73,44.47,0.4,2.23,2.09,0.0,8.4967,10.7147,4.76,Available
D0174,2025-09-01,46.64,42.31,0.41,2.16,1.99,1.04,9.1903,11.5932,4.91,Available
D0174,2025-10-01,44.57,40.28,0.31,2.03,1.9,0.0,7.8552,9.3789,3.78,Available
D0174,2025-11-01,39.21,38.29,0.31,1.99,1.81,0.0,7.9743,9.6824,3.71,Available
D0174,2025-12-01,36.72,36.48,0.34,1.81,1.72,0.0,9.6387,11.1675,4.07,Available
D0174,2026-01-01,38.02,34.75,0.37,1.73,1.64,0.0,9.4077,12.8357,4.46,Available
D0174,2026-02-01,37.05,33.08,0.31,1.67,1.56,0.0,7.8818,11.1108,3.68,Available
D0174,2026-03-01,32.58,31.5,0.32,1.58,1.48,0.0,9.5336,12.307,3.88,Reconciliation Required
D0174,2026-04-01,30.61,30.01,0.27,1.49,1.41,0.0,9.4013,10.9066,3.27,Available
D0174,2026-05-01,29.75,27.92,0.28,2.09,1.35,0.0,9.1932,12.04,3.36,Available
D0174,2026-06-01,26.84,26.58,0.26,1.34,1.25,0.0,9.2813,11.5724,3.08,Available
D0174,2026-07-01,26.67,25.29,0.21,1.29,1.19,0.0,8.2813,9.8179,2.48,Available
D0175,2024-06-01,215.97,195.71,1.94,4.68,4.2,0.0,10.0515,11.8973,23.28,Available
D0175,2024-07-01,,,,,,,,,,Missing
D0175,2024-08-01,194.98,177.91,1.9,13.29,4.01,0.0,9.5444,12.7987,22.77,Available
D0175,2024-09-01,177.48,173.79,1.74,4.12,3.73,0.0,8.9488,11.9838,20.83,Available
D0175,2024-10-01,180.7,169.94,1.62,3.85,3.64,0.0,9.4911,11.4333,19.43,Available
D0175,2024-11-01,172.21,166.02,1.6,3.92,3.56,0.0,9.4562,11.5673,19.2,Available
D0175,2024-12-01,172.86,162.25,1.53,3.77,3.48,0.0,9.0243,11.3034,18.34,Available
D0175,2025-01-01,155.62,153.32,1.54,8.93,3.4,0.0,9.4412,12.0458,18.47,Available
D0176,2025-03-01,217.73,214.64,1.84,7.7,5.08,0.0,8.5528,10.312,22.13,Available
D0176,2025-04-01,213.46,200.93,1.81,13.71,4.9,0.0,7.3295,10.7859,21.67,Available
D0176,2025-05-01,214.6,194.26,1.52,6.67,4.59,0.0,7.1433,9.3883,18.24,Available
D0176,2025-06-01,204.35,188.82,1.73,5.44,4.44,0.0,8.464,10.9704,20.71,Available
D0176,2025-07-01,208.91,182.74,1.48,6.08,4.31,0.0,6.7175,9.6978,17.72,Available
D0176,2025-08-01,182.64,177.36,1.64,5.38,4.18,0.0,7.8803,11.121,19.72,Available
D0176,2025-09-01,189.11,171.47,1.3,5.89,4.05,3.99,6.9259,9.0646,15.54,Available
D0176,2025-10-01,168.27,166.21,1.36,5.26,3.92,0.0,8.2057,9.7865,16.27,Available
D0176,2025-11-01,170.4,157.77,1.28,8.44,3.8,0.0,6.6323,9.737,15.36,Available
D0176,2025-12-01,171.93,153.52,1.18,4.25,3.6,0.0,6.8865,9.25,14.2,Available
D0176,2026-01-01,170.4,149.0,1.06,4.52,3.51,0.0,6.5767,8.5171,12.69,Available
D0176,2026-02-01,151.2,144.15,1.11,4.85,3.4,0.0,7.3675,9.2296,13.3,Available
D0176,2026-03-01,141.46,139.61,1.26,4.54,3.29,0.0,7.3608,10.8259,15.11,Available
D0176,2026-04-01,150.32,134.96,1.24,4.65,3.19,0.0,8.113,11.0303,14.89,Available
D0176,2026-05-01,131.97,130.26,1.07,4.7,3.08,0.0,7.0259,9.8916,12.88,Available
D0176,2026-06-01,143.42,126.17,0.97,4.09,2.98,0.0,6.624,9.2649,11.69,Available
D0177,2024-11-01,97.93,88.51,0.77,3.56,1.95,0.0,8.5568,10.4596,9.26,Available
D0177,2024-12-01,84.37,82.76,0.84,5.75,1.87,0.0,9.2448,12.2415,10.13,Available
D0177,2025-01-01,90.66,79.66,0.83,3.1,1.75,0.0,9.6554,12.5291,9.98,Available
D0177,2025-02-01,84.92,76.28,0.72,3.38,1.69,0.0,8.649,11.2935,8.61,Available
D0177,2025-03-01,76.67,73.07,0.8,3.21,1.61,0.0,9.8997,13.2124,9.65,Available
D0177,2025-04-01,78.87,70.91,0.74,2.16,1.55,0.0,9.6875,12.541,8.89,Available
D0177,2025-05-01,77.79,68.15,0.69,2.76,1.5,0.0,9.379,12.1644,8.29,Available
D0177,2025-06-01,67.98,65.67,0.58,2.48,1.44,0.0,8.5641,10.5805,6.95,Available
D0177,2025-07-01,63.43,63.39,0.52,2.28,1.39,0.0,8.3169,9.834,6.23,Available
D0177,2025-08-01,63.73,61.01,0.56,2.38,1.34,1.56,8.2247,11.0316,6.73,Available
D0177,2025-09-01,59.8,58.83,0.51,2.18,1.29,0.0,8.3709,10.4903,6.17,Available
D0177,2025-10-01,62.18,56.73,0.49,2.1,1.25,0.0,8.6224,10.3933,5.9,Available
D0177,2025-11-01,55.76,54.86,0.55,1.87,1.2,0.0,8.4493,11.9363,6.55,Available
D0177,2025-12-01,54.16,52.51,0.54,2.35,1.16,0.0,8.9505,12.2897,6.45,Available
D0177,2026-01-01,56.92,50.74,0.45,1.77,1.11,0.0,8.9746,10.583,5.37,Available
D0177,2026-02-01,50.48,48.85,0.49,1.89,1.07,0.0,9.4815,11.9963,5.86,Available
D0177,2026-03-01,49.4,47.21,0.49,1.64,1.03,0.0,9.9659,12.4198,5.86,Available
D0177,2026-04-01,51.88,45.14,0.38,2.07,1.0,0.0,8.1995,10.1205,4.57,Available
D0177,2026-05-01,49.82,43.77,0.36,1.37,0.96,0.0,8.1954,9.8832,4.33,Available
D0177,2026-06-01,43.77,42.38,0.45,1.39,0.93,0.0,10.1048,12.6205,5.35,Available
D0177,2026-07-01,46.63,41.06,0.38,1.32,0.9,0.0,9.4669,10.9942,4.51,Available
D0178,2024-11-01,221.13,198.37,1.91,10.3,6.73,0.0,9.5939,11.5423,22.9,Available
D0178,2024-12-01,197.51,188.64,2.06,9.73,6.4,0.0,10.6589,13.0761,24.67,Available
D0178,2025-01-01,182.16,180.71,2.02,7.93,6.09,0.0,10.7382,13.4267,24.26,Available
D0178,2025-02-01,182.13,173.55,1.96,7.16,5.83,0.0,10.466,13.5504,23.52,Available
D0178,2025-03-01,167.48,166.43,1.82,7.12,5.6,0.0,9.6603,13.1337,21.86,Reconciliation Required
D0178,2025-04-01,167.43,160.01,1.77,6.42,5.37,0.0,10.9027,13.2389,21.18,Available
D0178,2025-05-01,156.08,152.42,1.42,7.59,5.16,0.0,9.4516,11.1739,17.03,Available
D0178,2025-06-01,162.22,146.16,1.49,6.26,4.92,0.0,9.7803,12.2355,17.88,Available
D0178,2025-07-01,142.65,139.13,1.57,7.03,4.72,0.0,10.2396,13.5519,18.85,Available
D0178,2025-08-01,138.09,132.22,1.32,6.91,4.49,0.0,9.7854,12.0148,15.89,Available
D0178,2025-09-01,141.43,126.09,1.34,6.13,4.27,0.0,10.5367,12.7761,16.11,Available
D0178,2025-10-01,129.84,120.79,1.21,5.3,4.07,0.0,9.6386,11.996,14.49,Available
D0178,2025-11-01,117.78,115.41,1.1,5.38,3.9,0.0,9.4628,11.427,13.19,Available
D0178,2025-12-01,110.25,109.67,1.25,5.74,3.72,0.0,10.5243,13.6713,14.99,Available
D0178,2026-01-01,117.45,104.59,1.14,5.08,3.54,0.0,10.2959,13.1173,13.72,Available
D0178,2026-02-01,101.65,99.42,1.12,5.17,3.37,0.0,10.6825,13.5538,13.48,Available
D0178,2026-03-01,95.72,95.19,1.1,4.23,3.21,0.0,10.8416,13.8881,13.22,Available
D0178,2026-04-01,94.45,86.84,0.89,8.35,3.07,1.77,10.7047,12.3163,10.7,Available
D0178,2026-05-01,83.04,80.83,0.84,6.01,2.8,0.0,10.7228,12.4518,10.06,Available
D0178,2026-06-01,84.48,77.13,0.78,3.7,2.61,0.0,9.4142,12.0905,9.33,Available
D0178,2026-07-01,82.88,73.51,0.71,3.62,2.49,1.73,9.8312,11.5561,8.49,Available
D0179,2025-05-01,173.25,157.81,1.32,8.76,4.45,0.0,7.5011,10.0229,15.82,Available
D0179,2025-06-01,163.63,152.41,1.44,5.4,4.22,0.0,8.6979,11.3172,17.25,Available
D0179,2025-07-01,150.56,146.31,1.1,6.1,4.07,0.0,7.4029,9.0272,13.21,Available
D0179,2025-08-01,161.82,140.77,1.28,5.54,3.91,0.0,9.2184,10.8767,15.31,Available
D0179,2025-09-01,145.78,135.55,1.22,5.22,3.76,0.0,8.4381,10.7763,14.61,Available
D0179,2025-10-01,143.85,130.31,1.08,5.24,3.62,0.0,7.5807,9.9146,12.92,Available
D0179,2025-11-01,,,,,,,,,,Missing
D0179,2025-12-01,125.03,120.5,1.08,5.17,3.36,0.0,8.3639,10.7955,13.01,Available
D0179,2026-01-01,120.38,115.65,1.02,4.85,3.22,0.0,7.6491,10.5472,12.2,Available
D0179,2026-02-01,121.76,111.48,0.95,4.17,3.09,0.0,8.402,10.1866,11.36,Available
D0179,2026-03-01,120.31,107.48,1.03,4.0,2.98,0.0,8.9599,11.5048,12.37,Available
D0179,2026-04-01,114.98,103.27,0.92,4.21,2.87,0.0,7.8309,10.7458,11.1,Available
D0179,2026-05-01,98.23,97.74,0.93,5.53,2.76,0.0,7.9791,11.3621,11.11,Available
D0179,2026-06-01,107.58,93.99,0.92,3.75,2.61,0.0,8.8675,11.7474,11.04,Available
D0179,2026-07-01,92.71,90.75,0.78,3.24,2.51,0.0,7.5938,10.3658,9.41,Available
D0180,2026-02-01,274.1,238.88,2.19,9.97,9.33,0.0,8.7767,10.9986,26.27,Available
D0180,2026-03-01,262.83,229.23,2.37,9.65,8.95,0.0,9.7205,12.4284,28.49,Available
D0180,2026-04-01,236.85,213.65,2.21,15.58,8.59,0.76,9.8877,12.4166,26.53,Available
D0180,2026-05-01,226.75,204.52,2.0,9.13,8.01,0.0,8.9309,11.7286,23.99,Available
D0180,2026-06-01,206.77,195.81,1.9,8.71,7.67,0.0,9.0407,11.6366,22.79,Available
D0180,2026-07-01,189.32,187.81,1.72,8.0,7.34,0.0,9.3027,10.9692,20.6,Available
D0181,2025-03-01,125.59,119.12,1.17,11.53,6.43,0.0,9.1877,11.7982,14.05,Available
D0181,2025-04-01,125.69,110.3,1.04,8.82,5.86,0.0,8.4529,11.3251,12.49,Available
D0181,2025-05-01,118.77,104.63,0.81,5.67,5.43,0.0,7.4205,9.2648,9.69,Available
D0181,2025-06-01,108.94,99.21,0.91,5.42,5.15,0.0,8.1032,10.9521,10.87,Available
D0181,2025-07-01,108.13,94.18,0.94,5.03,4.88,0.0,8.7574,11.9915,11.29,Available
D0181,2025-08-01,97.67,89.41,0.86,4.77,4.64,0.0,8.6328,11.4892,10.27,Available
D0181,2025-09-01,94.73,84.82,0.73,4.59,4.4,0.0,8.5911,10.3171,8.75,Available
D0181,2025-10-01,91.37,80.52,0.63,4.3,4.18,0.0,7.6984,9.3842,7.56,Available
D0181,2025-11-01,81.28,76.42,0.72,4.1,3.96,0.0,8.9405,11.3288,8.66,Available
D0181,2025-12-01,80.57,72.49,0.67,3.93,3.76,0.0,8.5054,11.0725,8.03,Available
D0181,2026-01-01,71.06,66.49,0.61,6.0,3.57,0.0,7.8664,10.9831,7.3,Available
D0181,2026-02-01,63.9,63.15,0.55,3.34,3.27,0.0,7.9528,10.4852,6.62,Available
D0181,2026-03-01,63.51,59.91,0.5,3.24,3.11,0.0,7.761,9.9358,5.95,Available
D0181,2026-04-01,61.83,56.9,0.54,3.01,2.95,0.0,8.7386,11.3685,6.47,Available
D0181,2026-05-01,58.82,54.03,0.52,2.87,2.8,0.0,9.1093,11.492,6.21,Available
D0181,2026-06-01,56.64,51.31,0.44,2.72,2.66,0.0,7.9977,10.2416,5.25,Available
D0181,2026-07-01,55.95,48.68,0.45,2.63,2.53,0.0,8.3766,10.9844,5.35,Available
D0182,2026-03-01,333.41,296.94,2.11,10.11,9.1,0.0,6.5998,8.5191,25.3,Available
D0182,2026-04-01,319.2,286.56,1.77,10.38,8.8,0.0,5.8972,7.4138,21.24,Available
D0182,2026-05-01,297.83,277.23,2.39,9.33,8.5,0.0,6.9077,10.3433,28.67,Available
D0182,2026-06-01,289.19,268.38,2.03,8.85,8.22,0.0,5.9475,9.0928,24.4,Available
D0182,2026-07-01,261.75,259.25,1.72,9.13,7.96,0.0,6.1635,7.9453,20.6,Available
D0183,2024-09-01,92.61,90.25,0.94,4.45,4.05,0.0,10.9599,12.4697,11.25,Available
D0183,2024-10-01,98.61,85.9,0.9,4.35,3.86,0.0,9.7323,12.5967,10.82,Available
D0183,2024-11-01,91.89,81.95,0.9,3.95,3.67,0.0,10.5719,13.1426,10.77,Available
D0183,2024-12-01,83.17,78.15,0.92,3.8,3.5,0.0,10.678,14.0635,10.99,Available
D0183,2025-01-01,79.61,74.36,0.8,3.79,3.34,0.0,10.4865,12.9085,9.6,Available
D0183,2025-02-01,73.78,70.83,0.74,3.53,3.18,0.0,10.9802,12.6187,8.94,Available
D0183,2025-03-01,69.51,67.36,0.75,3.47,3.03,0.0,10.4075,13.2913,8.95,Available
D0183,2025-04-01,73.45,63.94,0.66,3.42,2.88,0.83,10.1792,12.3449,7.89,Available
D0183,2025-05-01,62.22,60.82,0.61,3.12,2.73,0.0,10.5381,12.0925,7.35,Available
D0183,2025-06-01,64.53,57.71,0.61,3.11,2.6,0.0,10.3619,12.7058,7.33,Available
D0183,2025-07-01,56.13,55.04,0.54,2.67,2.47,0.68,9.9634,11.7356,6.46,Available
D0183,2025-08-01,54.25,52.27,0.54,2.77,2.35,0.73,10.2555,12.4261,6.5,Available
D0183,2025-09-01,54.54,49.79,0.54,2.48,2.24,0.0,11.3074,13.0685,6.51,Reconciliation Required
D0183,2025-10-01,53.95,47.45,0.53,2.34,2.13,0.0,10.2196,13.3365,6.33,Available
D0183,2025-11-01,48.12,45.04,0.46,2.41,2.03,0.0,10.2726,12.3411,5.56,Available
D0183,2025-12-01,44.23,42.88,0.5,2.16,1.93,0.0,11.3597,14.1108,6.05,Available
D0183,2026-01-01,41.1,40.81,0.46,2.07,1.83,0.0,10.5935,13.6101,5.55,Available
D0183,2026-02-01,41.93,38.93,0.42,1.88,1.75,0.0,10.3248,12.8461,5.0,Available
D0183,2026-03-01,38.0,37.08,0.46,1.85,1.66,0.0,11.4102,14.7704,5.48,Available
D0183,2026-04-01,38.01,35.24,0.38,1.84,1.59,0.0,9.6937,13.0234,4.59,Available
D0183,2026-05-01,36.3,31.89,0.34,3.35,1.51,0.0,10.3431,12.6233,4.03,Available
D0183,2026-06-01,32.72,30.3,0.36,1.59,1.36,0.0,11.2574,14.1428,4.29,Available
D0183,2026-07-01,31.67,28.76,0.32,1.54,1.3,0.0,11.4115,13.3519,3.84,Available
D0184,2025-01-01,138.14,121.42,1.29,7.04,5.71,0.0,9.7448,12.7364,15.46,Available
D0184,2025-02-01,130.81,114.8,1.2,6.62,5.4,0.0,9.494,12.5693,14.43,Available
D0184,2025-03-01,110.74,108.4,0.94,6.4,5.1,2.28,8.5244,10.3967,11.27,Available
D0184,2025-04-01,108.86,100.41,0.88,7.99,4.82,0.0,8.0921,10.5583,10.6,Available
D0184,2025-05-01,98.17,94.93,0.96,5.48,4.46,0.0,9.2666,12.0983,11.48,Available
D0184,2025-06-01,99.0,89.54,0.89,5.39,4.22,0.0,8.5665,11.9784,10.73,Available
D0184,2025-07-01,95.57,84.75,0.85,4.79,3.98,0.0,8.7793,11.9969,10.17,Available
D0184,2025-08-01,84.2,79.93,0.77,4.82,3.77,0.0,9.4188,11.5981,9.27,Available
D0184,2025-09-01,85.13,75.76,0.78,4.17,3.55,0.0,9.6387,12.4108,9.4,Available
D0184,2025-10-01,73.46,71.7,0.62,4.06,3.37,0.0,8.2568,10.3811,7.44,Available
D0184,2025-11-01,72.81,67.53,0.72,4.17,3.19,0.0,9.4045,12.721,8.59,Available
D0184,2025-12-01,68.02,63.65,0.66,3.88,3.0,0.0,9.1803,12.5113,7.96,Available
D0184,2026-01-01,65.69,60.4,0.52,3.25,2.83,0.97,8.1713,10.3907,6.28,Reconciliation Required
D0184,2026-02-01,63.54,56.83,0.56,3.57,2.68,0.0,9.6143,11.8962,6.76,Available
D0184,2026-03-01,56.71,51.0,0.51,5.83,2.53,0.0,8.7376,12.0332,6.14,Available
D0184,2026-04-01,53.01,48.04,0.42,2.96,2.27,0.0,8.8328,10.4739,5.03,Available
D0184,2026-05-01,49.82,45.34,0.39,2.7,2.13,0.0,8.7011,10.2591,4.65,Available
D0184,2026-06-01,47.38,43.01,0.45,2.33,2.01,0.0,9.4544,12.635,5.43,Available
D0184,2026-07-01,42.77,40.79,0.43,2.22,1.91,0.0,10.0319,12.6422,5.16,Available
D0185,2026-02-01,119.41,107.75,1.0,2.61,2.4,0.0,9.3621,11.0968,11.96,Available
D0185,2026-03-01,113.92,105.24,0.98,2.51,2.35,0.0,8.9723,11.184,11.77,Available
D0185,2026-04-01,108.2,102.57,0.98,2.67,2.29,0.12,8.0727,11.466,11.76,Available
D0185,2026-05-01,109.64,100.09,0.85,2.48,2.23,0.0,8.6126,10.155,10.16,Available
D0185,2026-06-01,106.66,97.74,0.9,2.35,2.18,0.0,8.7825,11.0444,10.79,Available
D0185,2026-07-01,102.47,95.39,0.78,2.35,2.13,0.0,7.6241,9.831,9.38,Available
D0186,2026-02-01,296.04,279.81,2.91,14.01,10.89,0.0,9.6029,12.4796,34.92,Available
D0186,2026-03-01,299.03,265.57,2.98,14.24,10.37,0.0,10.1709,13.4511,35.72,Available
D0186,2026-04-01,286.23,252.29,2.91,13.28,9.84,5.22,10.638,13.8445,34.93,Available
D0186,2026-05-01,256.43,238.52,2.41,13.77,9.35,0.0,9.3527,12.1432,28.96,Available
D0186,2026-06-01,234.33,228.0,2.57,10.52,8.84,0.0,10.7658,13.5241,30.83,Available
D0186,2026-07-01,222.23,215.62,2.13,12.38,8.45,0.0,10.2607,11.8808,25.62,Available
D0187,2025-07-01,359.92,322.45,3.11,18.93,14.91,0.0,9.055,11.5808,37.34,Available
D0187,2025-08-01,334.93,302.14,2.54,20.31,14.09,0.0,8.0936,10.0775,30.45,Available
D0187,2025-09-01,293.67,286.25,2.83,15.89,13.2,0.0,8.8885,11.8621,33.96,Available
D0187,2025-10-01,279.01,268.91,2.11,17.34,12.5,0.0,7.8714,9.4155,25.32,Available
D0187,2025-11-01,270.94,252.81,2.03,16.1,11.75,2.74,7.7991,9.6286,24.34,Available
D0187,2025-12-01,247.21,238.18,2.09,14.63,11.04,0.0,7.8254,10.541,25.11,Available
D0187,2026-01-01,241.86,223.31,1.93,14.87,10.4,0.0,8.855,10.3713,23.16,Available
D0187,2026-02-01,239.91,209.23,2.14,14.08,9.76,0.0,8.8548,12.2813,25.7,Available
D0187,2026-03-01,215.75,197.3,1.98,11.93,9.14,0.0,9.0313,12.0656,23.81,Available
D0187,2026-04-01,207.77,185.03,1.71,12.27,8.62,0.0,9.0887,11.0671,20.48,Available
D0187,2026-05-01,174.52,172.36,1.43,12.67,8.08,0.0,8.0684,9.976,17.19,Available
D0187,2026-06-01,186.78,163.47,1.65,8.89,7.53,0.0,9.3913,12.1274,19.82,Available
D0187,2026-07-01,172.77,154.06,1.42,9.41,7.14,0.0,8.7003,11.0246,16.98,Available
D0188,2026-01-01,290.97,282.82,3.1,7.99,7.19,0.0,10.2918,13.1332,37.14,Available
D0188,2026-02-01,306.5,275.12,2.64,7.7,7.0,0.0,9.7155,11.5187,31.69,Available
D0188,2026-03-01,270.37,267.59,2.69,7.53,6.8,7.82,9.177,12.0685,32.29,Available
D0188,2026-04-01,265.15,260.65,2.28,6.94,6.62,0.0,8.7962,10.4807,27.32,Available
D0188,2026-05-01,280.88,253.43,2.24,7.22,6.45,0.0,8.8664,10.5904,26.84,Available
D0188,2026-06-01,260.47,246.85,2.21,6.58,6.27,0.0,8.6946,10.7216,26.47,Available
D0188,2026-07-01,,,,,,,,,,Incomplete
D0189,2026-03-01,260.24,231.57,1.75,13.93,11.0,0.0,7.1115,9.0637,20.99,Available
D0189,2026-04-01,236.16,219.57,1.85,12.0,10.37,0.0,6.7057,10.1251,22.23,Available
D0189,2026-05-01,234.86,207.23,1.49,12.34,9.83,0.0,6.4917,8.6226,17.87,Available
D0189,2026-06-01,217.48,194.92,1.48,12.31,9.28,4.44,6.8833,9.1415,17.82,Available
D0189,2026-07-01,209.74,184.45,1.37,10.47,8.73,0.0,6.8424,8.9043,16.42,Available
D0190,2026-03-01,300.64,281.19,2.85,20.28,13.83,0.0,10.2383,12.1747,34.23,Available
D0190,2026-04-01,,,,,,,,,,Incomplete
D0190,2026-05-01,253.53,245.57,2.65,19.41,12.16,0.0,10.9283,12.9276,31.75,Available
D0190,2026-06-01,241.7,231.78,2.55,13.79,11.27,0.0,10.701,13.1828,30.56,Available
D0190,2026-07-01,226.65,215.8,2.24,15.98,10.63,0.0,10.4678,12.4546,26.88,Available
D0191,2024-11-01,209.02,183.06,2.12,6.05,3.81,4.6,11.6473,13.895,25.44,Available
D0191,2024-12-01,192.9,177.56,1.84,5.5,3.69,0.0,10.6896,12.4183,22.05,Available
D0191,2025-01-01,179.01,172.91,1.91,4.65,3.58,0.0,10.2061,13.2627,22.93,Available
D0191,2025-02-01,188.41,167.3,2.06,5.61,3.49,0.0,11.5391,14.7952,24.75,Available
D0191,2025-03-01,171.73,161.12,1.73,6.18,3.37,0.0,10.5403,12.8627,20.72,Available
D0191,2025-04-01,172.84,156.17,1.76,4.95,3.25,0.0,11.0685,13.5277,21.13,Available
D0191,2025-05-01,159.28,151.7,1.62,4.47,3.15,0.0,11.1294,12.8407,19.48,Available
D0191,2025-06-01,146.87,146.76,1.7,4.94,3.06,0.0,11.4097,13.9365,20.45,Available
D0191,2025-07-01,144.08,141.68,1.54,5.08,2.96,0.0,11.1903,13.0468,18.48,Available
D0191,2025-08-01,139.76,137.65,1.53,4.03,2.86,0.0,11.1019,13.3643,18.4,Available
D0191,2025-09-01,142.08,134.04,1.62,3.61,2.77,0.0,11.7513,14.4664,19.39,Available
D0191,2025-10-01,147.0,129.35,1.6,4.69,2.7,0.0,11.3908,14.8335,19.19,Available
D0191,2025-11-01,143.14,125.4,1.44,3.95,2.61,0.0,10.4239,13.7737,17.27,Available
D0191,2025-12-01,125.96,120.71,1.3,4.69,2.53,0.0,11.3962,12.9508,15.63,Available
D0191,2026-01-01,129.06,117.2,1.36,3.51,2.43,0.0,11.2541,13.8873,16.28,Available
D0191,2026-02-01,121.2,114.12,1.38,3.08,2.36,0.0,11.7575,14.4594,16.5,Available
D0191,2026-03-01,126.06,110.96,1.28,3.16,2.3,3.22,11.1772,13.8513,15.37,Available
D0192,2025-08-01,151.81,140.62,1.31,8.59,6.06,0.0,8.9342,11.2154,15.77,Available
D0192,2025-09-01,152.16,132.66,1.28,7.96,5.71,1.29,9.1816,11.5836,15.37,Available
D0192,2025-10-01,143.0,125.88,1.39,6.78,5.39,0.0,10.3699,13.2358,16.66,Available
D0192,2025-11-01,133.23,119.7,1.21,6.18,5.11,0.0,8.9586,12.1709,14.57,Reconciliation Required
D0192,2025-12-01,126.33,113.62,1.07,6.08,4.86,0.0,9.4161,11.2937,12.83,Available
D0192,2026-01-01,114.8,104.45,0.94,9.17,4.61,0.0,8.6841,10.8455,11.33,Available
D0192,2026-02-01,107.51,98.46,0.87,5.99,4.24,0.0,8.6307,10.6409,10.48,Available
D0192,2026-03-01,99.64,93.0,0.9,5.46,4.0,0.0,8.5781,11.5812,10.77,Available
D0192,2026-04-01,100.0,87.33,0.9,5.67,3.78,0.0,9.8544,12.3554,10.79,Available
D0192,2026-05-01,87.51,82.01,0.79,5.32,3.55,2.29,8.8113,11.608,9.52,Available
D0192,2026-06-01,80.32,77.59,0.76,4.42,3.33,0.0,9.0375,11.7077,9.08,Available
D0192,2026-07-01,82.99,73.03,0.68,4.56,3.15,0.0,8.8934,11.2385,8.21,Available
D0193,2025-07-01,52.64,45.98,0.39,2.39,1.71,0.0,7.6501,10.0803,4.63,Available
D0193,2025-08-01,44.31,43.82,0.37,2.16,1.63,0.0,7.8643,10.1744,4.46,Available
D0193,2025-09-01,42.61,42.04,0.35,1.78,1.55,1.19,7.4074,10.0263,4.22,Available
D0193,2025-10-01,42.12,40.23,0.33,1.81,1.49,0.0,6.8444,9.9452,4.0,Available
D0193,2025-11-01,41.35,38.55,0.33,1.68,1.43,0.0,7.4564,10.2362,3.95,Available
D0193,2025-12-01,39.74,36.69,0.3,1.86,1.37,0.0,7.2231,9.8707,3.62,Available
D0193,2026-01-01,40.21,35.19,0.31,1.5,1.3,0.0,7.7833,10.5577,3.72,Available
D0193,2026-02-01,33.82,33.49,0.27,1.7,1.25,0.0,6.7729,9.7308,3.26,Available
D0193,2026-03-01,33.14,31.82,0.26,1.67,1.19,0.0,6.7598,9.8406,3.13,Available
D0193,2026-04-01,30.6,30.25,0.27,1.57,1.13,0.0,8.308,10.641,3.22,Available
D0193,2026-05-01,32.68,28.96,0.24,1.29,1.07,0.0,6.6043,10.103,2.93,Available
D0193,2026-06-01,31.19,27.58,0.26,1.38,1.03,0.0,8.1951,11.23,3.1,Available
D0193,2026-07-01,29.22,26.21,0.22,1.37,0.98,0.0,6.7055,9.9215,2.6,Available
D0194,2025-04-01,316.57,294.67,2.86,16.7,15.29,0.0,8.2206,11.6632,34.37,Available
D0194,2025-05-01,,,,,,,,,,Missing
D0194,2025-06-01,286.7,264.83,2.47,14.32,13.71,0.0,8.0282,11.1848,29.62,Available
D0194,2025-07-01,278.61,251.18,2.32,13.65,13.0,0.46,8.7518,11.0635,27.79,Available
D0194,2025-08-01,258.38,237.99,2.06,13.19,12.33,0.0,8.4714,10.4014,24.75,Available
D0194,2025-09-01,258.44,225.46,1.97,12.53,11.69,0.0,7.9195,10.4787,23.63,Available
D0194,2025-10-01,223.87,205.56,2.15,19.9,11.07,0.0,9.5507,12.5647,25.83,Available
D0194,2025-11-01,209.71,194.75,1.72,10.81,10.09,0.0,8.0166,10.5721,20.59,Available
D0194,2025-12-01,188.71,184.17,1.63,10.58,9.56,0.0,7.9548,10.6149,19.55,Available
D0194,2026-01-01,180.35,174.22,1.59,9.95,9.04,0.0,7.6422,10.9224,19.03,Available
D0194,2026-02-01,175.86,164.97,1.47,9.25,8.55,0.0,8.5866,10.6955,17.64,Available
D0194,2026-03-01,171.92,156.15,1.43,8.82,8.1,0.0,7.8652,10.9621,17.12,Available
D0194,2026-04-01,154.13,148.0,1.34,8.15,7.67,0.0,8.6282,10.8491,16.06,Available
D0194,2026-05-01,152.32,140.18,1.27,7.82,7.27,0.0,8.398,10.8948,15.27,Available
D0194,2026-06-01,,,,,,,,,,Missing
D0194,2026-07-01,134.97,122.76,1.26,6.68,6.36,0.21,9.32,12.3064,15.11,Available
D0195,2026-05-01,135.59,134.92,1.33,7.57,6.71,0.0,8.9064,11.8379,15.97,Available
D0195,2026-06-01,133.79,127.39,1.31,7.53,6.36,0.0,10.0516,12.3138,15.69,Available
D0195,2026-07-01,122.86,120.65,1.19,6.74,6.0,0.0,9.3306,11.7879,14.22,Available
D0196,2024-10-01,238.08,211.49,2.1,9.48,6.69,0.0,9.7098,11.9261,25.22,Available
D0196,2024-11-01,215.38,202.2,2.11,9.29,6.4,0.0,10.7323,12.5043,25.28,Available
D0196,2024-12-01,209.52,194.37,2.3,7.83,6.12,4.07,10.8313,14.2242,27.65,Available
D0196,2025-01-01,194.83,185.45,1.86,8.92,5.89,0.0,10.1554,12.0088,22.27,Available
D0196,2025-02-01,197.3,178.58,1.97,6.87,5.62,0.0,10.2069,13.2405,23.64,Available
D0196,2025-03-01,195.3,172.16,1.7,6.42,5.41,0.0,9.84,11.842,20.39,Available
D0196,2025-04-01,168.2,165.13,1.55,7.03,5.21,0.0,9.3762,11.2695,18.61,Available
D0196,2025-05-01,180.46,157.57,1.73,7.56,5.0,0.0,10.4157,13.1849,20.78,Available
D0196,2025-06-01,160.74,150.79,1.7,6.78,4.77,0.0,11.1247,13.5542,20.44,Available
D0196,2025-07-01,154.35,144.03,1.46,6.76,4.57,0.0,9.2795,12.1346,17.48,Available
D0196,2025-08-01,145.45,137.81,1.39,6.22,4.36,0.0,9.8449,12.1172,16.7,Available
D0196,2025-09-01,146.24,132.4,1.48,5.41,4.17,0.0,10.9583,13.4372,17.79,Available
D0196,2025-10-01,129.74,126.97,1.38,5.43,4.01,0.0,11.0898,13.0023,16.51,Available
D0196,2025-11-01,126.96,122.14,1.31,4.83,3.84,1.57,10.0914,12.8249,15.66,Available
D0196,2025-12-01,125.06,117.04,1.17,5.1,3.7,0.0,10.0057,11.9476,13.98,Available
D0196,2026-01-01,113.58,112.23,1.15,4.81,3.54,0.0,9.425,12.2804,13.78,Available
D0196,2026-02-01,114.72,107.91,1.15,4.32,3.4,0.0,9.6349,12.7834,13.79,Available
D0196,2026-03-01,109.76,103.6,1.14,4.31,3.27,0.0,11.0903,13.2535,13.73,Available
D0196,2026-04-01,108.41,98.83,0.94,4.77,3.14,0.0,9.8078,11.3814,11.25,Available
D0196,2026-05-01,104.63,94.96,1.04,3.87,2.99,0.0,10.5543,13.1908,12.53,Available
D0196,2026-06-01,94.57,91.4,1.06,3.56,2.88,0.0,10.9719,13.9333,12.74,Available
D0196,2026-07-01,95.25,87.8,0.95,3.6,2.77,0.0,10.8446,12.9951,11.41,Available
D0197,2025-05-01,311.16,296.2,2.33,13.9,9.93,0.0,7.4369,9.4512,27.99,Available
D0197,2025-06-01,299.42,283.99,2.16,12.21,9.48,0.0,7.0542,9.1262,25.92,Available
D0197,2025-07-01,271.12,268.96,2.14,15.03,9.09,0.0,7.6029,9.5373,25.65,Available
D0197,2025-08-01,272.14,257.46,2.17,11.5,8.61,0.0,6.7402,10.1202,26.06,Available
D0197,2025-09-01,251.18,243.69,2.22,13.77,8.24,0.0,7.849,10.9385,26.66,Available
D0197,2025-10-01,252.57,232.86,1.78,10.83,7.8,0.0,6.7938,9.1978,21.42,Available
D0197,2025-11-01,243.2,223.02,1.89,9.84,7.45,0.0,8.4379,10.1856,22.72,Available
D0197,2025-12-01,235.44,211.75,1.98,11.27,7.14,0.15,7.7453,11.1976,23.71,Available
D0197,2026-01-01,222.8,201.88,1.71,9.87,6.78,0.0,7.5148,10.1568,20.5,Available
D0197,2026-02-01,204.09,191.7,1.68,10.18,6.46,0.0,8.0712,10.5399,20.2,Available
D0197,2026-03-01,188.92,180.98,1.66,10.72,6.14,0.0,7.6387,10.9756,19.86,Available
D0197,2026-04-01,180.21,171.22,1.29,9.76,5.79,0.0,7.5115,9.0405,15.48,Available
D0197,2026-05-01,185.83,163.42,1.3,7.8,5.48,0.0,7.4807,9.581,15.66,Available
D0197,2026-06-01,171.92,154.66,1.33,8.76,5.23,0.0,7.0938,10.3582,16.02,Available
D0197,2026-07-01,154.15,145.65,1.25,9.01,4.95,0.0,7.4848,10.3032,15.01,Available
D0198,2025-12-01,97.4,90.24,0.71,4.65,2.88,0.0,7.7513,9.4324,8.51,Available
D0198,2026-01-01,93.5,85.71,0.66,4.53,2.74,0.0,7.0194,9.2289,7.91,Available
D0198,2026-02-01,83.56,81.72,0.71,3.99,2.6,0.0,8.3345,10.4812,8.57,Available
D0198,2026-03-01,84.07,77.04,0.65,4.68,2.48,0.0,7.8701,10.1567,7.82,Available
D0198,2026-04-01,78.02,73.54,0.62,3.5,2.34,0.0,8.1856,10.1879,7.49,Available
D0198,2026-05-01,71.58,69.14,0.55,4.4,2.23,0.0,7.9387,9.5031,6.57,Available
D0198,2026-06-01,69.24,66.35,0.51,2.79,2.1,0.0,6.9144,9.2536,6.14,Available
D0198,2026-07-01,65.09,62.5,0.51,3.85,2.01,0.0,7.6961,9.7152,6.07,Available
D0199,2024-08-01,196.0,170.77,1.82,10.54,7.62,0.0,10.5784,12.7545,21.78,Available
D0199,2024-09-01,171.35,161.45,1.54,9.32,7.18,0.0,8.8519,11.4544,18.49,Available
D0199,2024-10-01,170.87,151.98,1.41,9.47,6.79,0.0,9.5323,11.1171,16.9,Available
D0199,2024-11-01,159.19,143.78,1.57,8.2,6.39,0.0,10.548,13.1356,18.89,Available
D0199,2024-12-01,154.61,136.9,1.33,6.88,6.04,0.0,10.1787,11.6793,15.99,Available
D0199,2025-01-01,146.86,129.8,1.24,7.1,5.76,0.0,9.7727,11.4846,14.91,Available
D0199,2025-02-01,125.01,123.3,1.37,6.5,5.46,0.0,9.8786,13.3048,16.4,Reconciliation Required
D0199,2025-03-01,127.32,117.32,1.24,5.98,5.18,0.0,10.6288,12.7192,14.92,Available
D0199,2025-04-01,117.07,111.45,1.24,5.87,4.93,0.0,10.0626,13.3168,14.84,Available
D0199,2025-05-01,113.64,105.24,1.03,6.21,4.69,0.0,9.1434,11.7962,12.41,Available
D0199,2025-06-01,104.33,99.68,1.02,5.56,4.42,0.0,10.7944,12.3173,12.28,Available
D0199,2025-07-01,102.1,94.21,0.99,5.47,4.19,0.0,9.1388,12.5553,11.83,Available
D0199,2025-08-01,90.19,88.84,0.97,5.37,3.96,0.0,9.8292,13.1528,11.68,Available
D0199,2025-09-01,87.97,84.43,0.95,4.41,3.73,0.0,10.529,13.5538,11.44,Available
D0199,2025-10-01,76.24,75.65,0.68,8.78,3.55,0.0,9.1933,10.776,8.15,Available
D0199,2025-11-01,77.47,71.84,0.69,3.81,3.18,0.0,8.9522,11.4443,8.22,Available
D0199,2025-12-01,75.34,68.27,0.67,3.57,3.02,0.0,10.0327,11.7451,8.02,Available
D0199,2026-01-01,70.48,64.22,0.66,4.05,2.87,0.0,9.3287,12.2703,7.88,Available
D0199,2026-02-01,64.84,60.4,0.57,3.82,2.7,0.0,8.9236,11.2823,6.81,Available
D0200,2025-03-01,325.9,288.53,3.15,8.36,7.43,0.0,10.1571,13.1168,37.85,Available
D0200,2025-04-01,282.93,280.44,2.6,8.09,7.22,0.0,9.1826,11.1259,31.2,Available
D0200,2025-05-01,275.14,272.7,2.86,7.74,7.02,0.0,9.2384,12.569,34.28,Available
D0200,2025-06-01,291.61,265.41,2.67,7.29,6.83,0.0,9.7183,12.0792,32.06,Available
D0200,2025-07-01,273.05,258.07,2.8,7.34,6.65,0.0,10.3597,13.0251,33.61,Available
D0200,2025-08-01,256.98,250.84,2.38,7.23,6.46,0.0,9.8236,11.3853,28.56,Available
D0200,2025-09-01,272.57,243.82,2.47,7.02,6.28,0.0,10.3882,12.1331,29.58,Available
D0201,2026-05-01,322.2,284.76,2.84,20.5,13.21,0.0,8.7855,11.9652,34.07,Available
D0201,2026-06-01,299.6,266.05,2.96,18.71,12.32,0.0,10.3237,13.3725,35.58,Available
D0201,2026-07-01,249.64,249.21,2.67,16.84,11.51,0.0,9.6952,12.8357,31.99,Available
D0202,2026-04-01,272.82,262.49,2.96,18.05,11.33,0.0,10.1566,13.5459,35.56,Available
D0202,2026-05-01,268.17,247.0,2.57,15.49,10.61,0.0,9.3272,12.4934,30.86,Available
D0202,2026-06-01,256.92,233.84,2.46,13.16,9.98,0.0,9.8099,12.6402,29.56,Available
D0202,2026-07-01,227.3,220.98,2.15,12.86,9.45,2.94,9.5578,11.6902,25.83,Available
D0203,2024-07-01,279.67,275.71,2.24,16.42,12.51,0.0,7.8472,9.7377,26.85,Available
D0203,2024-08-01,298.1,259.58,2.15,16.13,11.81,0.0,8.2,9.9469,25.82,Available
D0203,2024-09-01,281.53,246.03,2.64,13.55,11.12,0.0,9.4314,12.8636,31.65,Available
D0203,2024-10-01,237.36,232.58,2.23,13.45,10.54,0.0,9.2181,11.4986,26.74,Available
D0203,2024-11-01,229.28,216.3,2.22,16.28,9.96,0.0,9.2051,12.3209,26.65,Available
D0203,2024-12-01,215.87,203.77,1.71,12.53,9.26,0.0,8.4938,10.0857,20.55,Available
D0203,2025-01-01,217.98,192.13,1.71,11.64,8.73,0.0,8.8693,10.6856,20.53,Available
D0203,2025-02-01,189.32,181.86,1.47,10.27,8.23,0.0,7.5844,9.729,17.69,Available
D0203,2025-03-01,180.74,172.44,1.34,9.42,7.79,0.0,7.7977,9.2991,16.04,Available
D0203,2025-04-01,171.42,162.59,1.52,9.85,7.39,0.0,9.335,11.1945,18.2,Available
D0203,2025-05-01,161.81,154.17,1.41,8.42,6.96,0.0,7.6436,10.9378,16.86,Available
D0203,2025-06-01,159.9,146.44,1.12,7.73,6.6,0.0,7.6229,9.1562,13.41,Available
D0203,2025-07-01,141.61,139.03,1.41,7.41,6.27,0.0,9.2062,12.1419,16.88,Available
D0203,2025-08-01,135.47,131.02,1.19,8.01,5.96,0.0,7.6272,10.9054,14.29,Available
D0203,2025-09-01,138.54,123.57,1.29,7.45,5.61,0.0,9.3098,12.534,15.49,Available
D0203,2025-10-01,128.49,116.58,1.06,6.99,5.29,0.0,7.6461,10.8623,12.66,Available
D0203,2025-11-01,110.62,109.88,1.14,6.7,4.99,0.0,9.1577,12.4054,13.63,Available
D0203,2025-12-01,113.17,103.5,0.94,6.38,4.71,0.0,9.0038,10.9378,11.32,Available
D0203,2026-01-01,98.39,97.76,0.88,5.74,4.43,0.0,9.2419,10.7729,10.53,Available
D0203,2026-02-01,99.87,92.65,0.94,5.11,4.19,0.0,8.6432,12.13,11.24,Available
D0203,2026-03-01,100.14,87.39,0.81,5.26,3.97,0.0,8.7368,11.1837,9.77,Available
D0203,2026-04-01,88.83,82.37,0.69,5.02,3.74,0.0,7.9255,10.0265,8.26,Available
D0203,2026-05-01,81.7,78.23,0.67,4.14,3.53,0.0,8.2071,10.3362,8.09,Available
D0203,2026-06-01,81.47,73.93,0.68,4.3,3.35,0.0,7.6619,11.1019,8.21,Available
D0203,2026-07-01,75.46,69.93,0.66,4.0,3.17,0.53,8.729,11.337,7.93,Available
D0204,2026-02-01,,,,,,,,,,Missing
D0204,2026-03-01,38.51,36.09,0.37,1.71,1.34,0.0,9.2765,12.4321,4.49,Available
D0204,2026-04-01,35.73,34.61,0.4,1.48,1.27,0.0,10.5455,13.7295,4.75,Available
D0204,2026-05-01,35.01,33.05,0.33,1.56,1.22,0.0,9.1357,12.0544,3.98,Available
D0204,2026-06-01,35.26,31.52,0.28,1.53,1.17,0.0,8.893,10.5574,3.33,Available
D0204,2026-07-01,31.56,30.26,0.3,1.26,1.11,0.0,9.9146,11.9693,3.62,Available
D0205,2024-08-01,105.73,104.64,1.1,5.14,2.66,0.0,10.7176,12.6271,13.21,Available
D0205,2024-09-01,112.13,99.87,0.96,4.77,2.54,0.0,9.5574,11.511,11.5,Available
D0205,2024-10-01,95.84,95.43,1.04,4.44,2.42,0.0,10.3957,13.1262,12.53,Available
D0205,2024-11-01,,,,,,,,,,Incomplete
D0205,2024-12-01,97.14,88.79,0.93,3.5,2.24,0.0,9.6326,12.5665,11.16,Available
D0205,2025-01-01,97.1,85.21,1.0,3.58,2.15,1.31,11.1526,14.0737,11.99,Available
D0205,2025-02-01,87.71,82.31,0.82,2.9,2.07,0.0,10.046,11.9807,9.86,Available
D0205,2025-03-01,81.49,78.99,0.85,3.32,2.0,0.0,9.525,12.9302,10.21,Available
D0205,2025-04-01,86.3,76.24,0.78,2.75,1.92,0.0,10.7319,12.3138,9.39,Available
D0205,2025-05-01,,,,,,,,,,Missing
D0205,2025-06-01,72.66,69.97,0.79,3.28,1.78,0.0,10.3168,13.5338,9.47,Available
D0205,2025-07-01,67.6,67.47,0.65,2.5,1.7,0.0,9.296,11.5025,7.76,Available
D0205,2025-08-01,66.32,64.82,0.66,2.65,1.64,0.0,9.5504,12.1496,7.88,Available
D0205,2025-09-01,64.54,62.55,0.74,2.27,1.57,0.0,11.0182,14.1762,8.87,Available
D0205,2025-10-01,64.1,60.13,0.61,2.42,1.52,0.0,10.1488,12.172,7.32,Available
D0205,2025-11-01,63.75,57.52,0.62,2.61,1.46,0.0,9.559,12.8716,7.4,Available
D0205,2025-12-01,58.46,55.13,0.53,2.39,1.4,0.0,9.9355,11.5089,6.34,Available
D0205,2026-01-01,54.62,53.01,0.48,2.12,1.34,0.0,9.2829,10.9719,5.82,Available
D0205,2026-02-01,58.74,51.08,0.53,1.93,1.29,0.0,9.806,12.4626,6.37,Available
D0205,2026-03-01,50.57,48.66,0.5,2.42,1.24,1.17,10.557,12.365,6.02,Available
D0205,2026-04-01,51.36,46.43,0.48,2.23,1.18,0.0,9.8956,12.3433,5.73,Available
D0205,2026-05-01,45.04,44.41,0.52,2.02,1.13,0.0,10.7552,14.1546,6.29,Available
D0205,2026-06-01,46.99,42.47,0.45,1.94,1.08,0.94,9.6195,12.7325,5.41,Available
D0205,2026-07-01,41.57,40.93,0.41,1.54,1.03,0.0,10.1124,12.0071,4.91,Available
D0206,2025-06-01,57.55,53.59,0.43,2.83,2.42,0.0,7.2105,9.5658,5.13,Available
D0206,2025-07-01,53.17,50.82,0.47,2.77,2.3,0.0,7.8662,11.0331,5.61,Available
D0206,2025-08-01,48.19,48.02,0.4,2.8,2.18,0.0,6.4611,9.9529,4.78,Available
D0206,2025-09-01,46.92,45.55,0.33,2.47,2.06,0.0,7.0272,8.7878,4.0,Available
D0206,2025-10-01,43.77,43.16,0.32,2.39,1.95,0.0,7.2834,8.8385,3.81,Available
D0206,2025-11-01,45.52,40.92,0.34,2.24,1.85,0.0,8.0096,10.0757,4.12,Available
D0206,2025-12-01,38.98,38.91,0.33,2.01,1.76,0.0,7.4869,10.157,3.95,Available
D0206,2026-01-01,,,,,,,,,,Missing
D0206,2026-02-01,39.25,35.04,0.3,1.81,1.58,0.0,7.3863,10.144,3.55,Available
D0206,2026-03-01,35.38,33.12,0.23,1.92,1.5,0.22,6.687,8.2405,2.73,Available
D0206,2026-04-01,34.65,31.46,0.24,1.66,1.42,0.0,7.647,9.2201,2.9,Available
D0206,2026-05-01,30.54,29.77,0.23,1.69,1.35,0.0,7.1453,9.0927,2.71,Available
D0206,2026-06-01,29.7,28.17,0.23,1.6,1.28,0.0,7.6935,9.7274,2.74,Available
D0206,2026-07-01,29.31,26.82,0.23,1.35,1.21,0.0,7.2862,10.1502,2.72,Available
D0207,2024-08-01,,,,,,,,,,Missing
D0207,2024-09-01,233.25,203.72,1.88,10.71,9.23,0.0,9.5399,11.0491,22.51,Available
D0207,2024-10-01,205.46,193.28,1.99,10.44,8.77,0.0,9.505,12.3783,23.92,Available
D0207,2024-11-01,195.96,182.26,2.08,11.02,8.32,0.0,10.2914,13.6749,24.92,Available
D0207,2024-12-01,196.39,172.67,1.87,9.59,7.85,3.06,9.5814,12.9792,22.41,Available
D0207,2025-01-01,175.73,163.7,1.75,8.97,7.43,0.0,10.9036,12.8051,20.96,Available
D0207,2025-02-01,175.04,154.8,1.65,8.9,7.05,0.0,10.5387,12.8261,19.85,Available
D0207,2025-03-01,159.73,146.88,1.53,7.92,6.66,0.0,10.47,12.4886,18.34,Available
D0207,2025-04-01,144.95,139.21,1.5,7.67,6.32,0.0,9.9833,12.9599,18.04,Available
D0207,2025-05-01,147.56,132.2,1.32,7.01,5.99,0.0,9.9629,11.9693,15.82,Available
D0207,2025-06-01,139.27,125.22,1.32,6.98,5.69,0.0,9.79,12.6485,15.84,Available
D0208,2025-04-01,55.11,52.89,0.56,2.51,2.12,0.0,9.5281,12.6576,6.69,Available
D0208,2025-05-01,52.19,50.68,0.52,2.21,2.03,0.0,9.6608,12.225,6.2,Available
D0208,2025-06-01,52.64,48.29,0.45,2.39,1.94,0.0,9.1957,11.191,5.4,Available
D0208,2025-07-01,45.18,43.81,0.45,4.48,1.85,0.0,10.3516,12.2944,5.39,Available
D0208,2025-08-01,46.83,41.75,0.37,2.06,1.68,0.0,8.6502,10.587,4.42,Available
D0208,2025-09-01,41.95,39.8,0.36,1.95,1.6,0.0,8.9338,10.7161,4.27,Available
D0208,2025-10-01,40.26,38.01,0.38,1.79,1.53,0.0,10.0058,12.0885,4.59,Available
D0208,2025-11-01,36.53,36.33,0.36,1.68,1.46,1.04,9.6218,11.9856,4.35,Available
D0208,2025-12-01,37.09,34.63,0.33,1.7,1.39,0.0,8.7655,11.4063,3.95,Available
D0208,2026-01-01,37.11,33.06,0.3,1.57,1.33,0.0,8.8942,10.9616,3.62,Available
D0208,2026-02-01,32.19,31.67,0.35,1.39,1.27,0.0,10.3202,13.4286,4.25,Available
D0208,2026-03-01,33.17,30.29,0.28,1.38,1.21,0.24,8.6477,11.0993,3.36,Available
D0208,2026-04-01,29.94,29.0,0.28,1.29,1.16,0.0,9.5558,11.583,3.36,Available
D0208,2026-05-01,31.18,27.64,0.28,1.36,1.11,0.0,9.4639,12.144,3.36,Available
D0208,2026-06-01,,,,,,,,,,Incomplete
D0208,2026-07-01,24.66,24.44,0.26,1.91,1.01,0.0,9.7418,12.7542,3.12,Reconciliation Required
D0209,2025-08-01,117.34,110.71,1.08,4.92,2.61,0.0,8.4453,11.7114,12.97,Available
D0209,2025-09-01,117.19,106.86,0.9,3.85,2.5,0.0,7.8866,10.1144,10.81,Available
D0209,2025-10-01,106.85,103.01,0.88,3.85,2.41,0.0,6.8779,10.1964,10.5,Available
D0209,2025-11-01,95.07,94.14,0.73,8.87,2.32,0.0,6.8516,9.3302,8.78,Available
D0209,2025-12-01,95.7,89.94,0.76,4.2,2.12,0.0,8.5718,10.1317,9.11,Available
D0209,2026-01-01,92.86,87.09,0.76,2.85,2.03,0.0,7.7343,10.5253,9.17,Available
D0209,2026-02-01,88.05,83.64,0.8,3.45,1.96,0.0,8.3014,11.4843,9.61,Available
D0209,2026-03-01,90.23,79.73,0.71,3.91,1.89,0.0,7.4532,10.6892,8.52,Available
D0209,2026-04-01,82.98,76.61,0.74,3.12,1.8,0.0,8.4317,11.6654,8.94,Available
D0209,2026-05-01,84.42,73.91,0.54,2.7,1.73,0.0,6.8379,8.8293,6.53,Available
D0209,2026-06-01,81.22,70.68,0.62,3.23,1.67,0.0,7.1527,10.549,7.46,Available
D0209,2026-07-01,77.96,67.83,0.52,2.85,1.59,2.03,7.6348,9.1827,6.23,Available
D0210,2026-04-01,311.46,308.95,2.94,29.9,16.65,0.0,8.6733,11.4233,35.29,Available
D0210,2026-05-01,319.96,293.62,2.55,15.33,15.19,0.0,7.7221,10.4362,30.64,Available
D0210,2026-06-01,314.58,279.02,2.6,14.6,14.43,6.88,9.1897,11.1815,31.2,Available
D0210,2026-07-01,273.4,259.64,2.16,19.38,13.71,0.0,8.2347,9.9694,25.88,Available
D0211,2024-04-01,81.7,80.57,0.57,4.52,3.75,0.0,6.3141,8.5287,6.87,Available
D0211,2024-05-01,75.32,74.88,0.47,5.69,3.56,0.0,5.6753,7.4554,5.58,Available
D0211,2024-06-01,79.41,70.2,0.46,4.68,3.3,0.0,5.7529,7.8548,5.51,Available
D0211,2024-07-01,73.67,66.59,0.52,3.61,3.1,1.82,6.8768,9.4382,6.28,Available
D0211,2024-08-01,68.25,62.73,0.5,3.86,2.94,0.0,6.37,9.64,6.05,Available
D0211,2024-09-01,63.54,58.89,0.41,3.84,2.77,0.0,6.2938,8.4486,4.98,Available
D0211,2024-10-01,59.47,55.2,0.36,3.69,2.6,0.0,5.8509,7.7265,4.27,Available
D0212,2025-10-01,179.73,170.4,1.89,7.91,4.3,0.0,10.1034,13.345,22.74,Available
D0212,2025-11-01,171.66,163.37,1.57,7.03,4.11,0.0,9.3424,11.5155,18.81,Available
D0212,2025-12-01,172.42,157.74,1.65,5.63,3.94,0.0,9.3341,12.5389,19.78,Available
D0212,2026-01-01,170.45,151.69,1.47,6.05,3.81,0.0,9.4396,11.6168,17.62,Available
D0212,2026-02-01,161.22,145.17,1.48,6.52,3.66,0.0,9.0204,12.211,17.73,Available
D0212,2026-03-01,146.93,139.95,1.42,5.22,3.5,0.0,10.209,12.1837,17.05,Available
D0212,2026-04-01,149.01,133.05,1.32,6.9,3.38,0.0,9.2223,11.925,15.87,Available
D0212,2026-05-01,141.32,127.69,1.23,5.36,3.21,0.0,9.0724,11.588,14.8,Available
D0212,2026-06-01,131.48,122.36,1.19,5.33,3.08,0.0,9.2547,11.6588,14.27,Available
D0212,2026-07-01,121.24,117.42,1.05,4.94,2.95,0.0,9.0312,10.7661,12.64,Available
D0213,2026-01-01,56.17,55.65,0.55,3.29,1.97,0.0,10.4186,11.9527,6.65,Available
D0213,2026-02-01,56.31,53.0,0.61,2.65,1.86,0.87,11.0289,13.9049,7.37,Available
D0213,2026-03-01,54.17,49.95,0.53,3.05,1.77,0.0,10.7973,12.6923,6.34,Available
D0213,2026-04-01,53.69,47.29,0.51,2.66,1.67,0.0,10.922,12.864,6.08,Available
D0213,2026-05-01,46.7,44.68,0.44,2.61,1.58,0.0,10.1815,11.7231,5.24,Available
D0213,2026-06-01,43.37,42.12,0.44,2.56,1.49,0.0,10.2909,12.5855,5.3,Available
D0213,2026-07-01,43.14,40.15,0.42,1.97,1.41,0.0,10.3948,12.4474,5.0,Available
D0214,2026-06-01,131.61,120.37,1.22,7.77,6.13,0.0,9.9494,12.1558,14.63,Available
D0214,2026-07-01,121.37,111.99,1.12,8.38,5.76,0.0,9.6136,11.9615,13.4,Available
D0215,2024-07-01,290.85,258.98,2.14,11.28,7.06,0.0,8.3005,9.9084,25.66,Available
D0215,2024-08-01,262.51,247.04,1.96,11.94,6.76,0.0,7.9689,9.5288,23.54,Available
D0215,2024-09-01,257.4,237.48,2.01,9.56,6.45,0.0,7.3086,10.1696,24.15,Available
D0215,2024-10-01,242.22,229.04,2.09,8.44,6.2,0.0,8.667,10.9489,25.08,Available
D0215,2024-11-01,219.01,217.83,2.15,11.21,5.98,0.0,8.9929,11.8528,25.82,Available
D0215,2024-12-01,237.51,207.08,1.95,10.75,5.69,0.0,8.4295,11.2879,23.37,Available
D0215,2025-01-01,223.89,198.8,1.77,8.28,5.41,0.0,8.9734,10.6895,21.25,Reconciliation Required
D0215,2025-02-01,212.59,191.52,1.69,7.28,5.19,0.0,7.7137,10.5856,20.27,Available
D0215,2025-03-01,200.33,182.14,1.88,9.38,5.0,0.0,9.0449,12.3642,22.52,Available
D0215,2025-04-01,176.01,174.37,1.56,7.77,4.75,0.0,7.2427,10.7313,18.71,Available
D0215,2025-05-01,187.31,167.85,1.67,6.52,4.55,2.26,8.9313,11.9431,20.05,Available
D0215,2025-06-01,174.64,161.47,1.41,6.38,4.38,0.0,7.5212,10.4995,16.95,Available
D0216,2026-01-01,275.61,245.55,2.58,9.85,7.4,0.0,10.7885,12.5863,30.91,Available
D0216,2026-02-01,239.65,233.81,2.77,11.74,7.11,0.0,11.3618,14.2302,33.27,Available
D0216,2026-03-01,225.82,222.72,2.29,11.09,6.77,0.0,10.1802,12.3347,27.47,Available
D0216,2026-04-01,225.65,213.23,2.2,9.49,6.45,0.0,10.5312,12.3687,26.37,Available
D0216,2026-05-01,229.73,205.3,2.06,7.93,6.18,0.0,10.1191,12.0536,24.75,Available
D0216,2026-06-01,216.26,196.95,2.04,8.35,5.95,0.0,10.1338,12.4406,24.5,Available
D0216,2026-07-01,189.41,189.09,2.02,7.86,5.71,0.0,10.1655,12.8322,24.26,Available
D0217,2024-10-01,299.29,296.45,2.98,15.92,11.45,0.0,8.9447,12.0603,35.75,Available
D0217,2024-11-01,291.96,281.69,2.87,14.76,10.87,0.0,9.1269,12.2082,34.39,Available
D0217,2024-12-01,275.22,267.76,2.68,13.93,10.33,0.0,9.5126,11.9939,32.11,Available
D0217,2025-01-01,269.81,255.01,2.2,12.75,9.82,0.0,8.7329,10.3394,26.37,Available
D0217,2025-02-01,261.75,243.63,2.38,11.38,9.35,5.17,8.3013,11.7286,28.57,Available
D0217,2025-03-01,261.56,230.77,2.43,12.86,8.93,0.0,9.5099,12.6101,29.1,Available
D0217,2025-04-01,247.06,219.83,2.18,10.94,8.46,0.0,8.4479,11.9097,26.18,Available
D0217,2025-05-01,232.67,209.57,1.96,10.26,8.06,0.0,9.5749,11.2091,23.49,Available
D0217,2025-06-01,207.09,199.2,2.06,10.37,7.68,0.0,9.0017,12.383,24.67,Available
D0217,2025-07-01,201.01,188.71,1.8,10.49,7.3,0.0,9.4578,11.4685,21.64,Available
D0217,2025-08-01,198.7,180.19,1.71,8.52,6.92,0.0,9.6963,11.3719,20.49,Available
D0217,2025-09-01,174.19,172.05,1.72,8.14,6.61,0.0,10.0054,12.0045,20.65,Available
D0217,2025-10-01,173.7,163.66,1.65,8.39,6.31,0.0,8.9652,12.0741,19.76,Available
D0217,2025-11-01,170.97,156.3,1.59,7.36,6.0,0.0,9.641,12.2278,19.11,Available
D0217,2025-12-01,168.04,148.07,1.56,8.23,5.73,0.0,9.2786,12.6369,18.71,Available
D0217,2026-01-01,156.52,140.14,1.41,7.93,5.43,0.0,9.0979,12.0312,16.86,Available
D0217,2026-02-01,144.03,133.88,1.27,6.26,5.14,0.0,8.4398,11.4278,15.3,Available
D0217,2026-03-01,137.18,127.1,1.34,6.78,4.91,0.0,9.9778,12.6841,16.12,Available
D0217,2026-04-01,127.77,120.43,1.29,6.67,4.66,0.0,9.6891,12.8529,15.48,Available
D0217,2026-05-01,126.03,115.3,1.06,5.13,4.42,0.0,8.8734,11.0761,12.77,Available
D0217,2026-06-01,111.01,110.27,1.05,5.03,4.23,0.0,8.3198,11.4631,12.64,Available
D0217,2026-07-01,109.1,105.6,0.97,4.67,4.04,0.0,8.796,11.0286,11.65,Available
D0218,2025-03-01,222.7,198.74,1.88,8.03,4.61,0.0,9.2547,11.3297,22.52,Available
D0218,2025-04-01,200.2,192.04,1.65,6.7,4.43,0.0,8.4971,10.3071,19.79,Available
D0218,2025-05-01,196.15,186.33,1.93,5.71,4.28,0.0,10.0708,12.4208,23.14,Available
D0218,2025-06-01,194.5,180.67,1.78,5.66,4.16,0.0,9.6024,11.814,21.34,Available
D0218,2025-07-01,178.9,175.25,1.83,5.42,4.03,0.0,10.1304,12.5442,21.98,Available
D0218,2025-08-01,177.79,169.79,1.8,5.46,3.91,0.0,10.3151,12.7245,21.6,Available
D0218,2025-09-01,,,,,,,,,,Missing
D0218,2025-10-01,159.31,157.63,1.47,5.56,3.64,0.0,9.5053,11.1573,17.59,Available
D0218,2025-11-01,170.32,151.86,1.44,5.77,3.52,0.0,8.691,11.3887,17.29,Available
D0218,2025-12-01,152.01,146.91,1.57,4.95,3.39,0.0,9.9707,12.8632,18.9,Available
D0218,2026-01-01,160.67,142.11,1.48,4.8,3.28,0.0,9.0283,12.4649,17.71,Available
D0218,2026-02-01,139.52,137.29,1.33,4.82,3.17,0.0,9.8364,11.627,15.96,Available
D0219,2025-06-01,326.3,295.93,2.55,11.19,11.01,0.0,7.5918,10.348,30.62,Available
D0219,2025-07-01,323.86,285.12,2.87,10.81,10.61,0.0,9.0224,12.072,34.42,Available
D0219,2025-08-01,282.6,274.75,2.67,10.37,10.22,0.0,8.9629,11.6765,32.08,Available
D0219,2025-09-01,292.89,264.75,2.39,10.0,9.85,1.61,8.6838,10.8152,28.63,Available
D0219,2025-10-01,289.55,255.12,2.61,9.63,9.49,0.0,9.1542,12.2935,31.36,Available
D0219,2025-11-01,251.18,245.77,2.26,9.35,9.14,0.0,8.2621,11.0417,27.14,Available
D0219,2025-12-01,249.0,236.88,2.4,8.89,8.81,0.0,9.037,12.1748,28.84,Available
D0219,2026-01-01,259.73,228.22,2.05,8.66,8.49,0.0,7.55,10.7752,24.59,Available
D0219,2026-02-01,232.44,219.88,1.84,8.34,8.18,0.0,7.4789,10.0571,22.11,Available
D0219,2026-03-01,235.38,211.88,1.84,8.0,7.88,0.0,7.9514,10.4386,22.12,Available
D0219,2026-04-01,214.75,204.12,1.81,7.76,7.59,0.0,9.0216,10.636,21.71,Available
D0219,2026-05-01,217.79,196.63,1.56,7.49,7.32,0.0,7.6218,9.5002,18.68,Available
D0219,2026-06-01,206.55,189.44,1.49,7.19,7.05,0.0,7.8728,9.4287,17.86,Available
D0219,2026-07-01,201.18,177.95,1.67,11.49,6.79,0.0,7.901,11.2572,20.03,Available
D0220,2025-03-01,67.71,58.95,0.53,3.67,2.81,0.0,7.5321,10.7371,6.33,Available
D0220,2025-04-01,61.15,55.73,0.53,3.22,2.64,0.0,8.8353,11.4113,6.36,Available
D0220,2025-05-01,55.17,51.97,0.47,3.76,2.5,0.0,7.6981,10.8357,5.63,Available
D0220,2025-06-01,48.61,48.14,0.42,3.83,2.33,0.0,7.2847,10.4229,5.02,Available
D0220,2025-07-01,51.37,45.03,0.43,3.11,2.16,0.0,8.8072,11.5199,5.19,Available
D0220,2025-08-01,46.94,41.83,0.38,3.2,2.02,0.0,8.3033,10.9468,4.58,Available
D0220,2025-09-01,41.45,38.41,0.33,3.42,1.88,0.0,7.4794,10.3129,3.96,Available
D0220,2025-10-01,40.24,35.68,0.33,2.73,1.72,0.0,7.9363,11.0829,3.95,Available
D0220,2025-11-01,38.12,33.67,0.28,2.01,1.6,0.0,7.4647,9.9777,3.36,Available
D0220,2025-12-01,32.9,31.46,0.28,2.21,1.51,0.0,7.3895,10.707,3.37,Available
D0220,2026-01-01,,,,,,,,,,Incomplete
D0220,2026-02-01,30.8,27.44,0.25,2.0,1.32,0.0,8.5614,10.7696,2.96,Available
D0220,2026-03-01,28.98,25.42,0.22,2.02,1.23,0.0,7.0051,10.1729,2.59,Available
D0220,2026-04-01,23.8,23.63,0.19,1.79,1.14,0.0,7.6404,9.8438,2.33,Available
D0220,2026-05-01,23.71,22.14,0.18,1.49,1.06,0.0,7.415,9.7471,2.16,Available
D0220,2026-06-01,22.29,20.88,0.16,1.26,0.99,0.0,7.4061,9.4304,1.97,Available
D0220,2026-07-01,21.48,19.53,0.17,1.35,0.94,0.0,6.8902,10.2472,2.0,Available
D0221,2026-03-01,139.37,135.76,1.1,8.96,7.0,0.0,6.7195,9.723,13.2,Available
D0221,2026-04-01,136.44,128.25,1.05,7.51,6.56,0.0,6.5059,9.79,12.56,Available
D0221,2026-05-01,131.58,120.96,1.01,7.29,6.2,0.0,7.7219,10.0624,12.17,Available
D0221,2026-06-01,121.89,113.73,1.02,7.23,5.85,0.0,7.7474,10.7767,12.26,Available
D0221,2026-07-01,114.67,107.01,0.83,6.72,5.5,0.0,6.3043,9.2517,9.9,Available
D0222,2024-11-01,9.54,8.34,0.09,0.28,0.23,0.0,10.1389,13.19,1.1,Available
D0222,2024-12-01,8.77,8.06,0.09,0.28,0.22,0.0,10.6835,13.8925,1.12,Available
D0222,2025-01-01,8.47,7.79,0.08,0.27,0.22,0.0,11.1596,12.9147,1.01,Available
D0222,2025-02-01,8.16,7.52,0.08,0.27,0.21,0.0,9.6246,12.711,0.96,Available
D0222,2025-03-01,7.6,7.26,0.08,0.26,0.2,0.0,9.9739,12.7706,0.93,Available
D0222,2025-04-01,7.32,7.0,0.07,0.26,0.2,0.0,9.7999,11.4577,0.8,Available
D0222,2025-05-01,7.29,6.78,0.07,0.22,0.19,0.0,10.8515,13.051,0.88,Available
D0222,2025-06-01,7.52,6.57,0.06,0.21,0.18,0.0,9.7759,11.5573,0.76,Available
D0222,2025-07-01,7.15,6.34,0.07,0.23,0.18,0.0,11.1138,13.7968,0.87,Available
D0222,2025-08-01,6.22,6.13,0.07,0.21,0.17,0.0,10.9768,12.8757,0.79,Available
D0222,2025-09-01,6.25,5.9,0.06,0.23,0.17,0.14,10.4158,12.5648,0.74,Available
D0222,2025-10-01,5.76,5.71,0.07,0.19,0.16,0.0,10.9448,14.0485,0.8,Available
D0222,2025-11-01,6.06,5.54,0.06,0.17,0.15,0.0,9.9927,12.4406,0.69,Available
D0222,2025-12-01,5.74,5.34,0.06,0.2,0.15,0.0,9.7884,12.8878,0.69,Available
D0222,2026-01-01,5.82,5.16,0.06,0.18,0.14,0.1,11.0617,12.8729,0.66,Available
D0222,2026-02-01,5.46,4.99,0.06,0.17,0.14,0.03,10.8766,13.3822,0.67,Available
D0222,2026-03-01,4.87,4.83,0.05,0.16,0.13,0.0,10.8909,13.1298,0.63,Available
D0222,2026-04-01,4.78,4.65,0.04,0.18,0.13,0.0,9.7324,11.5551,0.54,Available
D0222,2026-05-01,5.14,4.49,0.05,0.16,0.13,0.0,11.1647,14.4888,0.65,Available
D0222,2026-06-01,4.78,4.35,0.04,0.14,0.12,0.0,10.0716,11.9108,0.52,Available
D0222,2026-07-01,4.37,4.22,0.05,0.13,0.12,0.0,10.6004,13.4332,0.57,Available
D0223,2025-11-01,348.62,314.61,2.86,18.42,10.51,0.0,8.0416,10.912,34.33,Available
D0223,2025-12-01,327.67,301.52,2.06,13.09,9.93,4.75,6.5894,8.1923,24.7,Available
D0223,2026-01-01,292.36,288.66,2.66,12.86,9.51,0.0,8.0405,11.0656,31.94,Available
D0223,2026-02-01,287.73,272.1,2.24,16.56,9.11,0.0,7.5848,9.8835,26.89,Available
D0223,2026-03-01,293.14,258.02,2.44,14.08,8.58,0.0,8.3882,11.3521,29.29,Available
D0223,2026-04-01,251.82,246.62,2.25,11.4,8.14,0.0,7.8407,10.9479,27.0,Available
D0223,2026-05-01,262.99,232.35,1.87,14.27,7.78,0.0,6.7504,9.6437,22.41,Available
D0223,2026-06-01,239.79,221.03,1.79,11.32,7.33,0.0,7.1059,9.7035,21.45,Available
D0223,2026-07-01,238.67,211.32,2.0,9.71,6.97,0.0,8.2196,11.3485,23.98,Available
D0224,2026-06-01,14.56,14.55,0.16,0.63,0.6,0.0,11.6042,13.3245,1.94,Available
D0224,2026-07-01,14.34,13.94,0.16,0.61,0.57,0.0,11.0365,13.691,1.91,Available
D0225,2026-04-01,133.38,124.94,0.98,4.51,3.06,0.0,7.8984,9.4595,11.82,Available
D0225,2026-05-01,131.78,120.6,1.11,4.34,2.95,0.0,8.9345,11.0489,13.32,Available
D0225,2026-06-01,124.08,114.74,1.01,5.86,2.85,0.0,8.9454,10.5936,12.16,Available
D0225,2026-07-01,114.57,109.21,1.1,5.53,2.71,0.0,8.7688,12.0426,13.15,Available
D0226,2026-06-01,167.69,163.01,1.71,6.99,6.49,0.0,9.1577,12.591,20.52,Available
D0226,2026-07-01,163.97,156.58,1.64,6.43,6.23,0.0,10.9533,12.5766,19.69,Available
D0227,2025-09-01,37.26,35.91,0.36,0.99,0.89,0.0,9.9984,11.8645,4.26,Available
D0227,2025-10-01,37.07,35.0,0.35,0.91,0.87,0.0,8.7165,12.0588,4.22,Available
D0227,2025-11-01,34.8,34.09,0.3,0.91,0.84,0.0,8.9093,10.4294,3.56,Available
D0227,2025-12-01,37.16,33.18,0.34,0.91,0.82,0.0,9.9865,12.3343,4.09,Available
D0227,2026-01-01,33.91,30.96,0.3,2.22,0.8,0.0,9.0065,11.8101,3.66,Available
D0227,2026-02-01,31.93,30.14,0.28,0.82,0.75,0.0,8.6501,11.0033,3.32,Available
D0227,2026-03-01,29.97,29.38,0.27,0.76,0.73,0.0,8.7397,11.2133,3.29,Available
D0227,2026-04-01,32.17,28.6,0.25,0.78,0.71,0.0,9.0937,10.6346,3.04,Reconciliation Required
D0227,2026-05-01,30.98,27.83,0.28,0.77,0.69,0.0,9.0942,12.223,3.4,Available
D0227,2026-06-01,28.5,27.1,0.29,0.73,0.67,0.0,9.5461,12.9954,3.52,Available
D0227,2026-07-01,28.75,26.4,0.27,0.7,0.65,0.0,8.8484,12.326,3.25,Available
D0228,2024-05-01,126.95,114.9,1.04,6.04,4.57,0.0,8.2821,10.8839,12.51,Available
D0228,2024-06-01,124.15,109.27,0.87,5.63,4.34,0.0,6.8942,9.5473,10.43,Available
D0228,2024-07-01,111.6,103.58,0.92,5.69,4.13,0.0,7.8312,10.633,11.01,Available
D0228,2024-08-01,111.48,98.17,0.77,5.41,3.92,0.0,7.4486,9.4131,9.24,Available
D0228,2024-09-01,104.85,93.36,0.78,4.81,3.71,0.0,8.0156,9.9861,9.32,Available
D0228,2024-10-01,92.92,88.76,0.71,4.6,3.53,0.0,7.4484,9.5859,8.51,Available
D0228,2024-11-01,87.0,82.37,0.68,6.39,3.36,0.0,7.4391,9.9303,8.18,Available
D0228,2024-12-01,85.62,78.42,0.71,3.95,3.11,0.0,8.1849,10.8406,8.5,Available
D0228,2025-01-01,76.34,74.93,0.71,3.49,2.96,0.0,7.9177,11.3341,8.49,Available
D0228,2025-02-01,72.3,69.61,0.68,5.32,2.83,0.0,8.6041,11.6664,8.12,Available
D0228,2025-03-01,67.4,66.4,0.56,3.21,2.63,0.0,8.0084,10.174,6.76,Available
D0228,2025-04-01,63.95,63.04,0.51,3.36,2.51,0.0,7.5253,9.7273,6.13,Available
D0229,2026-05-01,261.25,257.11,2.8,13.86,8.78,0.2,10.9286,13.0458,33.54,Available
D0229,2026-06-01,244.53,244.17,2.69,12.94,8.33,0.0,10.2374,13.2057,32.24,Available
D0229,2026-07-01,237.25,232.29,2.73,11.88,7.91,0.0,10.7567,14.0999,32.75,Available
D0230,2025-05-01,186.3,162.15,1.62,4.97,4.53,0.0,8.5532,11.9688,19.41,Available
D0230,2025-06-01,169.28,157.12,1.36,5.03,4.4,0.0,8.6389,10.363,16.28,Available
D0230,2025-07-01,157.52,152.27,1.47,4.85,4.26,0.0,8.9823,11.6227,17.7,Available
D0230,2025-08-01,168.97,147.81,1.48,4.46,4.13,0.0,8.7917,12.0464,17.81,Available
D0230,2025-09-01,161.65,143.24,1.33,4.57,4.01,0.0,9.1273,11.1156,15.92,Available
D0230,2025-10-01,159.69,139.08,1.2,4.16,3.88,0.0,8.3821,10.3593,14.41,Available
D0230,2025-11-01,149.55,134.75,1.45,4.33,3.77,0.0,9.8085,12.9413,17.44,Available
D0230,2025-12-01,148.74,130.57,1.33,4.18,3.65,0.0,10.2373,12.2071,15.94,Available
D0230,2026-01-01,128.33,126.57,1.21,4.0,3.54,0.0,9.1957,11.4401,14.48,Available
D0230,2026-02-01,132.98,122.95,1.24,3.62,3.43,0.0,10.1384,12.1441,14.93,Reconciliation Required
D0230,2026-03-01,128.96,119.41,1.2,3.54,3.33,0.0,9.4408,12.0411,14.38,Available
D0230,2026-04-01,130.78,115.81,1.14,3.6,3.24,0.0,9.1543,11.8022,13.67,Available
D0230,2026-05-01,120.81,112.45,1.13,3.36,3.14,0.0,9.9146,12.0374,13.54,Available
D0230,2026-06-01,109.93,109.19,1.01,3.26,3.05,0.0,9.4673,11.1,12.12,Available
D0230,2026-07-01,,,,,,,,,,Incomplete
D0231,2025-02-01,16.48,15.13,0.11,1.24,0.51,0.07,6.1781,9.0361,1.37,Available
D0231,2025-03-01,16.01,14.3,0.1,0.83,0.47,0.0,6.2261,8.7043,1.24,Available
D0231,2025-04-01,14.59,13.58,0.1,0.72,0.44,0.0,6.4214,9.0855,1.23,Available
D0231,2025-05-01,14.47,12.81,0.1,0.77,0.42,0.0,6.0689,9.4045,1.2,Available
D0231,2025-06-01,13.14,12.17,0.1,0.64,0.4,0.0,7.1138,9.6879,1.18,Available
D0231,2025-07-01,11.92,11.53,0.1,0.64,0.38,0.0,7.4566,9.97,1.15,Available
D0231,2025-08-01,12.37,11.03,0.09,0.5,0.36,0.0,6.5374,9.8962,1.09,Available
D0231,2025-09-01,11.84,10.43,0.08,0.6,0.34,0.0,6.9789,9.556,1.0,Available
D0231,2025-10-01,10.19,9.82,0.08,0.61,0.32,0.0,6.9166,9.7713,0.96,Reconciliation Required
D0231,2025-11-01,10.69,9.41,0.07,0.41,0.3,0.0,6.52,9.2596,0.87,Available
D0231,2025-12-01,9.33,8.85,0.06,0.56,0.29,0.0,6.7574,8.5378,0.76,Available
D0231,2026-01-01,9.15,8.44,0.06,0.41,0.27,0.0,7.1746,8.8369,0.75,Available
D0231,2026-02-01,8.12,7.95,0.06,0.49,0.26,0.0,6.699,9.1112,0.72,Available
D0231,2026-03-01,7.87,7.55,0.06,0.4,0.25,0.0,7.1456,9.7634,0.74,Available
D0231,2026-04-01,7.84,7.12,0.05,0.43,0.23,0.0,6.102,9.1135,0.65,Available
D0231,2026-05-01,7.3,6.7,0.05,0.42,0.22,0.0,5.6619,8.1942,0.55,Available
D0231,2026-06-01,7.26,6.37,0.05,0.33,0.21,0.0,6.4639,9.5689,0.61,Available
D0231,2026-07-01,6.05,6.02,0.04,0.35,0.2,0.14,6.0154,7.578,0.46,Available
D0232,2026-06-01,,,,,,,,,,Missing
D0232,2026-07-01,73.67,68.17,0.74,4.41,3.15,0.0,10.2428,13.0801,8.92,Available
D0233,2025-02-01,338.44,313.87,2.67,16.42,15.45,0.0,7.725,10.192,31.99,Available
D0233,2025-03-01,340.77,297.83,2.77,16.04,14.68,0.0,7.9953,11.1428,33.19,Available
D0233,2025-04-01,287.62,282.64,2.33,15.19,13.93,0.0,8.35,9.8813,27.93,Available
D0233,2025-05-01,278.84,267.4,2.06,15.24,13.22,0.0,7.6535,9.2475,24.73,Available
D0233,2025-06-01,267.37,247.68,2.1,19.72,12.51,0.0,7.8276,10.1739,25.2,Available
D0233,2025-07-01,260.7,234.19,1.92,13.49,11.59,0.0,6.9574,9.816,22.99,Available
D0234,2024-10-01,74.33,68.29,0.59,2.8,1.98,0.0,7.8633,10.3637,7.08,Available
D0234,2024-11-01,66.39,65.2,0.69,3.09,1.9,0.0,9.5753,12.7854,8.34,Available
D0234,2024-12-01,63.17,61.91,0.52,3.29,1.81,0.0,8.0844,10.1612,6.29,Available
D0234,2025-01-01,60.39,59.28,0.56,2.63,1.72,0.0,8.8768,11.397,6.76,Available
D0234,2025-02-01,64.02,56.38,0.55,2.9,1.65,0.0,9.5769,11.6194,6.55,Available
D0234,2025-03-01,56.45,54.05,0.53,2.33,1.57,0.0,8.8573,11.7226,6.34,Available
D0234,2025-04-01,57.93,51.21,0.47,2.84,1.5,0.0,8.8601,10.9905,5.63,Available
D0235,2025-06-01,179.2,178.48,1.67,8.13,7.49,0.0,7.8963,11.2366,20.06,Available
D0235,2025-07-01,172.02,170.67,1.56,7.81,7.17,0.0,8.276,10.9421,18.67,Available
D0235,2025-08-01,182.02,162.86,1.63,7.81,6.85,1.51,8.7521,11.9813,19.51,Reconciliation Required
D0235,2025-09-01,170.94,155.33,1.3,7.53,6.54,0.0,7.4474,10.0685,15.64,Available
D0235,2025-10-01,165.53,148.5,1.15,6.83,6.24,0.0,7.1534,9.2787,13.78,Available
D0235,2025-11-01,147.72,141.86,1.08,6.64,5.96,0.0,7.4958,9.1663,13.0,Available
D0235,2025-12-01,138.83,135.69,1.12,6.17,5.7,0.0,7.3242,9.8948,13.43,Available
D0235,2026-01-01,140.84,129.56,1.3,6.13,5.45,0.0,8.8671,12.0701,15.64,Available
D0235,2026-02-01,122.58,118.49,1.05,11.07,5.2,0.0,8.3853,10.6262,12.59,Available
D0235,2026-03-01,124.43,113.46,0.89,5.03,4.76,0.0,7.2141,9.3806,10.64,Available
D0235,2026-04-01,111.78,103.86,0.89,9.6,4.56,0.0,7.3343,10.2664,10.66,Available
D0235,2026-05-01,110.84,99.1,0.88,4.76,4.17,0.0,8.6564,10.6749,10.58,Available
D0235,2026-06-01,98.46,94.86,0.84,4.24,3.98,0.0,8.1333,10.6106,10.07,Available
D0235,2026-07-01,94.59,90.75,0.81,4.11,3.81,0.0,8.5894,10.7016,9.71,Available
D0236,2024-08-01,302.76,264.64,2.78,8.34,5.89,0.0,10.2347,12.6035,33.35,Available
D0236,2024-09-01,291.09,256.94,2.54,7.7,5.71,0.0,9.9047,11.8604,30.47,Available
D0236,2024-10-01,253.26,249.49,2.24,7.45,5.55,0.0,9.2211,10.7625,26.85,Available
D0236,2024-11-01,276.45,241.09,2.23,8.4,5.39,0.0,9.1106,11.1172,26.8,Available
D0236,2024-12-01,257.0,223.88,2.22,17.21,5.2,0.0,9.1623,11.8913,26.62,Available
D0236,2025-01-01,247.35,216.44,2.12,7.44,4.83,0.0,9.9493,11.7359,25.4,Available
D0236,2025-02-01,221.42,209.06,2.09,7.38,4.67,0.0,10.2367,11.9855,25.06,Available
D0236,2025-03-01,227.11,203.4,2.17,5.66,4.51,0.0,9.331,12.7881,26.01,Available
D0236,2025-04-01,213.38,196.93,1.99,6.47,4.39,1.53,10.2951,12.1042,23.84,Available
D0236,2025-05-01,198.22,190.65,1.88,6.28,4.25,0.0,9.1277,11.8108,22.52,Available
D0236,2025-06-01,205.04,185.27,1.96,5.38,4.12,0.0,9.4327,12.7244,23.57,Available
D0236,2025-07-01,182.67,179.73,1.77,5.54,4.0,0.0,9.9327,11.8188,21.24,Available
D0236,2025-08-01,188.48,174.62,1.96,5.11,3.88,0.0,10.5425,13.5012,23.58,Available
D0236,2025-09-01,191.85,169.87,1.63,4.75,3.77,0.82,9.6306,11.5479,19.62,Available
D0236,2025-10-01,183.7,164.76,1.66,5.11,3.67,0.0,9.1986,12.1196,19.97,Available
D0236,2025-11-01,164.36,160.43,1.5,4.33,3.56,0.0,9.5024,11.201,17.97,Available
D0236,2025-12-01,174.35,155.57,1.54,4.86,3.46,1.63,8.9546,11.8693,18.47,Available
D0236,2026-01-01,148.01,144.34,1.47,11.23,3.36,0.0,9.5571,12.2324,17.66,Available
D0236,2026-02-01,150.22,139.93,1.47,4.41,3.12,0.0,9.2703,12.5701,17.59,Available
D0236,2026-03-01,140.76,136.08,1.54,3.85,3.02,0.0,10.3,13.6213,18.54,Available
D0236,2026-04-01,135.77,131.51,1.31,4.57,2.94,0.0,9.3991,11.9392,15.7,Available
D0236,2026-05-01,129.87,127.24,1.24,4.27,2.84,0.0,10.1406,11.7227,14.92,Available
D0236,2026-06-01,,,,,,,,,,Missing
D0236,2026-07-01,133.67,119.51,1.17,3.94,2.66,0.0,9.497,11.7623,14.06,Available
D0237,2026-04-01,133.78,133.69,1.08,6.83,6.31,0.0,7.4408,9.653,12.91,Available
D0237,2026-05-01,134.18,127.28,1.13,6.41,6.01,0.0,8.0495,10.6862,13.6,Available
D0237,2026-06-01,139.03,121.17,0.98,6.11,5.72,0.0,7.7208,9.6763,11.72,Available
D0237,2026-07-01,120.8,114.94,1.09,6.23,5.45,0.0,9.2087,11.3314,13.02,Available
D0238,2025-04-01,215.86,215.0,2.09,14.07,10.72,0.0,8.3622,11.6524,25.05,Available
D0238,2025-05-01,212.41,194.12,1.93,20.88,10.06,0.0,9.2944,11.916,23.13,Available
D0238,2025-06-01,192.6,183.07,1.74,11.05,9.09,0.0,7.9495,11.4005,20.87,Available
D0238,2025-07-01,175.66,170.3,1.4,12.77,8.57,0.0,8.0951,9.8579,16.79,Available
D0238,2025-08-01,167.27,158.91,1.46,11.39,7.97,0.0,8.6078,11.0369,17.54,Available
D0238,2025-09-01,161.48,149.16,1.54,9.75,7.44,0.0,9.2468,12.3849,18.47,Available
D0238,2025-10-01,146.24,139.22,1.24,9.94,6.98,0.0,9.074,10.7081,14.91,Available
D0238,2025-11-01,140.58,129.93,1.31,9.29,6.52,3.64,9.5458,12.0723,15.69,Available
D0238,2025-12-01,139.56,122.16,1.17,7.77,6.08,0.0,8.9586,11.541,14.1,Available
D0238,2026-01-01,,,,,,,,,,Missing
D0238,2026-02-01,115.53,108.3,1.02,6.57,5.38,0.0,9.0575,11.3442,12.29,Available
D0238,2026-03-01,112.8,100.81,0.83,7.49,5.07,0.87,8.2604,9.8391,9.92,Available
D0238,2026-04-01,104.05,94.31,0.84,6.5,4.72,0.0,7.8134,10.6774,10.07,Available
D0238,2026-05-01,97.03,88.96,0.87,5.35,4.41,0.0,8.3152,11.6733,10.38,Available
D0238,2026-06-01,92.73,83.33,0.78,5.63,4.16,0.0,7.8824,11.2774,9.4,Available
D0238,2026-07-01,82.19,75.78,0.71,7.55,3.9,0.0,8.296,11.186,8.48,Available
D0239,2026-03-01,60.89,54.72,0.47,3.81,2.46,0.0,8.7085,10.3593,5.67,Available
D0239,2026-04-01,58.65,51.34,0.48,3.38,2.3,0.0,8.9475,11.3051,5.8,Available
D0239,2026-05-01,51.46,48.18,0.41,3.16,2.16,0.0,8.0277,10.1618,4.9,Available
D0239,2026-06-01,46.72,44.93,0.37,3.25,2.03,0.0,7.563,9.9253,4.46,Available
D0239,2026-07-01,45.65,42.19,0.43,2.74,1.89,0.33,8.7563,12.1293,5.12,Available
D0240,2026-05-01,158.08,149.7,1.35,4.34,4.33,0.0,7.6564,10.8324,16.22,Reconciliation Required
D0240,2026-06-01,163.67,145.48,1.35,4.22,4.21,0.0,8.081,11.0947,16.14,Available
D0240,2026-07-01,148.64,141.38,1.21,4.1,4.09,3.08,8.3208,10.2375,14.47,Available
D0241,2025-05-01,176.98,163.43,1.1,6.4,5.93,0.0,6.5347,8.0444,13.15,Available
D0241,2025-06-01,160.55,157.2,1.22,6.23,5.7,0.0,7.066,9.3008,14.62,Available
D0241,2025-07-01,170.74,151.35,1.28,5.85,5.48,0.0,7.0793,10.1483,15.36,Available
D0241,2025-08-01,160.96,145.71,1.23,5.64,5.28,0.0,7.4255,10.137,14.77,Available
D0241,2025-09-01,153.75,140.34,0.98,5.37,5.08,0.0,6.4196,8.4114,11.8,Available
D0241,2025-10-01,147.67,135.17,1.05,5.17,4.9,0.0,6.7754,9.3476,12.64,Available
D0241,2025-11-01,144.23,129.88,1.17,5.29,4.72,0.0,7.3576,10.7882,14.01,Available
D0241,2025-12-01,126.84,122.3,0.98,7.58,4.53,0.0,6.5769,9.6513,11.8,Available
D0241,2026-01-01,126.13,117.52,1.11,4.78,4.27,0.0,8.0813,11.3167,13.3,Available
D0241,2026-02-01,126.93,112.94,1.04,4.58,4.1,0.0,8.0751,11.0315,12.46,Available
D0241,2026-03-01,114.6,108.76,0.86,4.18,3.94,0.0,7.8671,9.5258,10.36,Available
D0241,2026-04-01,117.75,104.67,0.96,4.09,3.79,0.0,7.5899,11.0344,11.55,Available
D0241,2026-05-01,104.99,100.84,0.75,3.83,3.65,0.0,6.7911,8.9063,8.98,Available
D0241,2026-06-01,104.41,97.08,0.89,3.76,3.52,0.0,8.0223,10.9903,10.67,Available
D0241,2026-07-01,95.35,93.44,0.83,3.64,3.39,0.0,7.8959,10.6619,9.96,Available
D0242,2026-03-01,255.17,228.27,1.92,13.65,10.02,0.0,7.9416,10.0697,22.99,Available
D0242,2026-04-01,,,,,,,,,,Missing
D0242,2026-05-01,207.0,204.82,1.78,10.85,8.93,2.16,7.3532,10.4433,21.39,Available
D0242,2026-06-01,202.76,193.59,1.45,11.23,8.48,3.77,7.5003,9.0144,17.45,Available
D0242,2026-07-01,191.08,182.59,1.61,11.0,8.02,0.0,7.4563,10.5939,19.34,Available
D0243,2026-01-01,288.79,269.63,2.07,12.34,9.36,0.0,6.981,9.2259,24.88,Available
D0243,2026-02-01,284.78,258.73,1.85,10.9,8.95,0.36,7.0744,8.5912,22.23,Available
D0243,2026-03-01,254.21,247.34,1.91,11.39,8.59,0.0,7.1209,9.2622,22.91,Available
D0243,2026-04-01,257.95,238.02,1.7,9.32,8.21,0.0,6.7898,8.5585,20.37,Available
D0243,2026-05-01,231.53,228.89,1.72,9.13,7.9,0.0,7.4965,9.0064,20.61,Available
D0243,2026-06-01,230.6,209.27,1.49,19.62,7.6,0.0,6.1263,8.5611,17.92,Available
D0243,2026-07-01,209.95,200.76,1.59,8.51,6.95,0.0,7.0202,9.4781,19.03,Available
D0244,2025-05-01,260.06,240.44,2.47,13.26,11.63,0.0,10.4557,12.3437,29.68,Available
D0244,2025-06-01,258.63,227.21,2.38,13.23,11.02,0.0,10.9104,12.5684,28.56,Available
D0244,2025-07-01,225.88,214.82,2.33,12.39,10.41,0.0,10.4468,13.0104,27.95,Available
D0244,2025-08-01,205.64,203.36,1.95,11.46,9.84,0.0,9.811,11.5197,23.43,Available
D0244,2025-09-01,201.23,192.09,1.93,11.27,9.32,0.0,9.535,12.0816,23.21,Available
D0244,2025-10-01,183.28,180.87,1.94,11.22,8.8,0.0,9.9467,12.8719,23.28,Available
D0244,2025-11-01,177.61,171.25,1.88,9.62,8.29,0.0,9.7147,13.1615,22.54,Available
D0244,2025-12-01,174.48,161.47,1.82,9.78,7.85,0.0,10.2392,13.5097,21.81,Available
D0244,2026-01-01,169.2,153.28,1.65,8.19,7.4,1.5,9.585,12.8929,19.76,Available
D0244,2026-02-01,150.33,144.61,1.38,8.67,7.02,0.0,9.1177,11.482,16.6,Available
D0244,2026-03-01,144.66,136.6,1.34,8.01,6.63,0.0,9.052,11.7358,16.03,Available
D0244,2026-04-01,138.01,128.65,1.33,7.95,6.26,0.0,9.23,12.403,15.96,Available
D0244,2026-05-01,123.64,121.98,1.34,6.67,5.9,0.0,9.7376,13.2108,16.11,Available
D0244,2026-06-01,128.91,115.73,1.12,6.25,5.59,0.0,9.9611,11.6153,13.44,Available
D0244,2026-07-01,109.08,108.93,1.03,6.8,5.3,0.0,9.5978,11.3522,12.37,Available
D0245,2024-07-01,36.31,33.16,0.3,1.91,1.71,0.0,8.1561,10.8004,3.58,Available
D0245,2024-08-01,33.13,31.18,0.28,1.98,1.61,0.0,7.799,10.7453,3.35,Available
D0245,2024-09-01,32.17,29.51,0.3,1.67,1.52,0.0,8.9959,12.0799,3.56,Available
D0245,2024-10-01,29.19,27.84,0.24,1.67,1.44,0.0,7.9664,10.2329,2.85,Available
D0245,2024-11-01,30.07,26.34,0.23,1.5,1.35,0.0,8.1436,10.2714,2.71,Available
D0245,2024-12-01,28.1,24.81,0.19,1.53,1.28,0.0,7.6421,9.2647,2.3,Available
D0245,2025-01-01,26.8,23.44,0.2,1.37,1.21,0.0,8.87,10.399,2.44,Available
D0245,2025-02-01,25.15,22.04,0.22,1.4,1.14,0.0,9.3218,11.9903,2.64,Available
D0245,2025-03-01,20.33,20.26,0.16,1.78,1.07,0.0,7.5743,9.4787,1.92,Available
D0245,2025-04-01,21.06,19.09,0.18,1.17,0.99,0.0,8.9588,11.1159,2.12,Available
D0245,2025-05-01,19.01,18.05,0.16,1.04,0.93,0.0,8.1439,10.6229,1.92,Available
D0245,2025-06-01,17.84,17.02,0.15,1.03,0.88,0.0,8.4784,10.4289,1.77,Available
D0245,2025-07-01,16.36,16.1,0.13,0.92,0.83,0.0,7.6117,9.9243,1.6,Available
D0245,2025-08-01,15.82,15.21,0.12,0.89,0.78,0.0,7.94,9.6951,1.47,Available
D0245,2025-09-01,14.84,14.39,0.15,0.82,0.74,0.0,9.3123,12.0956,1.74,Available
D0245,2025-10-01,15.24,13.51,0.12,0.88,0.7,0.0,8.5567,11.0018,1.49,Available
D0245,2025-11-01,13.61,12.71,0.11,0.8,0.66,0.0,7.6467,10.7714,1.37,Available
D0245,2025-12-01,12.01,11.93,0.11,0.78,0.62,0.0,8.224,10.9313,1.3,Available
D0245,2026-01-01,12.24,11.28,0.11,0.65,0.58,0.0,8.5468,11.2457,1.27,Available
D0245,2026-02-01,11.91,10.65,0.1,0.63,0.55,0.0,8.8544,10.7159,1.14,Available
D0245,2026-03-01,11.27,9.99,0.09,0.66,0.52,0.0,7.7635,10.6759,1.07,Available
D0245,2026-04-01,9.99,9.43,0.09,0.56,0.49,0.0,8.8778,10.8807,1.03,Available
D0245,2026-05-01,9.97,8.89,0.09,0.54,0.46,0.0,9.1093,12.1656,1.08,Available
D0246,2025-02-01,330.13,322.85,2.34,11.63,10.89,0.0,6.2669,8.6937,28.07,Available
D0246,2025-03-01,313.66,311.47,2.42,11.38,10.51,0.0,6.8917,9.3153,29.01,Available
D0246,2025-04-01,341.81,300.52,2.05,10.95,10.14,2.88,6.5652,8.178,24.58,Available
D0246,2025-05-01,319.0,290.04,2.33,10.48,9.78,0.0,6.354,9.653,28.0,Available
D0246,2025-06-01,318.91,279.8,2.35,10.24,9.44,0.0,6.6817,10.0964,28.25,Available
D0246,2025-07-01,282.81,270.28,2.07,9.52,9.11,0.0,6.5711,9.1766,24.8,Available
D0246,2025-08-01,289.1,261.21,1.78,9.07,8.8,0.0,6.2546,8.195,21.41,Available
D0246,2025-09-01,263.09,252.3,2.09,8.91,8.5,0.0,6.7038,9.9315,25.06,Available
D0246,2025-10-01,255.26,243.83,1.8,8.47,8.21,0.0,7.1286,8.8708,21.63,Available
D0246,2025-11-01,260.94,235.22,1.61,8.61,7.94,0.0,6.5007,8.2172,19.33,Available
D0246,2025-12-01,246.93,227.17,1.54,8.05,7.66,0.0,5.896,8.1179,18.44,Available
D0246,2026-01-01,231.98,208.69,1.57,18.48,7.39,5.75,7.0727,9.0106,18.8,Available
D0246,2026-02-01,201.75,201.49,1.48,7.2,6.79,0.0,7.0174,8.7967,17.72,Available
D0246,2026-03-01,221.14,194.38,1.49,7.11,6.56,0.0,6.9989,9.2052,17.89,Available
D0246,2026-04-01,188.84,187.57,1.46,6.81,6.33,0.0,7.0703,9.3633,17.56,Available
D0246,2026-05-01,182.5,181.24,1.56,6.33,6.11,0.0,7.1602,10.3527,18.76,Available
D0246,2026-06-01,195.35,174.91,1.28,6.33,5.9,0.0,7.2445,8.7768,15.35,Available
D0246,2026-07-01,178.16,168.81,1.4,6.1,5.69,0.96,7.2243,9.939,16.78,Available
D0247,2025-06-01,307.99,274.8,2.34,14.77,6.55,0.0,8.656,10.2072,28.05,Available
D0247,2025-07-01,283.42,262.24,2.68,12.56,6.21,0.0,9.6611,12.2526,32.13,Available
D0247,2025-08-01,250.41,248.53,2.4,13.71,5.93,0.0,8.8542,11.6016,28.83,Available
D0247,2025-09-01,248.98,237.96,2.0,10.57,5.62,0.0,7.8089,10.0635,23.95,Available
D0247,2025-10-01,235.39,228.19,2.02,9.77,5.38,0.0,7.8345,10.6021,24.19,Available
D0247,2025-11-01,231.13,220.06,1.99,8.13,5.16,0.0,8.3124,10.8712,23.92,Available
D0247,2025-12-01,227.25,209.48,1.82,10.58,4.98,0.0,8.1845,10.4385,21.87,Available
D0247,2026-01-01,216.56,201.79,2.02,7.69,4.74,0.0,8.8741,12.0033,24.22,Available
D0247,2026-02-01,214.73,194.02,1.88,7.77,4.56,0.0,8.6894,11.6246,22.55,Available
D0247,2026-03-01,194.28,187.5,1.91,6.52,4.39,0.0,9.3851,12.229,22.93,Available
D0247,2026-04-01,203.21,178.16,1.75,9.34,4.24,0.0,9.5593,11.7662,20.96,Available
D0247,2026-05-01,179.88,169.8,1.56,8.36,4.03,0.0,7.8094,11.0496,18.76,Available
D0247,2026-06-01,185.41,162.44,1.6,7.36,3.84,0.0,8.3792,11.7907,19.15,Available
D0247,2026-07-01,174.33,156.62,1.45,5.82,3.67,0.0,7.8,11.079,17.35,Available
D0248,2025-04-01,151.3,142.39,1.33,9.55,6.14,0.0,8.3255,11.2401,16.0,Available
D0248,2025-05-01,147.17,133.99,1.03,8.4,5.75,0.0,7.23,9.1857,12.31,Available
D0248,2025-06-01,135.24,126.35,1.04,7.64,5.41,0.0,8.0214,9.9026,12.51,Available
D0248,2025-07-01,129.33,118.61,1.21,7.74,5.11,0.0,8.773,12.2041,14.48,Available
D0248,2025-08-01,114.32,111.68,1.1,6.93,4.79,0.0,8.9979,11.8448,13.23,Available
D0248,2025-09-01,106.32,106.23,0.84,5.45,4.51,0.0,7.6512,9.512,10.1,Available
D0248,2025-10-01,112.51,100.11,0.78,6.12,4.29,0.0,7.3236,9.3083,9.32,Available
D0248,2025-11-01,95.3,94.18,0.92,5.93,4.04,0.0,9.1703,11.7769,11.09,Available
D0248,2025-12-01,100.51,89.34,0.76,4.84,3.81,0.0,8.3271,10.2017,9.11,Available
D0248,2026-01-01,88.28,80.6,0.69,8.74,3.61,0.0,7.8538,10.2668,8.28,Available
D0248,2026-02-01,82.59,75.96,0.69,4.64,3.26,0.0,9.1686,10.879,8.26,Available
D0248,2026-03-01,73.66,71.38,0.71,4.58,3.07,0.0,8.4945,11.9135,8.5,Available
D0248,2026-04-01,75.52,66.86,0.59,4.52,2.88,0.0,8.6656,10.603,7.09,Available
D0248,2026-05-01,67.24,63.12,0.58,3.74,2.7,0.0,8.6106,11.0962,7.0,Available
D0248,2026-06-01,60.79,59.6,0.51,3.52,2.55,0.0,7.8001,10.2045,6.08,Available
D0248,2026-07-01,61.3,55.8,0.55,3.8,2.41,0.0,9.0735,11.82,6.6,Available
D0249,2025-11-01,52.61,51.24,0.56,2.86,2.27,0.0,10.3532,13.1362,6.73,Available
D0249,2025-12-01,53.95,48.76,0.56,2.48,2.15,0.0,11.0307,13.7313,6.7,Available
D0249,2026-01-01,51.02,46.1,0.48,2.66,2.05,0.0,10.3079,12.5085,5.77,Available
D0249,2026-02-01,44.4,43.75,0.49,2.35,1.94,0.0,11.4519,13.3924,5.86,Available
D0249,2026-03-01,47.08,41.53,0.41,2.22,1.84,0.0,9.9693,11.8995,4.94,Available
D0249,2026-04-01,44.33,39.56,0.42,1.97,1.74,0.0,10.8881,12.6097,4.99,Available
D0249,2026-05-01,37.54,37.5,0.43,2.06,1.66,0.0,10.3063,13.7125,5.14,Available
D0249,2026-06-01,36.86,35.61,0.37,1.89,1.57,0.0,10.272,12.6366,4.5,Available
D0249,2026-07-01,,,,,,,,,,Missing
D0250,2025-04-01,15.35,14.73,0.14,0.8,0.75,0.0,8.4952,11.2119,1.65,Available
D0250,2025-05-01,13.94,13.61,0.12,1.12,0.71,0.0,7.8348,10.3384,1.41,Available
D0250,2025-06-01,13.74,12.87,0.11,0.74,0.66,0.0,7.8969,9.8979,1.27,Available
D0250,2025-07-01,12.9,12.18,0.1,0.69,0.62,0.0,6.8976,9.6984,1.18,Available
D0250,2025-08-01,11.53,11.52,0.11,0.66,0.59,0.0,8.2461,11.1819,1.29,Available
D0250,2025-09-01,12.12,10.93,0.08,0.59,0.56,0.0,6.9262,8.9109,0.97,Available
D0250,2025-10-01,10.91,10.35,0.08,0.58,0.53,0.0,7.0745,8.8354,0.91,Available
D0250,2025-11-01,10.38,9.82,0.08,0.53,0.5,0.0,8.0356,9.9265,0.97,Available
D0250,2025-12-01,9.73,9.29,0.08,0.53,0.47,0.0,8.5325,10.1154,0.94,Reconciliation Required
D0250,2026-01-01,9.75,8.8,0.07,0.49,0.45,0.0,6.9881,10.092,0.89,Available
D0250,2026-02-01,8.88,8.34,0.07,0.46,0.42,0.0,7.266,9.6459,0.8,Available
D0250,2026-03-01,8.85,7.91,0.08,0.43,0.4,0.0,8.5629,11.9736,0.95,Available
D0250,2026-04-01,7.59,7.5,0.06,0.41,0.38,0.0,7.6206,10.2066,0.77,Available
D0250,2026-05-01,7.89,7.09,0.05,0.41,0.36,0.0,7.0622,8.7618,0.62,Available
D0250,2026-06-01,7.15,6.71,0.05,0.38,0.34,0.0,7.2985,9.6027,0.64,Available
D0250,2026-07-01,6.82,6.36,0.05,0.35,0.32,0.0,8.0918,9.6498,0.61,Available
D0251,2024-06-01,171.54,170.51,1.27,4.59,4.31,0.0,5.8947,8.9115,15.19,Available
D0251,2024-07-01,173.54,165.94,1.28,4.57,4.19,0.0,5.8196,9.2341,15.32,Available
D0251,2024-08-01,163.09,161.65,1.22,4.29,4.08,0.0,6.0659,9.023,14.59,Available
D0251,2024-09-01,168.51,157.32,1.3,4.33,3.98,0.0,7.2545,9.8826,15.55,Available
D0251,2024-10-01,157.46,153.09,1.25,4.23,3.87,4.4,6.5512,9.804,15.01,Available
D0251,2024-11-01,154.78,149.08,1.32,4.01,3.77,0.0,7.7582,10.6583,15.89,Available
D0251,2024-12-01,162.51,145.1,1.19,3.98,3.67,0.0,6.9426,9.8703,14.32,Available
D0251,2025-01-01,153.1,141.29,0.99,3.81,3.57,0.0,6.4353,8.4322,11.91,Available
D0251,2025-02-01,148.87,137.47,1.04,3.82,3.48,0.0,6.3698,9.0754,12.48,Available
D0251,2025-03-01,153.32,133.79,1.06,3.68,3.38,0.0,7.479,9.4769,12.68,Available
D0251,2025-04-01,131.26,130.16,0.94,3.63,3.29,0.0,5.9118,8.6733,11.29,Available
D0251,2025-05-01,129.26,126.73,1.1,3.43,3.2,0.0,7.5566,10.4389,13.23,Available
D0251,2025-06-01,131.01,123.32,1.08,3.41,3.12,0.0,7.1033,10.5479,13.01,Available
D0251,2025-07-01,128.26,119.99,0.79,3.33,3.03,0.0,6.0162,7.9061,9.49,Available
D0251,2025-08-01,133.41,116.87,0.93,3.12,2.95,0.0,6.3096,9.5777,11.19,Available
D0251,2025-09-01,128.87,113.7,0.92,3.17,2.87,0.0,7.5795,9.7586,11.1,Available
D0251,2025-10-01,121.06,110.58,0.98,3.12,2.8,0.0,7.4566,10.5825,11.7,Available
D0251,2025-11-01,122.22,107.69,0.86,2.89,2.72,0.0,7.0329,9.5442,10.28,Available
D0251,2025-12-01,118.99,104.81,0.83,2.88,2.65,0.86,6.8078,9.5287,9.99,Available
D0251,2026-01-01,108.82,102.07,0.65,2.74,2.58,0.0,5.8086,7.6557,7.81,Available
D0251,2026-02-01,109.04,99.42,0.69,2.65,2.51,0.0,6.0257,8.275,8.23,Available
D0251,2026-03-01,102.16,96.81,0.72,2.61,2.45,0.0,7.1578,8.8963,8.61,Available
D0251,2026-04-01,107.3,94.32,0.74,2.49,2.38,0.0,6.8298,9.4675,8.93,Available
D0251,2026-05-01,102.1,91.9,0.67,2.42,2.32,0.0,6.6746,8.6948,7.99,Available
D0252,2025-03-01,286.97,250.24,2.03,7.71,5.36,5.58,6.8799,9.741,24.38,Available
D0252,2025-04-01,243.48,243.0,1.8,7.24,5.2,4.63,6.1082,8.872,21.56,Available
D0252,2025-05-01,256.99,234.91,2.04,8.09,5.05,0.0,7.1948,10.4246,24.49,Available
D0252,2025-06-01,254.98,227.79,1.79,7.12,4.88,0.0,6.3259,9.4239,21.47,Available
D0252,2025-07-01,223.36,220.79,1.6,7.0,4.73,0.0,7.1785,8.6964,19.2,Available
D0252,2025-08-01,214.19,214.12,1.71,6.67,4.59,0.0,7.735,9.5644,20.48,Available
D0252,2025-09-01,236.61,208.18,1.57,5.94,4.45,0.0,7.4414,9.0468,18.83,Available
D0253,2026-03-01,375.47,329.7,3.4,15.9,11.89,5.06,10.6163,12.3836,40.83,Available
D0253,2026-04-01,332.65,315.07,3.13,14.63,11.35,0.0,9.8358,11.9265,37.58,Available
D0253,2026-05-01,320.69,300.3,3.11,14.77,10.84,0.0,9.4412,12.4461,37.38,Available
D0253,2026-06-01,299.38,287.74,3.01,12.56,10.34,0.0,10.4982,12.5547,36.12,Available
D0253,2026-07-01,298.28,276.19,3.14,11.55,9.9,0.0,10.7308,13.6419,37.68,Available
D0254,2026-04-01,331.74,318.68,2.8,15.07,10.91,3.08,7.2921,10.5264,33.55,Available
D0254,2026-05-01,337.71,302.95,2.39,15.73,10.42,0.0,6.983,9.4626,28.67,Available
D0254,2026-06-01,308.52,281.45,2.51,21.5,9.9,0.0,7.5515,10.6931,30.1,Available
D0254,2026-07-01,271.01,269.38,2.38,12.07,9.2,0.0,7.8662,10.6177,28.6,Available
D0255,2024-04-01,121.78,115.85,1.18,6.23,3.24,0.0,8.7704,12.2209,14.16,Available
D0255,2024-05-01,122.39,111.99,1.04,3.86,3.08,0.0,8.375,11.1403,12.48,Available
D0255,2024-06-01,118.96,104.57,1.02,7.42,2.97,0.0,9.2955,11.7315,12.27,Available
D0255,2024-07-01,,,,,,,,,,Missing
D0255,2024-08-01,99.58,98.05,0.84,3.18,2.69,0.0,8.2331,10.3045,10.1,Available
D0255,2024-09-01,,,,,,,,,,Incomplete
D0255,2024-10-01,95.47,91.67,0.86,3.09,2.52,0.0,9.4292,11.2442,10.31,Available
D0255,2024-11-01,94.15,88.6,0.83,3.07,2.43,0.88,8.2641,11.2096,9.93,Available
D0255,2024-12-01,89.07,85.83,0.91,2.77,2.35,0.0,9.463,12.714,10.91,Available
D0255,2025-01-01,87.06,82.94,0.8,2.89,2.28,0.38,9.7579,11.599,9.62,Available
D0255,2025-02-01,81.25,80.26,0.77,2.68,2.2,0.0,8.7248,11.5052,9.23,Available
D0255,2025-03-01,88.36,77.77,0.77,2.49,2.13,0.0,8.9494,11.9524,9.3,Available
D0255,2025-04-01,79.75,75.26,0.79,2.51,2.06,0.74,9.5858,12.6589,9.53,Available
D0255,2025-05-01,75.14,72.7,0.69,2.56,2.0,0.0,9.8045,11.4249,8.31,Available
D0255,2025-06-01,76.5,70.47,0.65,2.23,1.93,0.0,9.3855,11.0649,7.8,Available
D0255,2025-07-01,70.63,68.36,0.71,2.11,1.87,0.0,9.2702,12.5481,8.58,Available
D0255,2025-08-01,69.96,66.23,0.62,2.13,1.82,0.0,8.0268,11.2683,7.46,Available
D0255,2025-09-01,65.84,64.23,0.64,2.0,1.76,0.0,9.6483,12.0171,7.72,Available
D0255,2025-10-01,65.97,62.17,0.59,2.06,1.71,0.0,9.4179,11.4448,7.12,Available
D0255,2025-11-01,63.6,60.15,0.58,2.02,1.65,0.0,9.6222,11.4813,6.91,Available
D0255,2025-12-01,59.08,58.19,0.49,1.96,1.6,0.0,8.5269,10.109,5.88,Available
D0255,2026-01-01,58.17,56.46,0.59,1.73,1.55,0.0,9.1408,12.6256,7.13,Available
D0255,2026-02-01,58.89,54.56,0.51,1.9,1.5,0.0,9.1626,11.2253,6.12,Available
D0255,2026-03-01,57.84,52.84,0.5,1.72,1.45,0.0,8.5801,11.4341,6.04,Available
D0256,2024-05-01,269.09,242.7,2.65,6.94,5.65,0.23,10.7494,13.0804,31.75,Available
D0256,2024-06-01,247.18,235.12,2.65,7.58,5.49,0.0,10.3202,13.5268,31.8,Available
D0256,2024-07-01,236.41,227.86,2.2,7.26,5.32,0.0,9.995,11.6113,26.46,Available
D0256,2024-08-01,245.94,221.4,2.39,6.46,5.15,0.0,10.7298,12.9463,28.66,Available
D0256,2024-09-01,221.0,213.47,2.19,7.93,5.01,0.0,10.0816,12.3245,26.31,Available
D0256,2024-10-01,233.6,206.39,2.33,7.08,4.83,0.0,10.731,13.5366,27.94,Available
D0256,2024-11-01,221.77,199.43,2.0,6.96,4.67,0.0,9.9203,12.0501,24.03,Available
D0256,2024-12-01,,,,,,,,,,Incomplete
D0256,2025-01-01,,,,,,,,,,Missing
D0256,2025-02-01,192.67,181.25,1.91,6.58,4.25,0.0,9.3649,12.6738,22.97,Available
D0256,2025-03-01,196.49,174.61,2.02,6.64,4.1,0.0,10.9584,13.8529,24.19,Available
D0256,2025-04-01,181.58,169.43,1.77,5.18,3.95,0.0,10.3564,12.5108,21.2,Available
D0257,2024-09-01,90.64,81.27,0.8,4.0,2.59,0.0,9.39,11.7979,9.59,Available
D0257,2024-10-01,78.66,77.67,0.76,3.6,2.47,0.0,9.097,11.8022,9.17,Available
D0257,2024-11-01,81.47,73.94,0.71,3.73,2.36,1.84,9.9135,11.5786,8.56,Available
D0257,2024-12-01,74.8,70.63,0.78,3.31,2.24,0.0,10.0774,13.2498,9.36,Available
D0257,2025-01-01,67.14,67.08,0.75,3.55,2.14,0.0,10.3412,13.4905,9.05,Available
D0257,2025-02-01,70.78,63.73,0.63,3.35,2.04,0.0,8.6734,11.9311,7.6,Available
D0257,2025-03-01,66.29,60.92,0.62,2.81,1.93,0.0,10.6113,12.2496,7.46,Available
D0257,2025-04-01,62.12,58.18,0.53,2.74,1.85,0.0,8.8434,10.9459,6.37,Available
D0257,2025-05-01,63.21,55.3,0.58,2.88,1.77,0.0,9.6498,12.6673,7.01,Available
D0257,2025-06-01,57.96,52.7,0.59,2.6,1.68,0.0,10.5154,13.3978,7.06,Available
D0257,2025-07-01,53.12,48.25,0.47,4.45,1.6,0.0,9.2279,11.5746,5.58,Available
D0258,2026-02-01,283.77,268.26,2.95,6.65,6.37,0.0,10.1962,13.1877,35.38,Available
D0258,2026-03-01,281.26,261.53,2.85,6.73,6.22,0.0,11.2228,13.0812,34.21,Available
D0258,2026-04-01,289.13,254.77,2.71,6.76,6.06,0.0,10.2911,12.7709,32.54,Available
D0258,2026-05-01,283.46,248.58,2.54,6.19,5.9,0.0,9.9855,12.268,30.5,Available
D0258,2026-06-01,257.54,242.4,2.71,6.18,5.76,0.0,11.0704,13.4022,32.49,Available
D0258,2026-07-01,251.26,236.35,2.46,6.05,5.62,0.0,9.8393,12.4706,29.47,Available
D0259,2026-05-01,158.25,140.1,1.22,6.82,6.23,0.0,8.0912,10.4178,14.6,Available
D0259,2026-06-01,134.88,133.39,1.12,6.71,5.94,0.75,7.8084,10.0513,13.41,Available
D0259,2026-07-01,140.3,126.81,1.05,6.58,5.65,0.0,8.167,9.9576,12.63,Available
D0260,2025-03-01,117.44,109.53,1.19,6.17,3.88,0.0,10.9278,13.0361,14.28,Available
D0260,2025-04-01,118.77,104.23,1.23,5.3,3.67,0.0,11.5036,14.1469,14.75,Available
D0260,2025-05-01,112.15,99.72,1.17,4.51,3.49,0.0,11.4903,14.1317,14.09,Available
D0260,2025-06-01,94.58,94.52,1.01,5.2,3.34,0.0,11.0561,12.8224,12.12,Available
D0260,2025-07-01,103.11,89.98,1.05,4.54,3.17,2.07,11.6788,13.9597,12.56,Available
D0260,2025-08-01,94.59,86.17,1.07,3.81,3.02,0.0,11.4126,14.905,12.84,Available
D0260,2025-09-01,84.32,82.18,1.03,3.99,2.89,0.0,11.8911,14.9673,12.3,Available
D0260,2025-10-01,,,,,,,,,,Missing
D0260,2025-11-01,74.67,74.65,0.87,3.93,2.63,0.0,10.8583,13.9591,10.42,Available
D0260,2025-12-01,73.77,71.59,0.72,3.06,2.5,0.0,10.1897,12.0084,8.6,Available
D0260,2026-01-01,78.68,68.53,0.81,3.06,2.4,0.0,11.011,14.2407,9.76,Available
D0260,2026-02-01,65.71,64.92,0.73,3.61,2.3,0.0,10.3259,13.504,8.77,Available
D0260,2026-03-01,65.57,61.6,0.7,3.32,2.18,1.54,10.8199,13.6934,8.44,Available
D0260,2026-04-01,64.23,58.43,0.65,3.17,2.07,0.0,9.9301,13.3633,7.81,Available
D0260,2026-05-01,61.37,55.87,0.63,2.56,1.96,0.0,11.7719,13.4778,7.53,Available
D0261,2025-04-01,318.63,300.92,3.26,30.57,8.26,0.0,10.7222,13.0087,39.15,Available
D0261,2025-05-01,329.45,288.3,2.9,12.62,7.5,0.0,10.2699,12.0866,34.85,Available
D0261,2025-06-01,278.7,276.66,2.79,11.64,7.18,0.0,9.6156,12.0983,33.47,Available
D0261,2025-07-01,290.01,264.86,2.76,11.8,6.89,6.62,10.5889,12.5263,33.18,Available
D0261,2025-08-01,285.35,253.24,2.8,11.62,6.6,0.0,11.0681,13.254,33.56,Available
D0261,2025-09-01,271.9,242.34,2.54,10.9,6.31,0.0,10.4059,12.5905,30.51,Available
D0261,2025-10-01,259.2,231.75,2.37,10.59,6.04,0.0,10.6605,12.2837,28.47,Available
D0261,2025-11-01,247.57,221.18,2.33,10.57,5.77,0.0,9.8716,12.6168,27.91,Available
D0261,2025-12-01,228.31,212.3,2.06,8.88,5.51,0.0,9.6576,11.6335,24.7,Available
D0261,2026-01-01,220.68,205.38,2.3,6.92,5.29,0.0,11.0169,13.4505,27.62,Available
D0261,2026-02-01,223.4,198.42,2.02,6.96,5.12,0.0,9.8558,12.2367,24.28,Available
D0261,2026-03-01,192.32,189.24,2.0,9.18,4.94,0.0,9.6766,12.6783,23.99,Available
D0261,2026-04-01,185.72,182.14,2.24,7.1,4.71,3.64,11.5226,14.7374,26.84,Available
D0261,2026-05-01,180.52,173.84,1.91,8.3,4.54,0.0,10.2282,13.2176,22.98,Available
D0261,2026-06-01,189.98,166.97,2.04,6.87,4.33,4.33,11.4164,14.6792,24.51,Available
D0261,2026-07-01,161.25,160.43,1.79,6.54,4.16,0.0,10.0964,13.3596,21.43,Available
D0262,2025-02-01,49.51,44.82,0.49,2.99,2.18,0.0,11.1267,13.0433,5.85,Available
D0262,2025-03-01,47.8,41.98,0.49,2.84,2.04,0.74,11.0335,14.1476,5.94,Available
D0262,2025-04-01,44.21,39.61,0.41,2.37,1.91,0.0,10.5799,12.2921,4.87,Available
D0262,2025-05-01,38.07,37.31,0.46,2.3,1.8,0.0,11.3268,14.6989,5.48,Available
D0262,2025-06-01,40.31,35.33,0.36,1.98,1.7,0.0,10.1422,12.0715,4.26,Available
D0262,2025-07-01,36.47,31.8,0.35,3.53,1.61,0.0,10.618,13.0715,4.16,Available
D0262,2025-08-01,30.71,29.71,0.32,2.09,1.45,0.0,10.8195,12.8199,3.81,Available
D0262,2025-09-01,28.01,28.0,0.33,1.71,1.35,0.0,11.2087,13.9666,3.91,Available
D0262,2025-10-01,27.8,26.2,0.25,1.8,1.27,0.0,9.686,11.5736,3.03,Available
D0262,2025-11-01,25.64,24.71,0.24,1.49,1.19,0.0,10.2079,11.8597,2.93,Available
D0262,2025-12-01,25.49,23.21,0.25,1.5,1.12,0.0,9.4345,12.723,2.95,Available
D0262,2026-01-01,23.07,21.68,0.26,1.53,1.06,0.0,10.7024,14.1386,3.07,Available
D0262,2026-02-01,22.83,20.28,0.2,1.4,0.99,0.08,10.2304,12.0826,2.45,Available
D0262,2026-03-01,20.75,19.13,0.2,1.15,0.92,0.0,9.6208,12.4936,2.39,Available
D0262,2026-04-01,19.69,18.04,0.21,1.09,0.87,0.0,10.6378,13.8018,2.49,Available
D0263,2024-04-01,202.61,196.43,1.31,8.7,6.98,0.0,6.4221,7.9919,15.7,Available
D0263,2024-05-01,195.35,187.39,1.55,9.04,6.68,3.99,6.9384,9.8953,18.54,Available
D0263,2024-06-01,184.94,177.58,1.31,9.81,6.37,0.0,6.2612,8.8701,15.75,Available
D0263,2024-07-01,172.37,168.74,1.37,8.84,6.04,0.0,7.2044,9.7518,16.46,Available
D0263,2024-08-01,165.98,161.73,1.45,7.01,5.74,2.63,7.6938,10.7797,17.43,Available
D0263,2024-09-01,168.76,154.8,1.44,6.93,5.5,0.0,8.1163,11.1277,17.23,Available
D0263,2024-10-01,155.35,148.37,1.33,6.43,5.26,0.0,7.6346,10.786,16.0,Available
D0263,2024-11-01,143.82,140.87,1.16,7.5,5.05,0.0,6.8335,9.8542,13.88,Available
D0263,2024-12-01,141.34,133.58,1.21,7.29,4.79,1.56,7.3396,10.8271,14.46,Available
D0263,2025-01-01,130.47,126.63,0.83,6.95,4.54,0.0,6.2093,7.8514,9.94,Available
D0263,2025-02-01,124.77,120.82,0.91,5.81,4.31,0.0,6.5638,9.0046,10.88,Available
D0263,2025-03-01,122.36,115.31,0.93,5.51,4.11,0.0,7.1439,9.665,11.14,Available
D0263,2025-04-01,120.84,109.27,0.87,6.04,3.92,0.0,6.4548,9.5927,10.48,Available
D0263,2025-05-01,118.04,103.54,0.86,5.73,3.72,0.0,8.1912,9.936,10.29,Available
D0263,2025-06-01,105.36,98.42,0.67,5.12,3.52,0.0,6.4658,8.1212,7.99,Available
D0263,2025-07-01,95.78,93.86,0.7,4.56,3.35,0.0,7.2954,8.9384,8.39,Available
D0263,2025-08-01,91.81,88.78,0.7,5.08,3.19,0.0,7.9305,9.4972,8.43,Available
D0263,2025-09-01,88.95,84.42,0.61,4.36,3.02,0.0,6.5923,8.6319,7.29,Available
D0263,2025-10-01,85.05,79.81,0.62,4.61,2.87,0.0,7.7816,9.3075,7.43,Available
D0263,2025-11-01,87.03,76.39,0.58,3.42,2.71,0.0,6.6808,9.1251,6.97,Available
D0263,2025-12-01,82.05,72.85,0.51,3.54,2.6,0.0,6.3531,8.4167,6.13,Available
D0263,2026-01-01,73.28,69.56,0.55,3.29,2.48,0.0,7.5817,9.5395,6.64,Available
D0263,2026-02-01,71.38,66.23,0.57,3.33,2.37,0.0,6.8442,10.2425,6.78,Available
D0263,2026-03-01,71.75,62.66,0.48,3.57,2.25,0.0,6.5127,9.2198,5.78,Available
D0263,2026-04-01,62.12,59.32,0.47,3.34,2.13,0.0,6.349,9.4869,5.63,Available
D0263,2026-05-01,59.69,56.09,0.45,3.23,2.02,0.0,7.5114,9.6509,5.41,Available
D0263,2026-06-01,56.12,51.97,0.43,4.12,1.91,0.0,6.6982,9.891,5.14,Available
D0263,2026-07-01,51.32,49.4,0.44,2.57,1.77,0.0,8.0646,10.7304,5.3,Available
D0264,2026-03-01,363.55,326.98,2.79,10.35,10.02,0.0,8.1465,10.2449,33.5,Available
D0264,2026-04-01,331.29,316.99,2.83,9.99,9.71,0.0,8.909,10.7105,33.95,Available
D0264,2026-05-01,347.04,307.24,2.95,9.75,9.42,0.0,9.8828,11.5371,35.45,Available
D0264,2026-06-01,298.0,297.66,2.92,9.58,9.13,5.7,9.1851,11.7559,34.99,Available
D0264,2026-07-01,304.68,288.35,2.55,9.31,8.84,6.39,8.174,10.602,30.57,Available
D0265,2024-11-01,154.04,148.45,1.59,8.16,5.6,1.68,9.409,12.8262,19.04,Available
D0265,2024-12-01,147.8,140.54,1.65,7.91,5.31,2.67,11.2308,14.0999,19.82,Available
D0265,2025-01-01,135.6,133.68,1.36,6.86,5.03,0.0,9.8899,12.2163,16.33,Available
D0265,2025-02-01,133.03,127.66,1.44,6.02,4.78,0.0,10.9223,13.5661,17.32,Available
D0265,2025-03-01,136.75,121.01,1.33,6.65,4.57,0.81,10.2591,13.1535,15.92,Available
D0265,2025-04-01,116.11,114.48,1.27,6.53,4.33,0.0,10.1205,13.3556,15.29,Available
D0265,2025-05-01,118.03,109.2,1.09,5.28,4.09,0.0,10.2017,12.0301,13.14,Available
D0265,2025-06-01,108.58,103.21,1.25,5.99,3.9,0.0,11.2728,14.5539,15.02,Available
D0265,2025-07-01,108.42,98.55,1.01,4.66,3.69,0.0,10.4178,12.2994,12.12,Available
D0265,2025-08-01,99.46,94.36,1.04,4.19,3.52,0.0,9.77,13.1724,12.43,Available
D0265,2025-09-01,91.29,89.31,0.87,5.05,3.37,0.0,9.9715,11.6563,10.41,Available
D0265,2025-10-01,89.08,85.08,0.96,4.23,3.19,0.0,10.2002,13.5146,11.5,Available
D0265,2025-11-01,91.33,80.75,0.84,4.33,3.04,0.0,9.9096,12.4573,10.06,Available
D0265,2025-12-01,84.0,77.09,0.77,3.66,2.89,0.0,10.1913,12.0455,9.29,Available
D0265,2026-01-01,77.88,73.51,0.78,3.58,2.76,0.0,10.8531,12.7718,9.39,Available
D0265,2026-02-01,79.63,69.54,0.77,3.97,2.63,0.0,10.3418,13.3302,9.27,Available
D0266,2024-04-01,153.45,147.18,1.4,5.41,3.75,0.0,8.2918,11.4425,16.84,Available
D0266,2024-05-01,146.69,141.3,1.3,5.88,3.62,0.0,7.5238,11.0213,15.57,Available
D0266,2024-06-01,155.69,136.26,0.92,5.04,3.47,0.0,6.5044,8.1265,11.07,Available
D0266,2024-07-01,141.3,131.0,1.08,5.26,3.35,0.0,6.4205,9.8627,12.92,Available
D0266,2024-08-01,137.77,126.13,1.0,4.87,3.22,0.0,7.3232,9.4858,11.96,Available
D0266,2024-09-01,122.09,120.21,1.07,5.92,3.1,0.0,7.686,10.7136,12.88,Available
D0266,2024-10-01,,,,,,,,,,Missing
D0266,2024-11-01,117.67,110.71,0.84,5.05,2.84,0.0,7.6111,9.1234,10.1,Available
D0266,2024-12-01,,,,,,,,,,Missing
D0266,2025-01-01,103.12,102.01,0.87,4.95,2.63,0.0,8.1218,10.2463,10.45,Available
D0266,2025-02-01,,,,,,,,,,Incomplete
D0266,2025-03-01,106.45,93.65,0.85,4.45,2.41,0.0,7.6917,10.9414,10.25,Available
D0266,2025-04-01,100.69,89.34,0.8,4.31,2.3,0.0,7.6969,10.682,9.54,Available
D0266,2025-05-01,,,,,,,,,,Missing
D0266,2025-06-01,83.73,83.35,0.77,3.01,2.12,0.0,7.6979,11.0582,9.22,Available
D0266,2025-07-01,89.41,80.09,0.62,3.26,2.05,0.0,6.5298,9.3439,7.48,Available
D0266,2025-08-01,78.17,77.4,0.69,2.69,1.97,0.0,7.6763,10.6474,8.24,Available
D0266,2025-09-01,75.69,73.95,0.59,3.45,1.9,0.0,6.8825,9.5405,7.06,Available
D0266,2025-10-01,76.81,71.36,0.52,2.59,1.82,0.15,6.8177,8.6797,6.19,Available
D0266,2025-11-01,69.54,68.31,0.53,3.05,1.75,0.0,6.6441,9.2392,6.31,Available
D0266,2025-12-01,66.23,65.67,0.57,2.64,1.68,0.0,8.299,10.4542,6.87,Available
D0266,2026-01-01,68.2,62.56,0.48,3.11,1.61,0.0,7.1897,9.1531,5.73,Available
D0266,2026-02-01,61.82,60.3,0.53,2.26,1.54,0.0,7.6593,10.643,6.42,Available
D0266,2026-03-01,58.4,57.99,0.46,2.31,1.48,0.98,7.3783,9.4417,5.48,Available
D0266,2026-04-01,57.41,55.28,0.45,2.71,1.42,0.0,7.4263,9.7123,5.37,Available
D0266,2026-05-01,53.14,52.99,0.43,2.29,1.36,0.0,6.875,9.8498,5.22,Available
D0266,2026-06-01,56.3,51.26,0.46,1.73,1.3,0.0,8.1979,10.8112,5.54,Available
D0266,2026-07-01,49.93,47.97,0.38,3.29,1.26,0.0,6.4408,9.4487,4.53,Available
D0267,2024-05-01,51.87,50.58,0.52,4.22,2.2,0.0,9.9474,12.3806,6.26,Available
D0267,2024-06-01,48.84,48.07,0.5,2.51,2.03,0.0,10.6252,12.5882,6.05,Available
D0267,2024-07-01,47.38,45.63,0.52,2.44,1.93,0.0,11.7502,13.651,6.23,Available
D0267,2024-08-01,47.22,42.88,0.43,2.75,1.83,0.0,9.8739,12.1662,5.22,Available
D0267,2024-09-01,40.67,40.64,0.45,2.24,1.72,0.0,11.0133,13.2674,5.39,Available
D0267,2024-10-01,39.91,38.39,0.42,2.25,1.63,0.0,10.0676,13.1575,5.05,Available
D0267,2024-11-01,39.63,36.16,0.38,2.23,1.54,0.0,10.7365,12.6579,4.58,Available
D0267,2024-12-01,35.43,33.87,0.36,2.29,1.45,0.0,10.5987,12.6628,4.29,Available
D0267,2025-01-01,33.34,31.77,0.37,2.1,1.36,0.0,10.9782,14.0265,4.46,Available
D0267,2025-02-01,34.24,30.03,0.35,1.74,1.27,0.0,10.6487,14.043,4.22,Available
D0267,2025-03-01,28.81,28.18,0.31,1.85,1.21,0.0,10.7235,13.1434,3.7,Available
D0267,2025-04-01,28.97,26.54,0.29,1.64,1.13,0.0,10.9991,13.0344,3.46,Available
D0267,2025-05-01,28.68,25.01,0.29,1.53,1.07,0.0,11.3516,14.0998,3.53,Available
D0267,2025-06-01,25.55,23.64,0.27,1.37,1.0,0.0,10.9757,13.5195,3.2,Available
D0267,2025-07-01,25.32,22.41,0.23,1.23,0.95,0.0,10.0107,12.0913,2.71,Available
D0267,2025-08-01,22.27,21.22,0.23,1.19,0.9,0.0,10.3304,12.741,2.7,Available
D0267,2025-09-01,21.9,20.12,0.22,1.1,0.85,0.0,10.8436,12.8945,2.59,Available
D0267,2025-10-01,21.19,18.94,0.2,1.18,0.81,0.0,10.5637,12.7929,2.42,Available
D0267,2025-11-01,20.41,17.91,0.18,1.03,0.76,0.0,10.5508,12.239,2.19,Available
D0267,2025-12-01,18.16,16.8,0.21,1.11,0.72,0.0,11.3588,14.6528,2.46,Available
D0267,2026-01-01,16.08,15.82,0.16,0.98,0.67,0.0,10.2784,12.3651,1.96,Available
D0267,2026-02-01,15.84,14.79,0.16,1.03,0.63,0.0,11.2142,13.1434,1.94,Available
D0267,2026-03-01,15.42,14.03,0.15,0.76,0.59,0.0,10.4495,12.962,1.82,Available
D0267,2026-04-01,13.55,13.19,0.15,0.84,0.56,0.23,10.9956,13.5082,1.78,Available
D0267,2026-05-01,14.35,12.48,0.13,0.71,0.53,0.0,10.6939,12.8575,1.6,Available
D0267,2026-06-01,12.62,11.78,0.13,0.7,0.5,0.0,11.4792,13.6346,1.61,Available
D0267,2026-07-01,11.32,11.04,0.12,0.74,0.47,0.0,10.2296,13.4097,1.48,Available
D0268,2025-07-01,268.9,247.29,2.85,12.01,9.0,0.0,10.4035,13.8141,34.16,Available
D0268,2025-08-01,271.61,236.2,2.3,11.09,8.58,0.0,9.4819,11.6772,27.58,Available
D0268,2025-09-01,231.57,224.35,2.6,11.85,8.2,0.0,10.7966,13.8862,31.15,Available
D0268,2025-10-01,230.68,214.79,2.26,9.56,7.79,0.0,10.1129,12.6009,27.07,Available
D0268,2025-11-01,212.61,204.31,2.16,10.48,7.46,0.0,9.5,12.6948,25.94,Available
D0268,2025-12-01,197.39,196.06,1.89,8.25,7.09,0.0,9.3513,11.5905,22.72,Available
D0268,2026-01-01,198.67,186.25,2.07,9.81,6.81,0.0,10.2953,13.3463,24.86,Available
D0268,2026-02-01,191.13,177.71,2.01,8.54,6.47,0.0,10.5973,13.5633,24.1,Available
D0268,2026-03-01,194.27,169.04,1.77,8.67,6.17,0.0,10.5077,12.5425,21.2,Available
D0268,2026-04-01,181.74,161.13,1.47,7.91,5.87,0.0,9.1924,10.9222,17.6,Available
D0268,2026-05-01,176.63,153.76,1.65,7.37,5.59,0.0,9.6579,12.912,19.85,Available
D0268,2026-06-01,166.51,145.93,1.48,7.83,5.34,0.0,9.2474,12.1519,17.73,Available
D0268,2026-07-01,160.04,139.64,1.32,6.29,5.07,3.81,9.241,11.3862,15.9,Available
D0269,2024-11-01,114.97,111.7,1.06,5.24,4.78,0.0,8.7408,11.3573,12.69,Available
D0269,2024-12-01,107.11,106.13,0.95,5.57,4.57,0.0,9.2112,10.7512,11.41,Available
D0269,2025-01-01,102.66,101.15,0.93,4.98,4.34,0.0,9.073,10.975,11.1,Available
D0269,2025-02-01,97.64,96.05,0.77,5.1,4.13,0.0,8.1072,9.6084,9.23,Available
D0269,2025-03-01,94.39,91.47,0.85,4.58,3.93,0.0,8.7226,11.1008,10.15,Available
D0269,2025-04-01,89.46,87.4,0.89,4.07,3.74,0.0,9.3031,12.1957,10.66,Available
D0269,2025-05-01,94.25,82.95,0.71,4.45,3.57,0.0,8.5645,10.2659,8.52,Available
D0269,2025-06-01,87.78,79.03,0.62,3.92,3.39,0.0,7.8923,9.4616,7.48,Available
D0269,2025-07-01,86.19,74.99,0.75,4.04,3.23,0.52,9.5265,12.0471,9.03,Available
D0269,2025-08-01,81.99,71.4,0.73,3.59,3.07,0.0,9.0945,12.2083,8.72,Available
D0269,2025-09-01,69.62,66.43,0.68,4.97,2.92,0.0,8.8784,12.1945,8.1,Available
D0269,2025-10-01,63.59,63.31,0.52,3.12,2.72,0.0,7.8394,9.8145,6.21,Available
D0269,2025-11-01,60.55,60.05,0.62,3.26,2.59,0.0,9.3505,12.3921,7.44,Available
D0269,2025-12-01,59.98,57.2,0.56,2.85,2.45,0.0,9.0141,11.8261,6.76,Available
D0269,2026-01-01,56.85,54.58,0.52,2.62,2.34,0.19,7.9351,11.3908,6.22,Available
D0269,2026-02-01,56.17,51.89,0.45,2.69,2.23,0.0,8.7913,10.4379,5.42,Available
D0269,2026-03-01,,,,,,,,,,Missing
D0270,2025-03-01,93.15,82.81,0.78,2.55,2.19,1.62,9.1103,11.3241,9.38,Available
D0270,2025-04-01,84.87,80.46,0.68,2.35,2.12,0.0,7.8942,10.0898,8.12,Available
D0270,2025-05-01,84.32,78.09,0.77,2.37,2.06,0.0,9.133,11.7573,9.18,Available
D0270,2025-06-01,82.45,75.82,0.76,2.27,2.0,0.0,9.1927,12.04,9.13,Available
D0270,2025-07-01,77.85,73.47,0.62,2.35,1.94,0.0,8.0144,10.1503,7.46,Available
D0270,2025-08-01,78.41,71.29,0.65,2.18,1.88,0.0,9.1142,10.9884,7.83,Available
D0270,2025-09-01,70.06,69.27,0.72,2.02,1.83,1.81,8.9865,12.3907,8.58,Available
D0270,2025-10-01,68.94,67.2,0.71,2.07,1.77,0.0,9.4442,12.6144,8.48,Available
D0270,2025-11-01,71.8,65.25,0.65,1.95,1.72,0.0,9.2115,12.0042,7.83,Available
D0270,2025-12-01,64.14,63.29,0.55,1.96,1.67,0.0,8.0042,10.338,6.54,Available
D0270,2026-01-01,62.81,61.42,0.57,1.87,1.62,1.48,9.0169,11.1877,6.87,Available
D0270,2026-02-01,60.33,59.48,0.63,1.94,1.57,1.38,9.8017,12.6547,7.53,Available
D0270,2026-03-01,63.14,57.8,0.53,1.68,1.52,0.0,8.7143,11.0998,6.42,Available
D0270,2026-04-01,59.95,56.18,0.47,1.62,1.48,0.0,7.9451,9.9472,5.59,Available
D0270,2026-05-01,61.16,54.54,0.52,1.64,1.44,1.06,8.2425,11.5059,6.28,Available
D0270,2026-06-01,53.03,52.89,0.48,1.65,1.4,0.4,8.4243,10.9667,5.8,Available
D0270,2026-07-01,55.13,51.23,0.49,1.66,1.35,0.0,8.1745,11.4927,5.89,Available
D0271,2024-07-01,74.48,65.68,0.59,5.24,1.68,0.0,7.9078,10.7976,7.09,Available
D0271,2024-08-01,70.42,64.1,0.59,1.58,1.55,0.0,8.1069,11.0482,7.08,Available
D0271,2024-09-01,65.24,61.45,0.54,2.65,1.51,0.0,8.9182,10.5552,6.49,Available
D0271,2024-10-01,61.6,59.03,0.61,2.42,1.45,0.0,9.0685,12.4805,7.37,Available
D0271,2024-11-01,63.54,57.62,0.49,1.41,1.39,0.0,8.3786,10.1767,5.86,Available
D0271,2024-12-01,63.06,56.24,0.54,1.38,1.36,0.0,9.0726,11.4867,6.46,Available
D0271,2025-01-01,59.82,54.89,0.48,1.35,1.33,0.0,7.5871,10.5359,5.78,Available
D0271,2025-02-01,60.35,53.57,0.47,1.32,1.3,0.0,8.9006,10.5587,5.66,Available
D0271,2025-03-01,58.24,52.29,0.49,1.28,1.27,0.0,7.9591,11.2025,5.86,Available
D0271,2025-04-01,58.53,51.03,0.46,1.26,1.24,0.0,9.1969,10.7423,5.48,Available
D0271,2025-05-01,50.55,49.8,0.41,1.23,1.21,0.85,7.8824,9.9638,4.96,Available
D0271,2025-06-01,50.96,48.61,0.43,1.19,1.18,0.0,7.9771,10.6042,5.15,Available
D0271,2025-07-01,49.38,47.45,0.4,1.16,1.15,0.0,8.4465,10.242,4.86,Available
D0271,2025-08-01,47.0,46.31,0.43,1.14,1.12,0.0,9.2019,11.0746,5.13,Available
D0271,2025-09-01,47.37,45.2,0.39,1.11,1.09,0.0,7.8314,10.3114,4.66,Available
D0271,2025-10-01,49.31,43.08,0.37,2.12,1.07,0.0,8.2368,10.3614,4.46,Available
D0271,2025-11-01,45.4,42.05,0.37,1.03,1.02,1.06,8.0393,10.487,4.41,Available
D0271,2025-12-01,43.38,41.04,0.37,1.01,0.99,0.0,8.5233,10.7894,4.43,Available
D0271,2026-01-01,44.2,40.06,0.38,0.98,0.97,0.0,9.1059,11.5229,4.62,Available
D0271,2026-02-01,40.59,39.1,0.34,0.96,0.95,0.0,8.45,10.4114,4.07,Available
D0271,2026-03-01,43.84,38.17,0.35,0.93,0.92,0.0,8.7012,10.8796,4.15,Available
D0271,2026-04-01,41.84,37.25,0.33,0.92,0.9,0.0,7.5798,10.6466,3.97,Available
D0271,2026-05-01,35.38,34.7,0.28,2.55,0.88,0.0,8.0341,9.5876,3.33,Available
D0272,2024-12-01,,,,,,,,,,Missing
D0272,2025-01-01,71.96,65.83,0.57,2.83,1.98,0.0,7.5449,10.4379,6.87,Available
D0272,2025-02-01,71.04,63.11,0.59,2.72,1.9,0.0,8.5826,11.1398,7.03,Reconciliation Required
D0272,2025-03-01,64.03,59.68,0.47,3.43,1.82,0.0,7.0531,9.3972,5.61,Available
D0272,2025-04-01,57.63,56.95,0.57,2.73,1.72,0.0,8.7265,12.0799,6.88,Available
D0272,2025-05-01,59.07,54.51,0.49,2.44,1.65,0.0,8.3362,10.7728,5.87,Available
D0272,2025-06-01,57.56,51.72,0.45,2.79,1.57,0.0,7.4069,10.4786,5.42,Available
D0272,2025-07-01,56.61,49.61,0.45,2.11,1.49,0.21,8.181,10.8639,5.39,Available
D0272,2025-08-01,50.77,47.52,0.43,2.09,1.43,0.0,7.8762,10.9161,5.19,Available
D0272,2025-09-01,48.95,45.37,0.44,2.15,1.37,0.0,8.6167,11.7258,5.32,Available
D0272,2025-10-01,45.08,43.59,0.43,1.78,1.31,0.0,8.212,11.7026,5.1,Available
D0272,2025-11-01,46.74,41.55,0.34,2.04,1.26,0.0,7.2983,9.7767,4.06,Available
D0272,2025-12-01,41.84,39.86,0.31,1.69,1.2,0.0,7.2384,9.3091,3.71,Available
D0272,2026-01-01,41.27,37.89,0.33,1.97,1.15,0.0,8.093,10.5989,4.02,Available
D0272,2026-02-01,39.86,36.16,0.3,1.73,1.09,0.0,6.9256,10.0844,3.65,Available
D0272,2026-03-01,36.24,34.59,0.35,1.57,1.04,0.0,8.5296,11.9763,4.14,Available
D0272,2026-04-01,34.8,32.78,0.31,1.81,1.0,0.0,7.8816,11.2821,3.7,Available
D0272,2026-05-01,33.6,31.18,0.28,1.6,0.95,0.0,7.7904,10.8138,3.37,Available
D0272,2026-06-01,32.37,29.62,0.27,1.56,0.9,0.0,8.3803,11.0287,3.27,Available
D0272,2026-07-01,31.19,28.18,0.21,1.44,0.86,0.0,7.4215,9.0508,2.55,Available
D0273,2024-04-01,351.12,326.88,3.26,13.61,10.23,0.0,9.5525,11.9738,39.14,Available
D0273,2024-05-01,354.49,315.22,3.02,11.66,9.83,0.0,9.2261,11.4842,36.2,Available
D0273,2024-06-01,333.75,301.71,3.04,13.51,9.48,0.0,9.4321,12.0725,36.42,Available
D0273,2024-07-01,317.67,289.65,3.22,12.06,9.07,0.0,10.7493,13.3496,38.67,Available
D0273,2024-08-01,,,,,,,,,,Incomplete
D0273,2024-09-01,279.22,269.0,2.76,10.59,8.4,0.0,10.1433,12.3237,33.15,Available
D0273,2024-10-01,284.56,247.74,2.6,21.26,8.09,0.0,9.5251,12.5941,31.2,Available
D0273,2024-11-01,,,,,,,,,,Missing
D0273,2024-12-01,247.93,224.61,2.56,8.38,7.0,0.0,10.204,13.6559,30.67,Available
D0273,2025-01-01,243.7,216.04,2.29,8.57,6.75,0.0,10.1952,12.7277,27.5,Available
D0273,2025-02-01,213.57,207.95,2.19,8.09,6.49,0.0,10.4794,12.6432,26.29,Available
D0273,2025-03-01,219.31,199.13,1.88,8.82,6.25,1.96,8.9009,11.3275,22.56,Available
D0273,2025-04-01,213.48,191.4,2.17,7.73,5.99,4.52,10.5298,13.6281,26.08,Available
D0273,2025-05-01,192.9,176.99,1.78,14.41,5.75,0.0,9.3723,12.0529,21.33,Available
D0273,2025-06-01,183.18,170.16,1.6,6.83,5.32,0.0,9.4186,11.2833,19.2,Available
D0273,2025-07-01,173.37,163.69,1.62,6.47,5.11,2.93,9.8273,11.8557,19.41,Available
D0273,2025-08-01,175.3,156.65,1.55,7.04,4.92,0.0,9.453,11.9021,18.64,Available
D0273,2025-09-01,158.52,150.22,1.69,6.43,4.71,0.0,10.4494,13.4855,20.26,Available
D0273,2025-10-01,152.55,144.18,1.62,6.04,4.52,0.22,10.4827,13.497,19.46,Available
D0273,2025-11-01,153.13,138.06,1.45,6.12,4.33,0.0,10.0652,12.6292,17.44,Available
D0273,2025-12-01,147.56,132.71,1.31,5.35,4.15,0.0,8.8508,11.8693,15.75,Available
D0273,2026-01-01,135.34,127.93,1.35,4.78,3.99,0.0,10.1949,12.6174,16.14,Available
D0273,2026-02-01,135.93,123.05,1.24,4.88,3.85,0.68,10.0322,12.0528,14.83,Available
D0273,2026-03-01,135.7,118.59,1.14,4.46,3.7,0.38,9.6438,11.4959,13.63,Available
D0273,2026-04-01,119.55,114.1,1.01,4.49,3.56,0.0,9.055,10.6315,12.13,Available
D0273,2026-05-01,112.62,109.33,1.24,4.77,3.43,0.71,10.757,13.5609,14.83,Available
D0273,2026-06-01,105.56,104.67,1.02,4.66,3.29,0.0,9.4324,11.7101,12.26,Available
D0273,2026-07-01,104.78,100.26,0.89,4.41,3.15,0.0,9.0963,10.7072,10.74,Available
D0274,2024-09-01,244.49,220.38,2.08,11.55,10.97,0.0,7.9592,11.3236,24.95,Available
D0274,2024-10-01,238.19,209.25,1.65,11.13,10.42,0.0,7.6202,9.4404,19.75,Available
D0274,2024-11-01,212.77,198.79,1.6,10.46,9.89,0.0,7.2617,9.643,19.17,Available
D0274,2024-12-01,216.97,189.02,1.46,9.77,9.4,0.0,6.8094,9.2578,17.5,Available
D0274,2025-01-01,198.45,179.5,1.29,9.52,8.94,0.0,6.4891,8.6404,15.51,Available
D0274,2025-02-01,190.34,170.5,1.43,9.0,8.49,0.0,8.0954,10.09,17.2,Available
D0274,2025-03-01,172.41,162.18,1.5,8.32,8.06,0.0,7.9599,11.0906,17.99,Available
D0274,2025-04-01,165.4,154.25,1.28,7.93,7.67,0.0,7.7757,9.9951,15.42,Available
D0274,2025-05-01,154.78,146.55,1.31,7.7,7.29,0.0,8.0044,10.7552,15.76,Available
D0274,2025-06-01,146.97,139.35,1.27,7.2,6.93,0.0,7.4785,10.9539,15.26,Available
D0274,2025-07-01,138.99,132.56,1.05,6.79,6.59,0.0,6.5842,9.4658,12.55,Available
D0274,2025-08-01,140.67,126.14,1.17,6.42,6.27,0.0,8.3385,11.1723,14.09,Available
D0274,2025-09-01,135.16,119.81,0.94,6.33,5.96,2.87,7.6364,9.4238,11.29,Available
D0274,2025-10-01,124.96,113.88,1.04,5.93,5.67,0.0,7.6485,10.9594,12.48,Available
D0274,2025-11-01,114.83,108.14,0.82,5.74,5.38,0.0,6.649,9.1467,9.89,Available
D0274,2025-12-01,102.99,102.84,0.77,5.3,5.11,0.0,7.3102,9.0156,9.27,Available
D0274,2026-01-01,111.34,97.65,0.88,5.19,4.86,0.0,8.2514,10.8441,10.59,Available
D0274,2026-02-01,100.4,92.84,0.86,4.81,4.62,0.98,8.2989,11.1542,10.36,Available
D0274,2026-03-01,95.14,87.35,0.68,5.49,4.39,1.46,6.9891,9.33,8.15,Available
D0274,2026-04-01,92.7,83.08,0.73,4.27,4.13,0.0,7.9257,10.4885,8.71,Available
D0274,2026-05-01,82.9,78.98,0.62,4.1,3.93,0.0,7.082,9.3593,7.39,Available
D0274,2026-06-01,77.7,75.12,0.57,3.86,3.73,0.0,6.8625,9.1793,6.9,Available
D0274,2026-07-01,81.25,71.4,0.57,3.72,3.55,0.0,6.6194,9.5042,6.79,Available
D0275,2025-11-01,21.51,20.01,0.23,0.56,0.52,0.0,10.6565,13.9286,2.79,Available
D0275,2025-12-01,22.12,19.47,0.18,0.54,0.5,0.0,9.8694,11.3867,2.22,Available
D0275,2026-01-01,,,,,,,,,,Missing
D0275,2026-02-01,21.13,18.43,0.19,0.51,0.48,0.0,9.895,12.2968,2.27,Available
D0275,2026-03-01,19.45,17.95,0.18,0.48,0.46,0.0,10.4358,12.1655,2.18,Available
D0275,2026-04-01,18.63,17.47,0.18,0.48,0.45,0.0,10.1983,12.1083,2.12,Available
D0275,2026-05-01,17.88,17.0,0.18,0.47,0.44,0.0,9.575,12.441,2.11,Available
D0275,2026-06-01,18.92,16.54,0.17,0.46,0.43,0.0,9.8065,12.3769,2.05,Available
D0275,2026-07-01,17.43,16.07,0.15,0.47,0.42,0.0,9.2324,11.2187,1.8,Available
D0276,2026-02-01,90.66,87.08,0.97,3.14,2.29,0.0,11.4013,13.3458,11.62,Available
D0276,2026-03-01,95.86,84.15,0.88,2.93,2.21,0.0,9.8456,12.5873,10.59,Available
D0276,2026-04-01,91.24,80.94,0.89,3.21,2.14,0.0,10.3747,13.2123,10.69,Available
D0276,2026-05-01,81.71,77.93,0.87,3.01,2.06,0.0,10.0021,13.3384,10.39,Available
D0276,2026-06-01,,,,,,,,,,Missing
D0276,2026-07-01,76.02,72.85,0.87,2.51,1.92,0.0,11.0055,14.3566,10.46,Available
D0277,2024-08-01,281.1,278.79,2.72,9.12,6.84,0.0,8.4461,11.7128,32.65,Available
D0277,2024-09-01,283.7,268.84,2.38,9.95,6.63,0.0,7.3571,10.6107,28.53,Available
D0277,2024-10-01,298.41,259.57,2.27,9.27,6.39,0.0,7.8566,10.4972,27.25,Available
D0277,2024-11-01,272.15,251.06,2.02,8.51,6.17,0.0,7.1075,9.6582,24.25,Available
D0277,2024-12-01,270.96,242.36,2.2,8.7,5.97,0.0,7.8359,10.8924,26.4,Available
D0277,2025-01-01,241.21,233.52,1.99,8.84,5.76,0.0,7.764,10.2017,23.82,Available
D0277,2025-02-01,241.7,224.85,1.82,8.67,5.55,0.0,8.1704,9.7249,21.87,Available
D0277,2025-03-01,238.85,216.56,1.87,8.29,5.34,6.34,7.3581,10.3663,22.45,Available
D0277,2025-04-01,236.52,207.15,1.89,9.41,5.15,0.0,8.659,10.9585,22.7,Available
D0277,2025-05-01,212.05,198.88,1.51,8.27,4.92,0.0,7.5675,9.1019,18.1,Available
D0277,2025-06-01,202.34,192.37,1.79,6.51,4.73,0.0,8.6446,11.1782,21.5,Available
D0277,2025-07-01,189.89,186.5,1.53,5.87,4.57,0.0,7.4643,9.815,18.3,Available
D0277,2025-08-01,192.01,180.06,1.56,6.44,4.43,0.0,7.0255,10.4167,18.76,Available
D0277,2025-09-01,187.45,173.09,1.58,6.97,4.28,0.0,7.7594,10.9521,18.96,Available
D0277,2025-10-01,184.61,165.61,1.5,7.48,4.11,0.0,7.9503,10.874,18.01,Available
D0277,2025-11-01,162.2,158.82,1.46,6.79,3.94,0.0,8.2625,11.0158,17.5,Available
D0277,2025-12-01,152.73,152.18,1.39,6.64,3.78,0.0,8.0331,10.9295,16.63,Available
D0277,2026-01-01,144.24,141.97,1.25,10.21,3.62,0.0,8.8103,10.5673,15.0,Available
D0277,2026-02-01,156.65,137.21,1.09,4.76,3.37,0.0,7.0775,9.5445,13.1,Available
D0277,2026-03-01,152.11,132.64,1.01,4.57,3.26,0.0,7.3982,9.1215,12.1,Available
D0277,2026-04-01,145.38,128.32,1.01,4.32,3.15,0.0,7.9811,9.4861,12.17,Available
D0277,2026-05-01,133.83,123.47,0.97,4.85,3.05,0.0,7.8786,9.4453,11.66,Available
D0277,2026-06-01,121.11,118.91,0.95,4.56,2.93,0.0,7.0732,9.605,11.42,Available
D0277,2026-07-01,123.18,114.99,1.1,3.92,2.83,0.0,8.1125,11.4811,13.2,Available
D0278,2024-04-01,322.4,307.7,2.6,15.8,10.07,7.3,6.9988,10.1206,31.14,Available
D0278,2024-05-01,292.09,291.57,2.06,16.13,9.58,0.0,6.2621,8.4697,24.7,Available
D0278,2024-06-01,300.84,277.98,2.14,13.59,9.08,0.0,6.278,9.2528,25.72,Reconciliation Required
D0278,2024-07-01,,,,,,,,,,Incomplete
D0278,2024-08-01,257.58,251.8,2.06,12.12,8.22,0.0,7.282,9.8348,24.76,Available
D0278,2024-09-01,275.45,241.53,1.81,10.27,7.84,0.0,6.0016,8.9719,21.67,Available
D0278,2024-10-01,254.19,230.65,1.65,10.88,7.52,0.0,6.2378,8.594,19.82,Available
D0278,2024-11-01,229.22,219.84,1.59,10.81,7.18,0.0,6.7065,8.6684,19.06,Available
D0278,2024-12-01,219.66,209.13,1.86,10.71,6.85,0.0,7.4971,10.6556,22.28,Available
D0278,2025-01-01,222.79,196.96,1.29,12.17,6.51,0.0,6.3276,7.8738,15.51,Available
D0278,2025-02-01,193.25,186.48,1.32,10.48,6.13,0.0,6.366,8.4815,15.82,Available
D0278,2025-03-01,202.24,177.71,1.38,8.77,5.81,0.0,5.9312,9.3221,16.57,Available
D0278,2025-04-01,172.5,168.34,1.23,9.37,5.53,0.0,6.9942,8.7744,14.77,Available
D0278,2025-05-01,164.73,159.1,1.39,9.24,5.24,0.0,7.5032,10.4623,16.65,Available
D0278,2025-06-01,164.75,150.4,1.16,8.7,4.95,0.0,7.212,9.2563,13.92,Available
D0278,2025-07-01,159.01,142.54,1.16,7.86,4.68,0.0,7.0844,9.7993,13.97,Available
D0278,2025-08-01,153.9,136.08,1.18,6.46,4.44,2.9,7.5436,10.4466,14.22,Available
D0278,2025-09-01,134.45,128.36,0.9,7.72,4.24,0.0,6.5884,8.4198,10.81,Available
D0278,2025-10-01,138.74,121.51,1.03,6.85,4.0,0.0,7.4781,10.1372,12.32,Available
D0278,2025-11-01,126.6,111.38,0.84,10.13,3.78,2.97,5.6407,9.0592,10.09,Available
D0278,2025-12-01,115.71,105.01,0.85,6.37,3.47,0.0,6.9919,9.6974,10.18,Available
D0278,2026-01-01,114.98,100.04,0.78,4.97,3.27,0.0,7.0578,9.3755,9.38,Available
D0278,2026-02-01,101.32,95.55,0.68,4.49,3.12,0.0,6.7366,8.4911,8.11,Available
D0278,2026-03-01,95.81,90.97,0.71,4.58,2.98,0.0,6.0682,9.341,8.5,Available
D0278,2026-04-01,86.79,86.02,0.62,4.95,2.83,0.0,7.0198,8.594,7.39,Available
D0278,2026-05-01,82.82,81.72,0.58,4.3,2.68,0.0,5.7725,8.5766,7.01,Available
D0278,2026-06-01,88.65,77.66,0.6,4.06,2.54,0.0,7.0245,9.2898,7.21,Available
D0278,2026-07-01,82.63,73.3,0.49,4.36,2.42,0.0,5.7867,7.9526,5.83,Available
D0279,2024-06-01,182.35,167.3,1.8,5.07,4.8,0.0,10.1595,12.9252,21.62,Available
D0279,2024-07-01,181.63,162.21,1.76,5.09,4.66,1.25,9.8403,13.0189,21.12,Available
D0279,2024-08-01,168.91,157.45,1.81,4.76,4.52,0.0,11.0709,13.7608,21.67,Available
D0279,2024-09-01,161.88,152.89,1.63,4.56,4.39,0.0,10.7753,12.7684,19.52,Available
D0279,2024-10-01,166.27,148.42,1.4,4.47,4.26,0.0,9.8198,11.3247,16.81,Available
D0279,2024-11-01,161.11,143.91,1.4,4.51,4.14,0.0,9.6342,11.6747,16.8,Available
D0279,2024-12-01,141.52,139.71,1.48,4.2,4.01,0.0,10.5089,12.6919,17.73,Available
D0279,2025-01-01,154.5,135.43,1.53,4.28,3.89,0.0,10.9834,13.5501,18.35,Available
D0279,2025-02-01,134.02,131.41,1.3,4.02,3.78,0.0,9.826,11.8723,15.6,Available
D0279,2025-03-01,137.86,127.51,1.43,3.9,3.66,0.0,11.1467,13.4506,17.15,Available
D0279,2025-04-01,131.83,123.69,1.26,3.82,3.55,0.0,9.3147,12.2089,15.1,Available
D0279,2025-05-01,131.21,120.07,1.17,3.62,3.45,0.0,9.7755,11.6442,13.98,Available
D0279,2025-06-01,120.68,116.36,1.18,3.71,3.35,0.0,10.3466,12.1633,14.15,Available
D0279,2025-07-01,118.59,112.9,1.3,3.46,3.24,1.45,10.5772,13.8414,15.63,Available
D0279,2025-08-01,125.44,109.51,1.17,3.39,3.15,0.0,10.5742,12.8438,14.07,Available
D0279,2025-09-01,115.91,106.24,1.0,3.27,3.05,0.0,9.2087,11.2878,11.99,Available
D0279,2025-10-01,116.55,103.15,0.96,3.09,2.96,0.0,9.3903,11.2043,11.56,Available
D0279,2025-11-01,100.04,99.97,1.08,3.18,2.88,0.0,9.53,12.9579,12.95,Available
D0279,2025-12-01,99.75,97.03,0.95,2.94,2.79,0.0,9.8677,11.7862,11.44,Available
D0279,2026-01-01,100.51,94.15,0.98,2.88,2.7,0.0,10.7472,12.4618,11.73,Available
D0279,2026-02-01,,,,,,,,,,Missing
D0279,2026-03-01,92.11,86.92,0.91,2.74,2.5,0.0,10.9683,12.4997,10.86,Available
D0279,2026-04-01,95.27,84.26,0.94,2.66,2.42,0.0,10.0845,13.3219,11.23,Available
D0279,2026-05-01,83.08,81.73,0.84,2.53,2.35,1.58,10.4293,12.3172,10.07,Available
D0279,2026-06-01,84.97,79.21,0.78,2.52,2.28,0.0,10.0716,11.7601,9.32,Available
D0279,2026-07-01,81.82,76.9,0.86,2.31,2.21,0.0,11.117,13.3722,10.28,Available
D0280,2025-08-01,162.71,141.69,1.45,7.44,5.22,0.0,9.9989,12.3197,17.46,Available
D0280,2025-09-01,154.11,135.19,1.4,6.5,4.96,0.0,10.6218,12.3855,16.74,Available
D0280,2025-10-01,141.5,129.08,1.33,6.11,4.73,0.57,9.9834,12.3359,15.92,Available
D0280,2025-11-01,123.18,121.77,1.41,7.31,4.52,0.46,11.7793,13.8575,16.87,Available
D0280,2025-12-01,126.94,114.74,1.23,7.03,4.26,0.0,10.5968,12.8862,14.79,Available
D0280,2026-01-01,125.34,109.62,1.14,5.12,4.02,0.0,10.6149,12.4828,13.68,Available
D0280,2026-02-01,112.78,104.08,1.2,5.54,3.84,0.67,10.7953,13.8209,14.38,Available
D0280,2026-03-01,100.8,97.92,1.01,6.16,3.64,0.0,9.9924,12.4345,12.18,Available
D0280,2026-04-01,100.6,92.05,1.0,5.87,3.43,0.0,11.5046,13.0404,12.0,Available
D0280,2026-05-01,90.55,85.45,0.9,6.6,3.22,0.0,10.4221,12.7044,10.86,Available
D0280,2026-06-01,91.85,81.73,0.91,3.72,2.99,0.0,11.3309,13.4017,10.95,Reconciliation Required
D0280,2026-07-01,80.25,77.56,0.82,4.17,2.86,0.0,10.8407,12.6843,9.84,Available
D0281,2024-10-01,244.72,222.35,2.57,6.51,6.15,0.0,11.2442,13.894,30.89,Available
D0281,2024-11-01,223.77,215.72,2.45,6.63,5.97,0.0,10.4047,13.6117,29.36,Available
D0281,2024-12-01,211.93,209.25,2.24,6.47,5.79,0.0,10.8543,12.8237,26.83,Available
D0281,2025-01-01,227.79,203.0,2.05,6.25,5.62,0.0,10.4978,12.1127,24.59,Available
D0281,2025-02-01,226.21,197.04,2.14,5.96,5.45,0.0,10.733,13.0326,25.68,Available
D0281,2025-03-01,191.9,191.41,2.0,5.63,5.29,0.0,10.3129,12.5439,24.01,Available
D0281,2025-04-01,199.83,185.89,2.29,5.52,5.14,0.0,11.5126,14.7616,27.44,Available
D0281,2025-05-01,183.24,180.67,2.17,5.22,4.99,0.0,11.3589,14.438,26.09,Available
D0281,2025-06-01,181.49,175.27,1.97,5.4,4.85,3.72,11.5853,13.4712,23.61,Available
D0281,2025-07-01,178.18,170.2,1.87,5.07,4.71,0.0,11.5532,13.1507,22.38,Available
D0281,2025-08-01,188.26,165.08,1.71,5.12,4.57,4.55,10.9362,12.4505,20.55,Reconciliation Required
D0281,2025-09-01,169.72,160.39,1.62,4.69,4.43,0.0,10.4559,12.1104,19.42,Available
D0281,2025-10-01,176.71,155.61,1.68,4.78,4.31,1.08,10.8317,12.9174,20.1,Available
D0281,2025-11-01,153.15,146.66,1.76,8.95,4.18,0.0,11.3478,14.4357,21.17,Available
D0281,2025-12-01,147.69,136.36,1.42,10.3,3.94,0.0,10.3163,12.5403,17.1,Available
D0281,2026-01-01,141.75,126.42,1.38,9.94,3.66,0.0,10.7639,13.1459,16.62,Available
D0281,2026-02-01,137.58,122.84,1.24,3.58,3.39,0.0,10.3938,12.0679,14.82,Available
D0281,2026-03-01,133.77,119.34,1.44,3.5,3.3,0.0,11.5337,14.4428,17.24,Available
D0281,2026-04-01,116.16,115.78,1.33,3.56,3.2,0.19,10.7616,13.7466,15.92,Available
D0281,2026-05-01,123.7,112.49,1.2,3.29,3.11,0.0,10.7094,12.7845,14.38,Available
D0282,2024-04-01,21.3,19.49,0.17,0.89,0.76,0.0,7.9225,10.6706,2.08,Available
D0282,2024-05-01,20.06,18.59,0.16,0.9,0.73,0.0,8.8625,10.6065,1.97,Available
D0282,2024-06-01,18.06,17.75,0.17,0.84,0.7,0.0,8.6018,11.7162,2.08,Available
D0282,2024-07-01,17.24,16.95,0.18,0.8,0.66,0.0,9.4382,12.6697,2.15,Available
D0282,2024-08-01,18.66,16.24,0.15,0.71,0.63,0.0,8.2466,10.7481,1.75,Available
D0282,2024-09-01,15.63,15.46,0.13,0.78,0.61,0.0,8.3044,10.2122,1.58,Available
D0282,2024-10-01,16.23,14.72,0.15,0.74,0.58,0.0,8.5033,11.8474,1.74,Available
D0282,2024-11-01,15.64,14.08,0.14,0.64,0.55,0.0,9.543,11.7468,1.65,Available
D0282,2024-12-01,,,,,,,,,,Missing
D0282,2025-01-01,13.05,12.83,0.13,0.64,0.5,0.0,9.2374,12.4911,1.6,Available
D0282,2025-02-01,13.78,12.26,0.11,0.57,0.48,0.0,8.3207,10.8654,1.33,Available
D0282,2025-03-01,12.48,11.74,0.12,0.52,0.46,0.17,8.8886,12.2986,1.44,Available
D0282,2025-04-01,,,,,,,,,,Missing
D0282,2025-05-01,11.61,10.72,0.1,0.53,0.42,0.0,8.2308,11.4771,1.23,Available
D0282,2025-06-01,11.26,10.21,0.09,0.51,0.4,0.0,9.0897,11.1322,1.14,Available
D0282,2025-07-01,10.43,9.74,0.1,0.47,0.38,0.0,9.4058,12.6629,1.23,Available
D0282,2025-08-01,9.48,9.3,0.08,0.44,0.36,0.0,7.8309,10.3872,0.97,Available
D0282,2025-09-01,9.47,8.91,0.08,0.39,0.35,0.08,8.1653,11.2585,1.0,Available
D0282,2025-10-01,8.64,8.52,0.08,0.39,0.33,0.0,7.7672,10.8851,0.93,Available
D0282,2025-11-01,9.05,8.13,0.07,0.39,0.32,0.1,9.0128,10.6421,0.87,Available
D0282,2025-12-01,8.46,7.78,0.08,0.35,0.3,0.02,8.7837,12.0161,0.93,Available
D0282,2026-01-01,8.42,7.44,0.07,0.34,0.29,0.0,9.074,10.7663,0.8,Available
D0282,2026-02-01,8.02,7.08,0.07,0.36,0.28,0.14,9.0688,11.4194,0.81,Available
D0282,2026-03-01,7.28,6.79,0.05,0.29,0.26,0.11,7.9543,9.5453,0.65,Available
D0282,2026-04-01,7.25,6.47,0.06,0.32,0.25,0.0,8.8985,10.6215,0.69,Available
D0282,2026-05-01,6.42,6.16,0.06,0.31,0.24,0.0,9.0046,12.2219,0.75,Available
D0282,2026-06-01,6.47,5.89,0.05,0.27,0.23,0.0,8.2457,10.4879,0.62,Available
D0282,2026-07-01,5.98,5.62,0.05,0.27,0.22,0.0,8.6944,10.382,0.58,Available
D0283,2025-07-01,4.87,4.65,0.05,0.23,0.21,0.0,9.7152,12.8092,0.6,Available
D0283,2025-08-01,4.79,4.44,0.05,0.21,0.2,0.0,10.9548,13.9501,0.62,Available
D0283,2025-09-01,4.35,4.24,0.05,0.2,0.19,0.0,11.0843,13.8246,0.59,Available
D0283,2025-10-01,,,,,,,,,,Incomplete
D0283,2025-11-01,3.89,3.86,0.04,0.18,0.17,0.0,10.8134,13.1098,0.51,Available
D0283,2025-12-01,4.2,3.68,0.04,0.18,0.17,0.0,10.7762,12.4301,0.46,Available
D0283,2026-01-01,3.98,3.51,0.04,0.17,0.16,0.0,9.74,12.6873,0.45,Available
D0283,2026-02-01,3.36,3.35,0.04,0.16,0.15,0.0,9.8278,13.1127,0.44,Available
D0283,2026-03-01,3.55,3.19,0.03,0.16,0.14,0.0,10.1154,12.0182,0.38,Available
D0283,2026-04-01,3.39,3.04,0.03,0.15,0.14,0.03,10.8409,13.4497,0.41,Available
D0283,2026-05-01,3.05,2.9,0.03,0.14,0.13,0.0,10.3397,12.8364,0.37,Available
D0283,2026-06-01,2.81,2.76,0.03,0.14,0.13,0.0,9.2343,12.5181,0.35,Available
D0283,2026-07-01,2.89,2.63,0.03,0.13,0.12,0.01,10.5615,12.4104,0.33,Available
D0284,2025-08-01,236.26,214.5,2.04,8.41,7.77,0.0,8.3202,11.3889,24.43,Available
D0284,2025-09-01,221.54,206.63,1.68,7.87,7.47,0.0,7.8014,9.7783,20.2,Available
D0284,2025-10-01,200.25,198.75,1.53,7.88,7.2,0.0,7.4471,9.234,18.35,Available
D0284,2025-11-01,218.7,191.36,1.46,7.39,6.92,0.0,6.9862,9.1462,17.5,Available
D0284,2025-12-01,190.66,176.19,1.51,15.17,6.67,0.0,7.3018,10.2802,18.11,Available
D0284,2026-01-01,181.8,169.39,1.57,6.8,6.14,0.0,8.0892,11.1566,18.9,Available
D0284,2026-02-01,179.74,163.08,1.33,6.31,5.9,0.0,7.4263,9.7709,15.93,Available
D0284,2026-03-01,172.11,157.11,1.48,5.97,5.68,0.0,8.4727,11.2921,17.74,Available
D0284,2026-04-01,166.67,151.32,1.47,5.79,5.47,0.0,8.3046,11.6957,17.7,Available
D0284,2026-05-01,152.02,145.72,1.3,5.6,5.27,0.0,7.6295,10.6819,15.57,Available
D0284,2026-06-01,143.97,140.39,1.21,5.33,5.08,0.0,8.4278,10.3841,14.58,Available
D0284,2026-07-01,144.72,135.1,1.14,5.29,4.89,0.0,6.907,10.1272,13.68,Reconciliation Required
D0285,2024-06-01,51.16,49.63,0.49,3.67,1.55,0.0,8.464,11.8816,5.9,Available
D0285,2024-07-01,49.15,47.82,0.46,1.81,1.45,0.0,8.5885,11.5697,5.53,Available
D0285,2024-08-01,47.84,43.74,0.42,4.08,1.39,0.0,9.3273,11.5721,5.06,Available
D0285,2024-09-01,46.85,41.98,0.41,1.76,1.27,0.0,9.0229,11.6411,4.89,Available
D0285,2024-10-01,45.4,40.51,0.41,1.47,1.22,0.0,8.92,12.1958,4.94,Available
D0285,2024-11-01,41.37,39.05,0.38,1.46,1.18,0.0,8.8777,11.5274,4.5,Available
D0285,2024-12-01,37.6,37.51,0.4,1.54,1.14,0.0,9.2434,12.7108,4.77,Available
D0285,2025-01-01,38.76,35.8,0.35,1.71,1.09,0.56,8.5119,11.8463,4.24,Available
D0285,2025-02-01,38.36,34.5,0.32,1.3,1.04,0.0,8.5977,11.227,3.87,Available
D0285,2025-03-01,35.55,33.16,0.29,1.34,1.01,0.0,8.3986,10.4593,3.47,Available
D0285,2025-04-01,32.03,31.7,0.28,1.46,0.97,0.0,8.7474,10.6858,3.39,Available
D0285,2025-05-01,33.69,30.31,0.27,1.39,0.92,0.0,8.6063,10.576,3.21,Available
D0285,2025-06-01,32.16,29.25,0.29,1.06,0.88,0.0,9.2332,12.0225,3.52,Available
D0285,2025-07-01,29.78,27.97,0.24,1.28,0.85,0.0,8.6425,10.2807,2.88,Available
D0285,2025-08-01,27.95,26.96,0.23,1.01,0.81,0.0,8.7329,10.284,2.77,Available
D0285,2025-09-01,26.28,25.98,0.27,0.98,0.79,0.0,9.7593,12.2451,3.18,Available
D0285,2025-10-01,25.19,24.83,0.22,1.15,0.76,0.0,8.9157,10.4707,2.6,Available
D0285,2025-11-01,24.38,23.92,0.21,0.91,0.72,0.0,8.2501,10.4922,2.51,Available
D0285,2025-12-01,23.29,22.85,0.23,1.07,0.7,0.0,9.3225,12.208,2.79,Available
D0285,2026-01-01,22.17,21.97,0.22,0.88,0.67,0.0,8.4618,11.8038,2.59,Available
D0285,2026-02-01,21.81,21.12,0.23,0.85,0.64,0.0,10.1718,13.1048,2.77,Available
D0285,2026-03-01,20.62,20.14,0.21,0.98,0.62,0.0,10.1715,12.5721,2.53,Available
D0285,2026-04-01,19.33,19.26,0.19,0.88,0.59,0.0,8.5946,12.034,2.32,Available
D0285,2026-05-01,20.1,18.43,0.15,0.83,0.56,0.0,8.263,9.9604,1.84,Available
D0286,2025-05-01,311.51,272.6,2.33,20.63,12.92,0.0,7.9046,10.2755,28.01,Available
D0286,2025-06-01,262.69,252.7,2.37,19.9,12.01,0.0,8.3011,11.2594,28.45,Available
D0286,2025-07-01,241.99,238.95,1.75,13.75,11.14,0.0,6.5445,8.7676,20.95,Available
D0286,2025-08-01,224.72,224.4,2.05,14.55,10.53,0.0,7.4913,10.9652,24.61,Available
D0286,2025-09-01,231.12,212.13,1.69,12.27,9.89,0.0,6.8622,9.565,20.29,Available
D0286,2025-10-01,193.87,192.91,1.5,19.22,9.35,0.0,7.2047,9.3111,17.96,Available
D0286,2025-11-01,201.74,180.53,1.58,12.38,8.5,0.0,7.3182,10.504,18.96,Available
D0286,2025-12-01,191.9,169.31,1.13,11.22,7.96,0.0,6.5075,8.0346,13.6,Available
D0286,2026-01-01,171.87,159.25,1.38,10.06,7.46,0.0,7.9562,10.3801,16.53,Reconciliation Required
D0286,2026-02-01,154.72,148.44,1.29,10.81,7.02,0.0,8.1192,10.4318,15.48,Available
D0286,2026-03-01,147.59,138.8,1.13,9.64,6.54,0.0,7.61,9.7425,13.52,Available
D0286,2026-04-01,128.95,126.82,1.24,11.98,6.12,0.0,8.3018,11.7773,14.94,Available
D0286,2026-05-01,129.74,119.74,0.93,7.08,5.59,0.0,7.0975,9.3432,11.19,Available
D0286,2026-06-01,119.37,111.99,1.08,7.75,5.28,0.0,8.2423,11.6225,13.02,Available
D0286,2026-07-01,111.63,104.12,0.87,7.87,4.94,0.0,7.1961,10.0636,10.48,Available
D0287,2025-07-01,97.02,96.44,0.72,6.6,4.55,0.0,7.2537,8.9567,8.64,Available
D0287,2025-08-01,97.43,90.99,0.84,5.45,4.25,0.0,8.6767,11.0938,10.09,Available
D0287,2025-09-01,90.6,85.72,0.75,5.27,4.01,0.0,8.412,10.497,9.0,Available
D0287,2025-10-01,88.94,80.67,0.6,5.05,3.78,0.0,7.1149,8.9749,7.24,Available
D0287,2025-11-01,85.2,75.5,0.67,5.17,3.56,0.0,7.3747,10.6083,8.01,Available
D0287,2025-12-01,78.52,70.41,0.6,5.09,3.33,0.0,7.4282,10.2896,7.24,Available
D0287,2026-01-01,75.67,65.98,0.6,4.43,3.11,0.0,8.0049,10.939,7.22,Available
D0287,2026-02-01,70.69,61.53,0.57,4.45,2.91,0.0,7.8595,11.2012,6.89,Available
D0287,2026-03-01,,,,,,,,,,Incomplete
D0287,2026-04-01,59.43,54.82,0.53,3.47,2.57,0.0,8.6107,11.6083,6.36,Available
D0287,2026-05-01,54.53,51.46,0.43,3.36,2.42,0.0,7.9668,9.9546,5.12,Available
D0287,2026-06-01,51.3,48.04,0.45,3.42,2.27,0.0,7.7757,11.1262,5.35,Available
D0287,2026-07-01,48.39,45.3,0.42,2.74,2.12,0.0,7.7942,11.0042,4.98,Available
D0288,2025-06-01,201.95,181.44,1.8,8.82,6.22,0.0,8.4998,11.9006,21.59,Available
D0288,2025-07-01,180.32,173.72,1.58,7.72,5.93,0.0,8.6204,10.8815,18.9,Available
D0288,2025-08-01,185.51,164.63,1.53,9.09,5.68,0.0,8.4795,11.1382,18.34,Available
D0288,2025-09-01,156.99,156.38,1.45,8.25,5.38,0.0,8.455,11.1053,17.37,Available
D0288,2025-10-01,163.14,148.22,1.27,8.16,5.11,0.0,7.5679,10.2503,15.19,Available
D0288,2025-11-01,151.07,140.9,1.2,7.32,4.85,0.0,7.7798,10.2347,14.42,Available
D0288,2025-12-01,131.5,128.89,1.26,12.01,4.61,0.0,8.4139,11.7644,15.16,Available
D0288,2026-01-01,120.41,119.77,1.15,9.12,4.22,0.0,8.7858,11.5212,13.8,Available
D0288,2026-02-01,119.89,113.58,1.0,6.19,3.92,0.0,8.4334,10.5809,12.02,Available
D0288,2026-03-01,120.41,108.49,0.95,5.09,3.71,3.04,8.2509,10.4648,11.35,Available
D0288,2026-04-01,106.55,102.82,0.87,5.67,3.55,0.0,7.8443,10.1643,10.45,Available
D0288,2026-05-01,106.44,98.12,0.73,4.7,3.36,0.0,7.3843,8.9371,8.77,Available
D0288,2026-06-01,99.51,90.98,0.73,7.14,3.21,0.0,7.8825,9.644,8.77,Available
D0288,2026-07-01,87.8,87.01,0.79,3.97,2.98,0.0,8.335,10.9476,9.53,Available
D0289,2024-10-01,315.1,314.02,2.92,19.41,13.84,0.0,8.015,11.1488,35.01,Available
D0289,2024-11-01,317.04,297.61,2.92,16.41,13.04,0.0,8.7076,11.7633,35.01,Available
D0289,2024-12-01,290.94,282.61,2.78,15.0,12.36,5.09,8.3324,11.8087,33.37,Available
D0289,2025-01-01,278.09,269.05,2.41,13.56,11.73,0.0,8.3761,10.7408,28.9,Available
D0289,2025-02-01,291.71,253.87,2.36,15.18,11.17,0.0,9.4236,11.1359,28.27,Available
D0289,2025-03-01,242.45,241.66,2.27,12.21,10.54,0.0,8.6193,11.2832,27.27,Available
D0289,2025-04-01,249.72,228.9,2.1,12.76,10.03,0.0,9.2915,10.9897,25.16,Available
D0289,2025-05-01,231.97,216.44,1.96,12.46,9.5,0.0,8.9608,10.8771,23.54,Available
D0289,2025-06-01,222.68,204.87,1.99,11.57,8.99,0.0,8.4809,11.6306,23.83,Available
D0289,2025-07-01,217.82,192.92,1.72,11.95,8.51,0.0,8.3176,10.682,20.61,Available
D0289,2025-08-01,200.41,182.04,1.95,10.88,8.01,0.0,9.9724,12.8658,23.42,Available
D0289,2025-09-01,179.23,171.5,1.61,10.54,7.56,0.0,8.5915,11.2362,19.27,Available
D0289,2025-10-01,177.99,163.3,1.65,8.2,7.12,0.0,9.6686,12.0929,19.75,Available
D0289,2025-11-01,155.39,154.75,1.4,8.55,6.78,0.0,8.0254,10.8324,16.76,Available
D0289,2025-12-01,168.0,147.01,1.48,7.74,6.43,0.0,9.8609,12.0958,17.78,Available
D0289,2026-01-01,144.93,138.89,1.5,8.12,6.1,0.0,9.5463,12.9412,17.97,Available
D0289,2026-02-01,150.85,131.22,1.23,7.67,5.77,0.0,8.2564,11.2481,14.76,Available
D0289,2026-03-01,135.9,124.2,1.09,7.02,5.45,0.0,8.541,10.5236,13.07,Available
D0289,2026-04-01,125.78,117.85,0.97,6.35,5.16,0.0,8.0177,9.8763,11.64,Available
D0289,2026-05-01,113.99,111.34,1.04,6.51,4.89,0.0,9.5713,11.2205,12.49,Available
D0289,2026-06-01,109.36,104.98,1.03,6.36,4.62,0.0,9.093,11.8056,12.39,Available
D0289,2026-07-01,105.11,99.24,0.99,5.74,4.36,0.0,9.4878,11.9195,11.83,Available
D0290,2024-10-01,57.68,55.45,0.58,2.72,2.14,0.0,9.898,12.5368,6.95,Available
D0290,2024-11-01,56.68,52.74,0.56,2.71,2.04,0.7,10.2171,12.6774,6.69,Available
D0290,2024-12-01,56.55,50.11,0.55,2.63,1.94,0.0,10.3438,13.2537,6.64,Available
D0290,2025-01-01,49.88,47.86,0.55,2.25,1.84,0.0,10.603,13.7727,6.59,Available
D0290,2025-02-01,47.47,45.66,0.5,2.2,1.76,0.0,10.9485,13.0198,5.94,Available
D0290,2025-03-01,45.61,43.77,0.51,1.89,1.68,0.0,10.9607,14.0119,6.13,Available
D0290,2025-04-01,43.69,41.86,0.48,1.91,1.61,0.53,10.3544,13.7007,5.74,Available
D0290,2025-05-01,40.2,39.82,0.42,2.04,1.54,0.0,10.811,12.7291,5.07,Available
D0290,2025-06-01,39.13,37.85,0.41,1.97,1.46,0.0,10.4912,12.877,4.87,Available
D0290,2025-07-01,41.33,36.0,0.38,1.85,1.39,0.0,9.7822,12.7139,4.58,Available
D0290,2025-08-01,37.0,34.42,0.34,1.58,1.32,0.47,10.4003,11.9558,4.12,Available
D0290,2025-09-01,35.18,32.94,0.33,1.48,1.26,0.99,9.5301,11.9207,3.93,Available
D0290,2025-10-01,31.43,31.4,0.38,1.54,1.21,0.0,11.0631,14.3344,4.5,Available
D0290,2025-11-01,32.3,29.83,0.35,1.57,1.15,0.0,11.0765,14.1743,4.23,Available
D0290,2025-12-01,28.34,28.34,0.26,1.49,1.1,0.0,9.4371,10.9682,3.11,Available
D0290,2026-01-01,27.24,27.03,0.3,1.31,1.04,0.0,10.0429,13.396,3.62,Available
D0290,2026-02-01,26.91,25.84,0.25,1.19,0.99,0.19,10.145,11.7279,3.03,Available
D0290,2026-03-01,25.88,24.76,0.22,1.08,0.95,0.0,9.2422,10.8073,2.68,Available
D0290,2026-04-01,26.94,23.53,0.24,1.23,0.91,0.5,10.0857,12.2417,2.88,Available
D0290,2026-05-01,24.37,22.36,0.22,1.17,0.86,0.0,9.3018,11.7656,2.63,Available
D0290,2026-06-01,22.8,21.25,0.21,1.11,0.82,0.0,9.2677,11.7565,2.5,Available
D0290,2026-07-01,21.8,20.36,0.21,0.89,0.78,0.51,10.5654,12.3647,2.52,Available
D0291,2026-03-01,84.01,75.55,0.8,1.95,1.57,0.0,10.7487,12.7756,9.65,Available
D0291,2026-04-01,74.67,73.5,0.81,2.05,1.53,0.0,11.255,13.2707,9.75,Available
D0291,2026-05-01,80.08,71.61,0.83,1.89,1.49,0.0,11.3298,13.946,9.99,Available
D0291,2026-06-01,73.53,69.82,0.8,1.79,1.45,1.19,10.5877,13.8133,9.64,Available
D0291,2026-07-01,77.06,68.01,0.83,1.81,1.41,0.0,11.1672,14.5821,9.92,Available
D0292,2025-12-01,243.3,218.23,1.92,9.01,6.34,0.0,7.2017,10.5504,23.02,Available
D0292,2026-01-01,210.34,208.97,1.83,9.26,6.08,0.0,8.3288,10.5219,21.99,Available
D0292,2026-02-01,206.57,201.23,1.79,7.74,5.83,0.0,7.6199,10.6617,21.45,Available
D0292,2026-03-01,203.36,191.55,1.58,9.68,5.61,0.0,7.8634,9.873,18.91,Available
D0292,2026-04-01,193.89,183.38,1.37,8.17,5.34,0.0,6.5962,8.9868,16.48,Available
D0292,2026-05-01,185.53,170.76,1.46,12.62,5.11,0.0,7.9206,10.2725,17.54,Available
D0292,2026-06-01,164.96,162.41,1.33,8.35,4.76,0.0,7.5149,9.8371,15.98,Available
D0292,2026-07-01,167.66,156.09,1.22,6.32,4.53,0.0,7.8051,9.3637,14.62,Available
D0293,2024-08-01,180.05,168.69,1.46,7.64,3.95,0.0,8.8488,10.3597,17.48,Available
D0293,2024-09-01,173.25,162.8,1.67,5.89,3.78,1.77,9.7364,12.2953,20.02,Available
D0293,2024-10-01,159.35,155.63,1.55,7.17,3.65,0.0,9.2339,11.9421,18.59,Available
D0293,2024-11-01,170.72,149.41,1.53,6.22,3.49,0.0,10.3754,12.286,18.36,Available
D0293,2024-12-01,154.95,144.44,1.5,4.97,3.35,0.0,10.2566,12.4837,18.03,Available
D0293,2025-01-01,153.11,138.98,1.45,5.46,3.24,1.17,9.2338,12.5244,17.41,Available
D0294,2025-04-01,177.71,159.24,1.3,6.31,3.82,0.0,7.0239,9.78,15.57,Available
D0294,2025-05-01,156.4,152.62,1.41,6.62,3.67,0.0,8.2188,11.0611,16.88,Available
D0294,2025-06-01,158.66,146.38,1.19,6.24,3.52,0.0,8.2079,9.737,14.25,Available
D0294,2025-07-01,155.03,141.28,1.24,5.1,3.38,0.0,8.2603,10.5672,14.93,Reconciliation Required
D0294,2025-08-01,154.48,135.62,1.31,5.66,3.26,0.0,8.2755,11.5786,15.7,Available
D0294,2025-09-01,144.59,129.91,1.18,5.71,3.13,0.0,7.6171,10.9151,14.18,Available
D0294,2025-10-01,141.43,125.28,0.94,4.63,3.0,0.0,6.7896,8.984,11.26,Available
D0294,2025-11-01,127.02,120.24,1.12,5.04,2.89,0.48,7.6805,11.1421,13.4,Available
D0294,2025-12-01,121.32,115.11,1.08,5.13,2.77,0.0,8.0444,11.2906,13.0,Available
D0294,2026-01-01,119.32,110.09,0.97,5.02,2.66,0.0,7.8635,10.5886,11.66,Available
D0294,2026-02-01,118.85,105.55,0.8,4.54,2.54,2.73,7.404,9.0978,9.6,Available
D0294,2026-03-01,101.54,101.47,0.84,4.08,2.43,0.0,8.2881,9.8899,10.04,Available
D0294,2026-04-01,109.53,97.68,0.88,3.79,2.34,2.84,7.9183,10.8413,10.59,Available
D0294,2026-05-01,97.87,93.48,0.87,4.2,2.25,0.0,8.276,11.1791,10.45,Available
D0294,2026-06-01,102.15,90.15,0.71,3.33,2.16,0.0,6.6948,9.4522,8.52,Available
D0294,2026-07-01,90.45,86.75,0.78,3.4,2.08,0.0,7.6541,10.7477,9.32,Available
D0295,2024-11-01,46.65,45.78,0.42,3.7,2.3,0.0,8.6646,11.1044,5.08,Available
D0295,2024-12-01,43.89,42.69,0.36,3.09,2.13,0.0,8.2542,9.9814,4.26,Available
D0295,2025-01-01,44.96,39.64,0.39,3.05,1.99,0.0,8.6801,11.8886,4.71,Available
D0295,2025-02-01,39.47,36.68,0.34,2.96,1.84,0.0,7.8156,11.1214,4.08,Available
D0295,2025-03-01,,,,,,,,,,Missing
D0295,2025-04-01,33.15,32.47,0.29,1.94,1.6,0.0,8.4124,10.6533,3.46,Available
D0295,2025-05-01,31.76,30.6,0.27,1.87,1.51,0.0,8.5459,10.7049,3.28,Available
D0295,2025-06-01,28.46,28.4,0.24,2.2,1.42,0.0,7.2585,10.3078,2.93,Available
D0295,2025-07-01,27.76,26.69,0.25,1.71,1.32,0.0,8.5393,11.1005,2.96,Available
D0295,2025-08-01,28.51,25.0,0.25,1.69,1.24,0.0,8.5256,11.9611,2.99,Available
D0295,2025-09-01,,,,,,,,,,Missing
D0295,2025-10-01,23.77,21.73,0.2,1.74,1.09,0.0,8.472,10.7863,2.34,Available
D0295,2025-11-01,22.22,20.35,0.18,1.38,1.01,0.16,8.3277,10.7586,2.19,Available
D0296,2025-04-01,127.38,123.69,1.22,4.34,2.72,0.0,9.5725,11.8064,14.6,Available
D0296,2025-05-01,122.55,118.89,1.16,4.8,2.63,0.0,9.8347,11.7419,13.96,Available
D0296,2025-06-01,117.67,113.88,1.06,5.01,2.53,0.0,9.5531,11.1921,12.75,Available
D0296,2025-07-01,120.26,109.16,1.23,4.72,2.42,0.0,11.1149,13.4699,14.7,Available
D0296,2025-08-01,110.31,104.47,1.17,4.69,2.32,2.17,10.3376,13.422,14.02,Available
D0296,2025-09-01,113.5,99.79,1.15,4.68,2.22,0.0,10.3627,13.8472,13.82,Available
D0296,2025-10-01,108.97,96.3,1.04,3.49,2.12,1.54,10.2953,12.9532,12.47,Available
D0296,2025-11-01,104.22,92.92,1.02,3.38,2.05,0.0,11.133,13.1954,12.26,Available
D0296,2025-12-01,96.24,88.66,0.87,4.26,1.98,0.0,10.0122,11.7195,10.39,Available
D0296,2026-01-01,,,,,,,,,,Missing
D0296,2026-02-01,,,,,,,,,,Incomplete
D0296,2026-03-01,81.43,76.13,0.87,3.11,1.68,0.0,10.7526,13.729,10.45,Available
D0296,2026-04-01,75.33,73.08,0.75,3.05,1.62,0.0,10.7033,12.2612,8.96,Available
D0296,2026-05-01,72.71,70.58,0.82,2.5,1.55,0.0,10.4783,13.9005,9.81,Available
D0296,2026-06-01,70.1,68.36,0.72,2.22,1.5,0.0,9.9357,12.5973,8.61,Available
D0296,2026-07-01,67.59,66.21,0.76,2.15,1.45,0.0,10.4827,13.8271,9.15,Available
D0297,2026-05-01,3.08,2.7,0.03,0.1,0.06,0.0,10.7938,13.2146,0.36,Available
D0297,2026-06-01,2.62,2.62,0.03,0.08,0.05,0.0,10.0811,12.7291,0.33,Available
D0297,2026-07-01,2.86,2.53,0.03,0.09,0.05,0.0,9.8081,12.3553,0.31,Available
D0298,2025-01-01,239.92,239.09,2.34,8.72,8.57,0.0,9.2551,11.7623,28.12,Available
D0298,2025-02-01,251.84,230.69,2.01,8.4,8.27,0.0,8.7474,10.4491,24.11,Available
D0298,2025-03-01,229.47,222.39,2.14,8.3,7.98,0.0,9.9274,11.552,25.69,Available
D0298,2025-04-01,243.83,214.59,1.83,7.8,7.69,0.0,8.2399,10.2569,22.01,Available
D0298,2025-05-01,210.13,197.77,1.78,16.82,7.42,5.32,8.942,10.8268,21.41,Available
D0298,2025-06-01,192.45,190.74,1.64,7.03,6.84,0.0,8.5375,10.3085,19.66,Available
D0298,2025-07-01,204.11,184.04,1.77,6.7,6.6,0.0,9.1653,11.5103,21.18,Available
D0298,2025-08-01,183.46,177.53,1.76,6.51,6.37,0.0,9.0569,11.9244,21.17,Available
D0299,2024-09-01,,,,,,,,,,Missing
D0299,2024-10-01,163.49,151.5,1.67,8.88,5.76,0.0,9.9401,13.1891,19.98,Available
D0299,2024-11-01,,,,,,,,,,Incomplete
D0299,2024-12-01,156.0,136.13,1.63,6.65,5.13,0.0,11.2543,14.3914,19.59,Available
D0299,2025-01-01,143.33,129.31,1.32,6.82,4.89,1.05,10.2216,12.2727,15.87,Available
D0299,2025-02-01,122.87,122.16,1.37,7.15,4.65,0.0,10.5108,13.4556,16.44,Available
D0300,2024-09-01,243.38,234.48,2.54,8.71,7.84,0.0,9.6815,13.0125,30.51,Available
D0300,2024-10-01,,,,,,,,,,Missing
D0300,2024-11-01,228.85,218.49,2.21,8.04,7.31,0.0,9.3751,12.1374,26.52,Available
D0300,2024-12-01,216.15,210.64,1.92,7.85,7.05,0.0,8.6535,10.9573,23.08,Available
D0300,2025-01-01,221.99,203.22,1.8,7.42,6.79,0.0,8.2646,10.6046,21.55,Available
D0300,2025-02-01,217.12,196.03,1.9,7.19,6.55,1.53,9.7747,11.602,22.74,Available
D0300,2025-03-01,211.95,189.15,1.73,6.88,6.32,0.0,8.252,10.9843,20.78,Available
D0300,2025-04-01,189.37,182.45,1.93,6.7,6.1,0.0,9.9197,12.7135,23.2,Available
D0300,2025-05-01,181.94,175.96,1.62,6.49,5.88,0.0,9.3685,11.0423,19.43,Available
D0300,2025-06-01,186.41,169.81,1.46,6.15,5.68,0.0,8.4022,10.3037,17.5,Available
D0300,2025-07-01,172.95,163.96,1.63,5.85,5.48,0.0,9.9387,11.9023,19.52,Available
D0300,2025-08-01,178.76,158.43,1.66,5.53,5.29,0.0,9.3741,12.5976,19.96,Available
D0300,2025-09-01,173.92,153.09,1.35,5.34,5.11,0.0,9.0203,10.5928,16.22,Available
D0300,2025-10-01,155.09,147.92,1.39,5.17,4.94,0.0,8.5609,11.2467,16.64,Available
D0300,2025-11-01,161.45,142.83,1.58,5.09,4.77,0.0,10.0378,13.308,19.01,Available
D0300,2025-12-01,152.28,137.98,1.45,4.85,4.61,0.0,9.6338,12.6528,17.46,Available
D0300,2026-01-01,146.84,133.34,1.22,4.64,4.45,0.0,8.8018,10.9815,14.64,Available
D0300,2026-02-01,131.56,128.52,1.35,4.82,4.3,0.76,9.2319,12.6485,16.26,Available
D0300,2026-03-01,125.16,124.06,1.35,4.46,4.15,2.12,10.018,13.017,16.15,Available
D0300,2026-04-01,123.5,119.67,1.24,4.39,4.0,0.0,9.9941,12.4835,14.94,Available
D0300,2026-05-01,118.21,115.65,1.18,4.02,3.86,0.0,10.1851,12.2246,14.14,Available
