deal_id,month,pos_0dpd,pos_1_30dpd,pos_31_60dpd,pos_61_90dpd,pos_90plus_dpd,cumulative_default_amount
D0001,2024-11-01,208.8,3.18,0.0,0.0,0.0,0.0
D0001,2024-12-01,209.06,3.89,0.71,0.0,0.0,0.0
D0001,2025-02-01,194.1,3.76,1.08,0.14,0.0,0.0
D0001,2025-03-01,191.27,3.73,1.28,0.32,0.04,0.0
D0001,2025-04-01,176.9,3.45,1.27,0.43,0.12,0.0
D0001,2025-05-01,180.85,3.53,1.34,0.53,0.24,0.01
D0001,2025-06-01,160.89,3.14,1.2,0.53,0.33,0.02
D0001,2025-07-01,147.93,2.89,1.11,0.52,0.43,0.03
D0001,2025-08-01,161.03,3.14,1.21,0.59,0.6,0.06
D0001,2025-09-01,156.95,3.06,1.18,0.59,0.72,0.09
D0001,2025-10-01,149.31,2.91,1.13,0.57,0.81,0.12
D0001,2025-11-01,132.31,2.58,1.0,0.51,0.82,0.16
D0001,2025-12-01,126.86,2.47,0.96,0.49,0.89,0.2
D0001,2026-01-01,122.05,2.38,0.92,0.47,0.94,0.24
D0001,2026-02-01,133.23,2.6,1.0,0.51,1.12,0.29
D0001,2026-03-01,128.64,2.51,0.97,0.5,1.17,0.34
D0001,2026-04-01,116.33,2.27,0.88,0.45,1.13,0.4
D0001,2026-05-01,120.54,2.35,0.91,0.47,1.24,0.46
D0001,2026-06-01,108.16,2.11,0.81,0.42,1.18,0.51
D0001,2026-07-01,101.85,1.99,0.77,0.39,1.16,0.57
D0002,2025-04-01,201.69,9.5,0.0,0.0,0.0,0.0
D0002,2025-05-01,194.43,12.88,3.99,0.0,0.0,0.0
D0002,2025-06-01,180.7,13.34,7.11,1.61,0.0,0.0
D0002,2025-07-01,149.62,11.48,7.8,3.2,0.66,0.0
D0002,2025-08-01,149.88,11.64,8.97,4.95,2.19,0.07
D0002,2025-09-01,136.55,10.64,8.74,5.73,4.06,0.27
D0002,2025-10-01,128.12,9.97,8.47,6.16,6.13,0.66
D0002,2025-11-01,110.94,8.61,7.44,5.75,7.48,1.2
D0002,2025-12-01,107.23,8.29,7.21,5.78,9.33,1.94
D0002,2026-01-01,98.83,7.62,6.63,5.43,10.46,2.81
D0002,2026-02-01,91.19,7.01,6.09,5.04,11.23,3.79
D0002,2026-03-01,87.87,6.73,5.84,4.85,12.21,4.88
D0002,2026-04-01,91.1,2.79,3.88,3.94,12.61,5.48
D0002,2026-05-01,84.24,1.8,2.05,2.78,11.74,6.04
D0002,2026-06-01,86.39,1.69,1.29,2.05,12.03,6.64
D0003,2026-05-01,83.04,1.26,0.0,0.0,0.0,0.0
D0003,2026-06-01,88.05,1.64,0.3,0.0,0.0,0.0
D0003,2026-07-01,81.08,1.57,0.45,0.06,0.0,0.0
D0004,2024-04-01,270.99,12.77,0.0,0.0,0.0,0.0
D0004,2024-05-01,252.09,16.71,5.18,0.0,0.0,0.0
D0004,2024-06-01,208.33,15.38,8.2,1.86,0.0,0.0
D0004,2024-07-01,192.63,14.77,10.05,4.12,0.85,0.0
D0004,2024-08-01,183.73,14.27,10.99,6.07,2.68,0.08
D0004,2024-09-01,184.95,14.41,11.84,7.76,5.49,0.36
D0004,2024-10-01,154.88,12.05,10.24,7.44,7.42,0.83
D0004,2024-11-01,159.97,12.41,10.72,8.29,10.79,1.61
D0004,2024-12-01,153.58,11.88,10.33,8.28,13.37,2.66
D0004,2025-01-01,128.67,9.92,8.63,7.07,13.61,3.8
D0004,2025-02-01,133.73,10.27,8.93,7.39,16.47,5.23
D0004,2025-03-01,116.28,8.91,7.72,6.42,16.16,6.68
D0004,2025-04-01,113.89,8.7,7.52,6.26,17.43,8.28
D0004,2025-05-01,102.12,7.78,6.7,5.57,16.9,9.86
D0004,2025-06-01,106.94,8.13,6.98,5.79,18.87,11.64
D0004,2025-07-01,99.64,7.56,6.48,5.36,18.53,13.41
D0004,2025-08-01,90.55,6.86,5.86,4.83,17.59,15.1
D0004,2025-09-01,85.43,6.46,5.51,4.53,17.2,16.77
D0004,2025-10-01,82.0,6.2,5.27,4.33,17.02,18.43
D0004,2025-11-01,76.09,5.74,4.88,3.99,16.19,20.01
D0004,2025-12-01,68.95,5.2,4.41,3.6,14.99,21.48
D0004,2026-01-01,69.95,5.27,4.46,3.64,15.48,23.01
D0004,2026-02-01,60.02,4.52,3.82,3.12,13.48,24.34
D0004,2026-03-01,57.73,4.34,3.67,2.99,13.13,25.64
D0004,2026-04-01,59.33,4.46,3.77,3.06,13.64,26.99
D0004,2026-05-01,54.88,4.13,3.48,2.83,12.73,28.25
D0004,2026-06-01,50.8,3.82,3.22,2.61,11.88,29.43
D0004,2026-07-01,49.17,3.69,3.11,2.52,11.57,30.58
D0005,2025-10-01,360.11,5.48,0.0,0.0,0.0,0.0
D0005,2025-11-01,354.56,6.6,1.2,0.0,0.0,0.0
D0005,2025-12-01,304.93,5.9,1.7,0.23,0.0,0.0
D0005,2026-01-01,321.61,6.27,2.14,0.53,0.07,0.0
D0005,2026-02-01,278.13,5.43,1.99,0.67,0.18,0.0
D0005,2026-04-01,266.05,5.19,1.97,0.79,0.35,0.01
D0005,2026-05-01,270.59,5.28,2.02,0.9,0.56,0.03
D0005,2026-06-01,250.75,4.89,1.88,0.89,0.73,0.06
D0005,2026-07-01,235.0,4.58,1.77,0.86,0.88,0.09
D0006,2024-06-01,83.49,1.27,0.0,0.0,0.0,0.0
D0006,2024-07-01,91.01,1.7,0.31,0.0,0.0,0.0
D0006,2024-08-01,83.35,1.61,0.46,0.06,0.0,0.0
D0006,2024-09-01,77.61,1.51,0.52,0.13,0.02,0.0
D0006,2024-10-01,84.34,1.65,0.6,0.2,0.06,0.0
D0006,2024-11-01,74.11,1.45,0.55,0.22,0.1,0.0
D0006,2024-12-01,78.27,1.53,0.59,0.26,0.16,0.01
D0006,2025-01-01,71.55,1.4,0.54,0.25,0.21,0.02
D0006,2025-02-01,68.72,1.34,0.52,0.25,0.26,0.03
D0006,2025-03-01,71.13,1.39,0.54,0.27,0.33,0.04
D0006,2025-04-01,63.57,1.24,0.48,0.24,0.34,0.05
D0006,2025-05-01,66.15,1.29,0.5,0.25,0.41,0.07
D0006,2025-06-01,64.57,1.26,0.49,0.25,0.45,0.09
D0006,2025-07-01,64.09,1.25,0.48,0.25,0.49,0.11
D0006,2025-08-01,59.19,1.15,0.45,0.23,0.5,0.14
D0006,2025-09-01,60.63,1.18,0.46,0.23,0.55,0.16
D0006,2025-10-01,57.91,1.13,0.44,0.22,0.56,0.19
D0006,2025-11-01,52.26,1.02,0.39,0.2,0.54,0.21
D0006,2025-12-01,52.75,1.03,0.4,0.2,0.57,0.24
D0006,2026-01-01,48.4,0.94,0.36,0.19,0.55,0.27
D0006,2026-02-01,47.96,0.93,0.36,0.19,0.57,0.3
D0006,2026-03-01,50.05,0.98,0.38,0.19,0.62,0.33
D0006,2026-04-01,49.52,0.97,0.37,0.19,0.64,0.36
D0006,2026-05-01,48.62,0.95,0.37,0.19,0.65,0.39
D0006,2026-06-01,41.84,0.82,0.32,0.16,0.58,0.42
D0006,2026-07-01,42.8,0.83,0.32,0.17,0.61,0.44
D0007,2025-09-01,23.63,1.11,0.0,0.0,0.0,0.0
D0007,2025-10-01,19.97,1.32,0.41,0.0,0.0,0.0
D0007,2025-11-01,18.26,1.35,0.72,0.16,0.0,0.0
D0007,2025-12-01,17.61,1.35,0.92,0.38,0.08,0.0
D0007,2026-01-01,16.24,1.26,0.97,0.54,0.24,0.01
D0007,2026-02-01,14.43,1.12,0.92,0.61,0.43,0.03
D0007,2026-03-01,12.74,0.99,0.84,0.61,0.61,0.07
D0007,2026-04-01,11.94,0.93,0.8,0.62,0.81,0.13
D0007,2026-05-01,12.24,0.95,0.82,0.66,1.07,0.21
D0007,2026-06-01,11.35,0.87,0.76,0.62,1.2,0.31
D0007,2026-07-01,11.13,0.86,0.74,0.62,1.37,0.43
D0008,2024-09-01,319.76,4.87,0.0,0.0,0.0,0.0
D0008,2024-10-01,335.98,6.26,1.13,0.0,0.0,0.0
D0008,2024-12-01,310.53,6.01,1.73,0.23,0.0,0.0
D0008,2025-01-01,305.82,5.96,2.04,0.51,0.06,0.0
D0008,2025-02-01,291.93,5.7,2.09,0.7,0.19,0.0
D0008,2025-03-01,280.46,5.47,2.07,0.83,0.37,0.01
D0008,2025-04-01,270.64,5.28,2.02,0.9,0.56,0.03
D0008,2025-05-01,243.53,4.75,1.83,0.86,0.71,0.06
D0008,2025-06-01,264.98,5.17,2.0,0.97,0.99,0.09
D0008,2025-07-01,258.91,5.05,1.95,0.97,1.19,0.14
D0008,2025-09-01,225.95,4.41,1.7,0.86,1.22,0.19
D0008,2025-10-01,214.51,4.18,1.62,0.82,1.33,0.25
D0008,2025-12-01,209.88,4.09,1.58,0.81,1.47,0.32
D0008,2026-01-01,195.02,3.8,1.47,0.75,1.5,0.39
D0008,2026-02-01,183.13,3.57,1.38,0.71,1.54,0.46
D0008,2026-03-01,170.22,3.32,1.28,0.66,1.55,0.53
D0008,2026-04-01,163.28,3.18,1.23,0.63,1.59,0.6
D0008,2026-05-01,176.08,3.43,1.33,0.68,1.82,0.69
D0008,2026-06-01,148.77,2.9,1.12,0.57,1.62,0.76
D0008,2026-07-01,157.22,3.06,1.18,0.61,1.8,0.85
D0009,2025-03-01,253.81,3.87,0.0,0.0,0.0,0.0
D0009,2025-04-01,226.71,4.22,0.76,0.0,0.0,0.0
D0009,2025-05-01,240.69,4.66,1.34,0.18,0.0,0.0
D0009,2025-06-01,236.0,4.6,1.57,0.39,0.05,0.0
D0009,2025-07-01,208.5,4.07,1.49,0.5,0.14,0.0
D0009,2025-08-01,222.04,4.33,1.64,0.66,0.29,0.01
D0009,2025-09-01,201.07,3.92,1.5,0.67,0.42,0.02
D0010,2026-02-01,151.27,2.3,0.0,0.0,0.0,0.0
D0010,2026-03-01,155.42,2.89,0.52,0.0,0.0,0.0
D0010,2026-04-01,134.92,2.61,0.75,0.1,0.0,0.0
D0010,2026-05-01,129.34,2.52,0.86,0.21,0.03,0.0
D0010,2026-06-01,116.72,2.28,0.84,0.28,0.08,0.0
D0010,2026-07-01,110.0,2.15,0.81,0.33,0.14,0.0
D0011,2024-07-01,129.23,1.97,0.0,0.0,0.0,0.0
D0011,2024-08-01,131.47,2.45,0.44,0.0,0.0,0.0
D0011,2024-09-01,114.96,2.22,0.64,0.09,0.0,0.0
D0011,2024-10-01,120.13,2.34,0.8,0.2,0.03,0.0
D0011,2024-11-01,105.67,2.06,0.76,0.25,0.07,0.0
D0011,2024-12-01,100.68,1.96,0.74,0.3,0.13,0.0
D0011,2025-01-01,103.01,2.01,0.77,0.34,0.21,0.01
D0011,2025-02-01,94.21,1.84,0.71,0.33,0.27,0.02
D0011,2025-03-01,83.34,1.63,0.63,0.31,0.31,0.03
D0011,2025-04-01,76.7,1.5,0.58,0.29,0.35,0.05
D0011,2025-05-01,81.04,1.58,0.61,0.31,0.44,0.07
D0011,2025-06-01,70.66,1.38,0.53,0.27,0.44,0.09
D0011,2025-07-01,70.71,1.38,0.53,0.27,0.49,0.11
D0011,2025-08-01,61.79,1.2,0.47,0.24,0.48,0.13
D0011,2025-09-01,66.23,1.29,0.5,0.26,0.56,0.15
D0011,2025-10-01,57.54,1.12,0.43,0.22,0.52,0.18
D0011,2025-11-01,60.75,1.18,0.46,0.23,0.59,0.21
D0011,2025-12-01,51.25,1.0,0.39,0.2,0.53,0.23
D0011,2026-01-01,49.79,0.97,0.38,0.19,0.54,0.26
D0011,2026-02-01,48.62,0.95,0.37,0.19,0.56,0.28
D0011,2026-03-01,44.58,0.87,0.34,0.17,0.53,0.31
D0011,2026-04-01,44.38,0.87,0.33,0.17,0.55,0.34
D0011,2026-05-01,41.11,0.8,0.31,0.16,0.53,0.36
D0011,2026-06-01,40.0,0.78,0.3,0.15,0.53,0.39
D0011,2026-07-01,37.94,0.74,0.29,0.15,0.52,0.41
D0012,2025-10-01,199.62,3.04,0.0,0.0,0.0,0.0
D0012,2025-11-01,188.07,3.5,0.63,0.0,0.0,0.0
D0012,2025-12-01,177.75,3.44,0.99,0.13,0.0,0.0
D0012,2026-01-01,162.43,3.17,1.08,0.27,0.03,0.0
D0012,2026-02-01,160.92,3.14,1.15,0.39,0.11,0.0
D0012,2026-04-01,140.66,2.74,1.04,0.42,0.18,0.01
D0012,2026-05-01,136.06,2.65,1.02,0.45,0.28,0.02
D0012,2026-06-01,124.37,2.43,0.93,0.44,0.36,0.03
D0012,2026-07-01,125.6,2.45,0.95,0.46,0.47,0.05
D0013,2025-01-01,166.63,2.54,0.0,0.0,0.0,0.0
D0013,2025-02-01,169.56,3.16,0.57,0.0,0.0,0.0
D0013,2025-03-01,156.19,3.02,0.87,0.12,0.0,0.0
D0013,2025-04-01,148.06,2.89,0.99,0.24,0.03,0.0
D0013,2025-05-01,129.16,2.52,0.93,0.31,0.09,0.0
D0013,2025-06-01,127.76,2.49,0.94,0.38,0.17,0.01
D0013,2025-07-01,124.3,2.43,0.93,0.41,0.26,0.01
D0013,2025-08-01,122.69,2.39,0.92,0.43,0.36,0.03
D0013,2025-09-01,112.35,2.19,0.85,0.41,0.42,0.04
D0013,2025-10-01,103.1,2.01,0.78,0.39,0.47,0.06
D0013,2025-11-01,93.15,1.82,0.7,0.35,0.5,0.08
D0013,2025-12-01,90.86,1.77,0.68,0.35,0.56,0.11
D0013,2026-01-01,87.51,1.71,0.66,0.34,0.61,0.14
D0013,2026-02-01,80.17,1.56,0.6,0.31,0.62,0.16
D0013,2026-03-01,75.49,1.47,0.57,0.29,0.64,0.19
D0013,2026-04-01,68.53,1.34,0.52,0.26,0.62,0.22
D0013,2026-05-01,66.98,1.31,0.5,0.26,0.65,0.25
D0014,2025-12-01,286.74,4.37,0.0,0.0,0.0,0.0
D0014,2026-01-01,266.83,4.97,0.9,0.0,0.0,0.0
D0014,2026-02-01,260.14,5.03,1.45,0.19,0.0,0.0
D0014,2026-03-01,254.89,4.97,1.7,0.42,0.05,0.0
D0014,2026-04-01,226.97,4.43,1.63,0.55,0.15,0.0
D0014,2026-06-01,223.35,4.36,1.65,0.66,0.29,0.01
D0014,2026-07-01,211.59,4.13,1.58,0.7,0.44,0.02
D0015,2025-01-01,67.5,3.18,0.0,0.0,0.0,0.0
D0015,2025-02-01,58.16,3.85,1.19,0.0,0.0,0.0
D0015,2025-03-01,56.04,4.14,2.2,0.5,0.0,0.0
D0015,2025-04-01,55.48,4.26,2.89,1.19,0.24,0.0
D0015,2025-05-01,49.02,3.81,2.93,1.62,0.72,0.02
D0015,2025-06-01,48.39,3.77,3.1,2.03,1.44,0.09
D0015,2025-07-01,44.76,3.48,2.96,2.15,2.14,0.23
D0015,2025-08-01,43.25,3.36,2.9,2.24,2.92,0.44
D0015,2025-09-01,39.13,3.03,2.63,2.11,3.41,0.71
D0015,2025-10-01,40.41,3.11,2.71,2.22,4.28,1.07
D0015,2025-11-01,36.93,2.84,2.47,2.04,4.55,1.46
D0015,2025-12-01,33.92,2.6,2.25,1.87,4.71,1.89
D0015,2026-01-01,30.63,2.34,2.02,1.68,4.69,2.32
D0015,2026-02-01,31.02,2.36,2.04,1.69,5.14,2.79
D0015,2026-03-01,29.84,2.27,1.95,1.62,5.27,3.29
D0015,2026-04-01,30.25,2.3,1.97,1.63,5.63,3.83
D0015,2026-06-01,25.21,1.91,1.63,1.35,4.9,4.3
D0016,2025-08-01,249.86,3.8,0.0,0.0,0.0,0.0
D0016,2025-09-01,249.95,4.66,0.84,0.0,0.0,0.0
D0016,2025-10-01,247.32,4.79,1.38,0.18,0.0,0.0
D0016,2025-11-01,247.76,4.83,1.65,0.41,0.05,0.0
D0016,2025-12-01,217.9,4.25,1.56,0.53,0.14,0.0
D0016,2026-01-01,229.35,4.48,1.69,0.68,0.3,0.01
D0016,2026-02-01,217.32,4.24,1.63,0.72,0.45,0.02
D0016,2026-03-01,211.31,4.12,1.59,0.75,0.61,0.05
D0016,2026-04-01,205.75,4.01,1.55,0.76,0.77,0.08
D0016,2026-05-01,203.45,3.97,1.53,0.76,0.93,0.11
D0016,2026-06-01,186.04,3.63,1.4,0.71,1.01,0.16
D0016,2026-07-01,198.06,3.86,1.49,0.76,1.23,0.21
D0017,2025-12-01,292.97,4.46,0.0,0.0,0.0,0.0
D0017,2026-01-01,288.96,5.38,0.97,0.0,0.0,0.0
D0017,2026-02-01,255.07,4.94,1.42,0.19,0.0,0.0
D0017,2026-03-01,268.07,5.23,1.79,0.44,0.06,0.0
D0017,2026-04-01,259.08,5.06,1.86,0.63,0.17,0.0
D0017,2026-05-01,242.62,4.73,1.79,0.72,0.32,0.01
D0017,2026-06-01,233.22,4.55,1.74,0.77,0.48,0.03
D0017,2026-07-01,218.33,4.26,1.64,0.77,0.63,0.05
D0018,2026-01-01,119.36,5.62,0.0,0.0,0.0,0.0
D0018,2026-02-01,114.44,7.58,2.35,0.0,0.0,0.0
D0018,2026-03-01,109.59,8.09,4.31,0.98,0.0,0.0
D0018,2026-04-01,100.76,7.73,5.25,2.16,0.44,0.0
D0018,2026-05-01,83.4,6.48,4.99,2.75,1.22,0.04
D0018,2026-06-01,80.2,6.25,5.14,3.37,2.38,0.16
D0018,2026-07-01,71.68,5.58,4.74,3.44,3.43,0.38
D0019,2025-02-01,294.08,13.86,0.0,0.0,0.0,0.0
D0019,2025-03-01,292.54,19.39,6.01,0.0,0.0,0.0
D0019,2025-04-01,254.06,18.76,9.99,2.26,0.0,0.0
D0019,2025-05-01,244.73,18.77,12.76,5.24,1.08,0.0
D0019,2025-06-01,239.79,18.63,14.35,7.92,3.5,0.11
D0019,2025-07-01,231.82,18.06,14.85,9.73,6.88,0.46
D0019,2025-08-01,214.54,16.69,14.19,10.31,10.27,1.11
D0019,2025-09-01,189.66,14.72,12.71,9.83,12.79,2.03
D0019,2025-10-01,170.44,13.18,11.46,9.19,14.84,3.2
D0019,2025-11-01,177.36,13.67,11.9,9.74,18.76,4.77
D0019,2025-12-01,150.57,11.57,10.06,8.32,18.55,6.38
D0019,2026-01-01,160.68,12.31,10.67,8.87,22.33,8.38
D0019,2026-02-01,145.34,11.1,9.6,7.98,22.25,10.42
D0019,2026-03-01,143.05,10.9,9.39,7.8,23.68,12.63
D0019,2026-04-01,139.58,10.61,9.12,7.56,24.63,14.96
D0019,2026-05-01,122.16,9.27,7.94,6.57,22.72,17.13
D0019,2026-06-01,120.31,9.12,7.79,6.42,23.37,19.38
D0019,2026-07-01,110.14,8.33,7.1,5.84,22.18,21.53
D0020,2025-01-01,81.09,3.82,0.0,0.0,0.0,0.0
D0020,2025-02-01,68.87,4.56,1.41,0.0,0.0,0.0
D0020,2025-03-01,66.25,4.89,2.61,0.59,0.0,0.0
D0020,2025-04-01,62.76,4.81,3.27,1.34,0.28,0.0
D0020,2025-05-01,56.27,4.37,3.37,1.86,0.82,0.03
D0020,2025-06-01,58.44,4.55,3.74,2.45,1.74,0.11
D0020,2025-07-01,56.82,4.42,3.76,2.73,2.72,0.29
D0020,2025-08-01,51.88,4.03,3.48,2.69,3.5,0.54
D0020,2025-09-01,46.61,3.6,3.13,2.51,4.06,0.86
D0020,2025-10-01,52.71,1.63,2.28,2.26,4.85,1.07
D0020,2025-11-01,48.77,1.05,1.2,1.61,4.71,1.29
D0020,2025-12-01,46.45,0.91,0.7,1.11,4.62,1.51
D0020,2026-01-01,48.14,0.93,0.52,0.81,4.83,1.75
D0020,2026-02-01,43.66,0.84,0.38,0.52,4.33,1.97
D0020,2026-03-01,47.65,0.92,0.38,0.41,4.63,2.2
D0021,2024-12-01,208.25,3.17,0.0,0.0,0.0,0.0
D0021,2025-01-01,198.72,3.7,0.67,0.0,0.0,0.0
D0021,2025-02-01,195.79,3.79,1.09,0.15,0.0,0.0
D0021,2025-03-01,187.49,3.66,1.25,0.31,0.04,0.0
D0021,2025-04-01,165.78,3.24,1.19,0.4,0.11,0.0
D0021,2025-05-01,152.85,2.98,1.13,0.45,0.2,0.01
D0021,2025-06-01,149.08,2.91,1.11,0.49,0.31,0.02
D0021,2025-07-01,140.58,2.74,1.06,0.5,0.41,0.03
D0021,2025-08-01,129.39,2.52,0.97,0.48,0.49,0.05
D0021,2025-09-01,128.94,2.51,0.97,0.48,0.59,0.07
D0021,2025-10-01,125.34,2.44,0.94,0.48,0.68,0.1
D0021,2025-11-01,107.76,2.1,0.81,0.41,0.67,0.13
D0021,2025-12-01,111.45,2.17,0.84,0.43,0.78,0.17
D0021,2026-01-01,93.84,1.83,0.71,0.36,0.72,0.2
D0021,2026-02-01,97.04,1.89,0.73,0.37,0.82,0.24
D0021,2026-03-01,92.2,1.8,0.69,0.36,0.84,0.28
D0021,2026-04-01,80.95,1.58,0.61,0.31,0.79,0.31
D0021,2026-05-01,78.53,1.53,0.59,0.3,0.81,0.35
D0021,2026-06-01,72.9,1.42,0.55,0.28,0.79,0.39
D0021,2026-07-01,70.44,1.37,0.53,0.27,0.8,0.43
D0022,2024-11-01,112.18,1.71,0.0,0.0,0.0,0.0
D0022,2024-12-01,110.31,2.05,0.37,0.0,0.0,0.0
D0022,2025-01-01,99.4,1.92,0.55,0.07,0.0,0.0
D0022,2025-02-01,97.43,1.9,0.65,0.16,0.02,0.0
D0022,2025-03-01,95.0,1.85,0.68,0.23,0.06,0.0
D0022,2025-04-01,90.14,1.76,0.67,0.27,0.12,0.0
D0022,2025-05-01,79.78,1.56,0.6,0.26,0.17,0.01
D0022,2025-06-01,81.4,1.59,0.61,0.29,0.24,0.02
D0022,2025-07-01,72.67,1.42,0.55,0.27,0.27,0.03
D0022,2025-08-01,72.22,1.41,0.54,0.27,0.33,0.04
D0022,2025-09-01,63.44,1.24,0.48,0.24,0.34,0.06
D0022,2025-10-01,60.95,1.19,0.46,0.23,0.38,0.07
D0022,2025-11-01,65.53,1.28,0.49,0.25,0.46,0.09
D0022,2025-12-01,59.6,1.16,0.45,0.23,0.46,0.11
D0022,2026-01-01,55.82,1.09,0.42,0.22,0.47,0.14
D0022,2026-02-01,53.13,1.04,0.4,0.2,0.48,0.16
D0022,2026-03-01,49.31,0.96,0.37,0.19,0.48,0.18
D0022,2026-04-01,47.08,0.92,0.35,0.18,0.49,0.2
D0022,2026-05-01,46.87,0.91,0.35,0.18,0.51,0.23
D0022,2026-06-01,44.4,0.87,0.33,0.17,0.51,0.25
D0022,2026-07-01,42.89,0.84,0.32,0.17,0.51,0.28
D0023,2025-06-01,234.56,3.57,0.0,0.0,0.0,0.0
D0023,2025-07-01,196.43,3.66,0.66,0.0,0.0,0.0
D0023,2025-08-01,194.88,3.77,1.09,0.15,0.0,0.0
D0023,2025-09-01,192.31,3.75,1.28,0.32,0.04,0.0
D0023,2025-10-01,181.04,3.53,1.3,0.44,0.12,0.0
D0023,2025-11-01,181.0,3.53,1.34,0.54,0.24,0.01
D0023,2025-12-01,173.52,3.39,1.3,0.58,0.36,0.02
D0023,2026-01-01,159.74,3.12,1.2,0.57,0.46,0.04
D0023,2026-02-01,164.77,3.21,1.24,0.61,0.62,0.06
D0023,2026-03-01,143.08,2.79,1.08,0.54,0.66,0.09
D0023,2026-04-01,143.72,2.8,1.08,0.55,0.78,0.12
D0023,2026-05-01,138.03,2.69,1.04,0.53,0.86,0.16
D0023,2026-06-01,126.38,2.46,0.95,0.49,0.88,0.2
D0023,2026-07-01,119.85,2.34,0.9,0.46,0.92,0.24
D0024,2025-02-01,46.22,0.7,0.0,0.0,0.0,0.0
D0024,2025-03-01,45.79,0.85,0.15,0.0,0.0,0.0
D0024,2025-04-01,40.46,0.78,0.23,0.03,0.0,0.0
D0024,2025-05-01,39.8,0.78,0.27,0.07,0.01,0.0
D0024,2025-06-01,42.44,0.83,0.3,0.1,0.03,0.0
D0024,2025-07-01,41.11,0.8,0.3,0.12,0.05,0.0
D0024,2025-08-01,35.78,0.7,0.27,0.12,0.07,0.0
D0024,2025-09-01,37.81,0.74,0.28,0.13,0.11,0.01
D0024,2025-10-01,36.59,0.71,0.28,0.13,0.14,0.01
D0024,2025-11-01,33.87,0.66,0.26,0.13,0.16,0.02
D0024,2026-01-01,34.19,0.67,0.26,0.13,0.19,0.03
D0024,2026-02-01,34.19,0.67,0.26,0.13,0.21,0.04
D0024,2026-03-01,30.6,0.6,0.23,0.12,0.21,0.05
D0024,2026-04-01,30.06,0.59,0.23,0.12,0.23,0.06
D0024,2026-05-01,27.64,0.54,0.21,0.11,0.23,0.07
D0024,2026-06-01,28.9,0.56,0.22,0.11,0.26,0.08
D0025,2025-05-01,175.16,2.67,0.0,0.0,0.0,0.0
D0025,2025-06-01,154.39,2.88,0.52,0.0,0.0,0.0
D0025,2025-08-01,161.15,3.12,0.9,0.12,0.0,0.0
D0025,2025-09-01,146.4,2.85,0.98,0.24,0.03,0.0
D0025,2025-10-01,137.01,2.67,0.98,0.33,0.09,0.0
D0025,2025-11-01,133.92,2.61,0.99,0.4,0.18,0.01
D0025,2025-12-01,129.43,2.53,0.97,0.43,0.27,0.01
D0025,2026-01-01,122.73,2.39,0.92,0.43,0.36,0.03
D0025,2026-02-01,127.99,2.5,0.96,0.47,0.48,0.05
D0025,2026-03-01,111.61,2.18,0.84,0.42,0.51,0.07
D0025,2026-04-01,102.74,2.0,0.77,0.39,0.56,0.09
D0025,2026-05-01,109.36,2.13,0.82,0.42,0.68,0.12
D0025,2026-06-01,108.57,2.12,0.82,0.42,0.76,0.15
D0025,2026-07-01,91.31,1.78,0.69,0.35,0.7,0.19
D0026,2025-02-01,360.1,5.48,0.0,0.0,0.0,0.0
D0026,2025-03-01,325.25,6.06,1.1,0.0,0.0,0.0
D0026,2025-04-01,316.21,6.12,1.76,0.24,0.0,0.0
D0026,2025-05-01,300.33,5.86,2.0,0.5,0.06,0.0
D0026,2025-06-01,267.34,5.22,1.92,0.65,0.18,0.0
D0026,2025-07-01,243.99,4.76,1.8,0.72,0.32,0.01
D0026,2025-08-01,242.52,4.73,1.81,0.8,0.5,0.03
D0026,2025-09-01,242.85,4.74,1.83,0.86,0.7,0.05
D0026,2025-10-01,226.52,4.42,1.71,0.83,0.85,0.08
D0026,2025-11-01,194.62,3.8,1.47,0.73,0.89,0.12
D0026,2025-12-01,189.52,3.7,1.43,0.72,1.03,0.16
D0026,2026-01-01,187.58,3.66,1.41,0.72,1.17,0.22
D0026,2026-02-01,178.34,3.48,1.34,0.69,1.25,0.27
D0026,2026-03-01,156.85,3.06,1.18,0.6,1.21,0.33
D0026,2026-04-01,149.49,2.91,1.13,0.58,1.26,0.38
D0026,2026-05-01,149.89,2.92,1.13,0.58,1.36,0.45
D0026,2026-06-01,132.29,2.58,1.0,0.51,1.28,0.51
D0026,2026-07-01,132.12,2.58,1.0,0.51,1.36,0.57
D0027,2024-06-01,213.11,3.25,0.0,0.0,0.0,0.0
D0027,2024-07-01,220.93,4.12,0.75,0.0,0.0,0.0
D0027,2024-08-01,209.6,4.06,1.17,0.16,0.0,0.0
D0027,2024-09-01,185.11,3.61,1.23,0.31,0.04,0.0
D0027,2024-10-01,170.53,3.33,1.22,0.41,0.11,0.0
D0027,2024-11-01,173.96,3.39,1.28,0.51,0.23,0.01
D0027,2024-12-01,154.02,3.01,1.15,0.51,0.32,0.02
D0027,2025-01-01,142.24,2.77,1.07,0.5,0.41,0.03
D0027,2025-02-01,144.65,2.82,1.09,0.53,0.54,0.05
D0027,2025-03-01,127.72,2.49,0.96,0.48,0.59,0.08
D0027,2025-04-01,133.89,2.61,1.01,0.51,0.73,0.11
D0027,2025-05-01,110.97,2.16,0.84,0.42,0.69,0.14
D0027,2025-06-01,107.89,2.1,0.81,0.41,0.75,0.17
D0028,2025-04-01,16.84,0.26,0.0,0.0,0.0,0.0
D0028,2025-05-01,16.75,0.31,0.06,0.0,0.0,0.0
D0028,2025-06-01,16.06,0.31,0.09,0.01,0.0,0.0
D0028,2025-07-01,14.31,0.28,0.1,0.02,0.0,0.0
D0028,2025-09-01,12.73,0.25,0.09,0.03,0.01,0.0
D0028,2025-10-01,13.31,0.26,0.1,0.04,0.02,0.0
D0028,2025-11-01,11.62,0.23,0.09,0.04,0.02,0.0
D0028,2025-12-01,11.97,0.23,0.09,0.04,0.03,0.0
D0028,2026-01-01,11.33,0.22,0.09,0.04,0.04,0.0
D0028,2026-02-01,11.08,0.22,0.08,0.04,0.05,0.01
D0028,2026-03-01,11.01,0.21,0.08,0.04,0.06,0.01
D0028,2026-04-01,10.54,0.21,0.08,0.04,0.07,0.01
D0028,2026-05-01,9.3,0.18,0.07,0.04,0.06,0.01
D0028,2026-06-01,8.64,0.17,0.07,0.03,0.07,0.02
D0028,2026-07-01,9.05,0.18,0.07,0.03,0.08,0.02
D0029,2026-04-01,236.35,11.14,0.0,0.0,0.0,0.0
D0029,2026-05-01,211.34,14.01,4.34,0.0,0.0,0.0
D0029,2026-06-01,196.06,14.47,7.71,1.75,0.0,0.0
D0029,2026-07-01,175.08,13.43,9.13,3.75,0.77,0.0
D0030,2025-07-01,176.81,8.33,0.0,0.0,0.0,0.0
D0030,2025-08-01,163.71,10.85,3.36,0.0,0.0,0.0
D0030,2025-09-01,155.62,11.49,6.12,1.39,0.0,0.0
D0030,2025-10-01,148.92,11.42,7.77,3.19,0.66,0.0
D0030,2025-11-01,141.57,11.0,8.47,4.68,2.07,0.06
D0030,2025-12-01,122.36,9.53,7.84,5.13,3.63,0.25
D0030,2026-01-01,128.79,10.02,8.52,6.19,6.17,0.64
D0030,2026-02-01,118.14,9.17,7.92,6.12,7.97,1.21
D0030,2026-03-01,108.03,8.36,7.26,5.83,9.4,1.96
D0030,2026-04-01,105.9,8.16,7.11,5.82,11.2,2.89
D0030,2026-06-01,97.88,7.52,6.54,5.41,12.06,3.94
D0030,2026-07-01,103.0,7.89,6.84,5.69,14.31,5.22
D0031,2025-06-01,28.26,1.33,0.0,0.0,0.0,0.0
D0031,2025-07-01,27.35,1.81,0.56,0.0,0.0,0.0
D0031,2025-08-01,25.97,1.92,1.02,0.23,0.0,0.0
D0031,2025-09-01,22.25,1.71,1.16,0.48,0.1,0.0
D0031,2025-10-01,22.59,1.75,1.35,0.75,0.33,0.01
D0031,2025-11-01,20.62,1.61,1.32,0.87,0.61,0.04
D0031,2025-12-01,18.96,1.48,1.25,0.91,0.91,0.1
D0031,2026-02-01,17.72,1.38,1.19,0.92,1.2,0.19
D0031,2026-03-01,15.73,1.22,1.06,0.85,1.37,0.29
D0031,2026-04-01,15.4,1.19,1.03,0.85,1.63,0.43
D0031,2026-05-01,14.69,1.13,0.98,0.81,1.81,0.59
D0031,2026-06-01,12.45,0.95,0.83,0.69,1.73,0.74
D0031,2026-07-01,12.96,0.99,0.86,0.71,1.98,0.92
D0032,2025-04-01,47.89,0.73,0.0,0.0,0.0,0.0
D0032,2025-05-01,43.91,0.82,0.15,0.0,0.0,0.0
D0032,2025-06-01,41.77,0.81,0.23,0.03,0.0,0.0
D0032,2025-07-01,38.81,0.76,0.26,0.06,0.01,0.0
D0032,2025-08-01,42.43,0.83,0.3,0.1,0.03,0.0
D0032,2025-09-01,38.27,0.75,0.28,0.11,0.05,0.0
D0032,2025-10-01,38.46,0.75,0.29,0.13,0.08,0.0
D0032,2025-11-01,35.92,0.7,0.27,0.13,0.1,0.01
D0032,2025-12-01,32.46,0.63,0.24,0.12,0.12,0.01
D0032,2026-01-01,34.05,0.66,0.26,0.13,0.16,0.02
D0032,2026-02-01,30.24,0.59,0.23,0.11,0.16,0.03
D0032,2026-03-01,29.11,0.57,0.22,0.11,0.18,0.03
D0032,2026-04-01,29.42,0.57,0.22,0.11,0.21,0.04
D0032,2026-05-01,26.87,0.52,0.2,0.1,0.21,0.05
D0032,2026-06-01,26.28,0.51,0.2,0.1,0.22,0.06
D0032,2026-07-01,27.26,0.53,0.21,0.11,0.25,0.07
D0033,2026-05-01,34.04,0.52,0.0,0.0,0.0,0.0
D0033,2026-06-01,30.21,0.56,0.1,0.0,0.0,0.0
D0033,2026-07-01,28.18,0.55,0.16,0.02,0.0,0.0
D0034,2025-12-01,155.65,2.37,0.0,0.0,0.0,0.0
D0034,2026-02-01,146.65,2.73,0.49,0.0,0.0,0.0
D0034,2026-03-01,145.63,2.82,0.81,0.11,0.0,0.0
D0034,2026-04-01,123.74,2.41,0.83,0.2,0.03,0.0
D0034,2026-05-01,113.86,2.22,0.82,0.27,0.08,0.0
D0034,2026-06-01,108.61,2.12,0.8,0.32,0.14,0.0
D0034,2026-07-01,116.83,2.28,0.87,0.39,0.24,0.01
D0035,2025-09-01,315.58,4.81,0.0,0.0,0.0,0.0
D0035,2025-10-01,286.05,5.33,0.96,0.0,0.0,0.0
D0035,2025-11-01,257.95,4.99,1.44,0.19,0.0,0.0
D0035,2025-12-01,235.73,4.6,1.57,0.39,0.05,0.0
D0035,2026-01-01,236.64,4.62,1.7,0.57,0.16,0.0
D0035,2026-02-01,223.38,4.36,1.65,0.66,0.29,0.01
D0035,2026-03-01,209.6,4.09,1.57,0.69,0.43,0.02
D0035,2026-04-01,188.79,3.68,1.42,0.67,0.55,0.04
D0035,2026-05-01,186.57,3.64,1.41,0.69,0.7,0.07
D0035,2026-06-01,169.34,3.3,1.28,0.64,0.78,0.1
D0035,2026-07-01,162.48,3.17,1.22,0.62,0.88,0.14
D0036,2026-04-01,306.33,4.67,0.0,0.0,0.0,0.0
D0036,2026-05-01,272.57,5.08,0.92,0.0,0.0,0.0
D0036,2026-06-01,275.98,5.34,1.54,0.21,0.0,0.0
D0036,2026-07-01,239.75,4.67,1.6,0.4,0.05,0.0
D0037,2024-07-01,29.34,0.45,0.0,0.0,0.0,0.0
D0037,2024-08-01,27.03,0.5,0.09,0.0,0.0,0.0
D0037,2024-09-01,26.17,0.51,0.15,0.02,0.0,0.0
D0037,2024-10-01,26.26,0.51,0.18,0.04,0.01,0.0
D0037,2024-11-01,26.53,0.52,0.19,0.06,0.02,0.0
D0037,2024-12-01,24.91,0.49,0.18,0.07,0.03,0.0
D0037,2025-01-01,22.11,0.43,0.17,0.07,0.05,0.0
D0037,2025-02-01,19.9,0.39,0.15,0.07,0.06,0.0
D0037,2025-03-01,19.67,0.38,0.15,0.07,0.07,0.01
D0037,2025-04-01,20.07,0.39,0.15,0.08,0.09,0.01
D0037,2025-05-01,18.72,0.37,0.14,0.07,0.1,0.02
D0037,2025-06-01,16.6,0.32,0.13,0.06,0.1,0.02
D0037,2025-07-01,15.41,0.3,0.12,0.06,0.11,0.02
D0037,2025-08-01,15.8,0.31,0.12,0.06,0.12,0.03
D0037,2025-09-01,15.91,0.31,0.12,0.06,0.13,0.04
D0037,2025-10-01,15.46,0.3,0.12,0.06,0.14,0.04
D0037,2025-11-01,13.95,0.27,0.11,0.05,0.14,0.05
D0037,2025-12-01,13.81,0.27,0.1,0.05,0.14,0.06
D0037,2026-01-01,13.35,0.26,0.1,0.05,0.15,0.06
D0037,2026-02-01,11.75,0.23,0.09,0.05,0.13,0.07
D0037,2026-03-01,11.94,0.23,0.09,0.05,0.14,0.08
D0037,2026-04-01,11.36,0.22,0.09,0.04,0.14,0.08
D0037,2026-05-01,10.79,0.21,0.08,0.04,0.14,0.09
D0037,2026-07-01,9.82,0.19,0.07,0.04,0.13,0.1
D0038,2025-02-01,47.73,0.73,0.0,0.0,0.0,0.0
D0038,2025-03-01,45.74,0.85,0.15,0.0,0.0,0.0
D0038,2025-04-01,40.81,0.79,0.23,0.03,0.0,0.0
D0038,2025-05-01,39.6,0.77,0.26,0.07,0.01,0.0
D0038,2025-06-01,37.01,0.72,0.27,0.09,0.02,0.0
D0038,2025-07-01,37.22,0.73,0.27,0.11,0.05,0.0
D0038,2025-08-01,35.2,0.69,0.26,0.12,0.07,0.0
D0038,2025-09-01,35.02,0.68,0.26,0.12,0.1,0.01
D0038,2025-10-01,33.85,0.66,0.25,0.12,0.13,0.01
D0038,2025-11-01,32.19,0.63,0.24,0.12,0.15,0.02
D0038,2025-12-01,28.95,0.56,0.22,0.11,0.16,0.03
D0038,2026-01-01,28.13,0.55,0.21,0.11,0.17,0.03
D0038,2026-02-01,26.97,0.53,0.2,0.1,0.19,0.04
D0038,2026-03-01,25.69,0.5,0.19,0.1,0.2,0.05
D0038,2026-04-01,26.33,0.51,0.2,0.1,0.22,0.06
D0038,2026-05-01,25.32,0.49,0.19,0.1,0.23,0.07
D0038,2026-07-01,23.47,0.46,0.18,0.09,0.23,0.08
D0039,2025-06-01,321.5,4.9,0.0,0.0,0.0,0.0
D0039,2025-07-01,297.15,5.53,1.0,0.0,0.0,0.0
D0039,2025-08-01,291.31,5.64,1.62,0.22,0.0,0.0
D0039,2025-09-01,275.63,5.37,1.84,0.46,0.06,0.0
D0039,2025-10-01,282.41,5.51,2.02,0.68,0.19,0.0
D0039,2025-11-01,270.53,5.28,2.0,0.8,0.35,0.01
D0039,2025-12-01,259.46,5.06,1.94,0.86,0.54,0.03
D0039,2026-01-01,244.3,4.77,1.84,0.86,0.71,0.05
D0039,2026-02-01,242.79,4.74,1.83,0.89,0.91,0.09
D0039,2026-03-01,212.2,4.14,1.6,0.8,0.97,0.13
D0039,2026-04-01,221.95,4.33,1.67,0.84,1.2,0.18
D0039,2026-05-01,221.87,4.33,1.67,0.85,1.38,0.24
D0039,2026-06-01,196.43,3.83,1.48,0.75,1.37,0.3
D0039,2026-07-01,188.16,3.67,1.42,0.72,1.45,0.37
D0040,2025-06-01,200.63,3.06,0.0,0.0,0.0,0.0
D0040,2025-07-01,192.5,3.59,0.65,0.0,0.0,0.0
D0040,2025-08-01,190.2,3.68,1.06,0.14,0.0,0.0
D0040,2025-09-01,174.91,3.41,1.17,0.29,0.04,0.0
D0040,2025-10-01,169.31,3.3,1.21,0.41,0.11,0.0
D0040,2025-11-01,169.23,3.3,1.25,0.5,0.22,0.01
D0040,2025-12-01,155.62,3.04,1.16,0.52,0.32,0.02
D0040,2026-01-01,156.13,3.05,1.17,0.55,0.45,0.03
D0040,2026-02-01,141.13,2.75,1.06,0.52,0.53,0.05
D0040,2026-03-01,141.01,2.75,1.06,0.53,0.65,0.08
D0040,2026-04-01,141.63,2.76,1.07,0.54,0.77,0.11
D0040,2026-05-01,131.61,2.57,0.99,0.5,0.82,0.15
D0040,2026-06-01,121.37,2.37,0.91,0.47,0.85,0.19
D0040,2026-07-01,124.25,2.42,0.94,0.48,0.96,0.23
D0041,2025-03-01,119.45,1.82,0.0,0.0,0.0,0.0
D0041,2025-04-01,116.92,2.18,0.39,0.0,0.0,0.0
D0041,2025-05-01,112.67,2.18,0.63,0.08,0.0,0.0
D0041,2025-06-01,101.71,1.98,0.68,0.17,0.02,0.0
D0041,2025-07-01,99.1,1.93,0.71,0.24,0.07,0.0
D0041,2025-08-01,84.09,1.64,0.62,0.25,0.11,0.0
D0041,2025-09-01,89.79,1.75,0.67,0.3,0.19,0.01
D0041,2025-10-01,77.5,1.51,0.58,0.27,0.22,0.02
D0041,2025-11-01,72.01,1.4,0.54,0.26,0.27,0.03
D0041,2025-12-01,76.61,1.49,0.58,0.29,0.35,0.04
D0041,2026-01-01,71.71,1.4,0.54,0.27,0.39,0.06
D0041,2026-02-01,66.89,1.3,0.5,0.26,0.42,0.08
D0041,2026-03-01,65.67,1.28,0.49,0.25,0.46,0.1
D0041,2026-04-01,56.61,1.1,0.43,0.22,0.44,0.12
D0041,2026-05-01,53.01,1.03,0.4,0.2,0.45,0.14
D0041,2026-06-01,49.86,0.97,0.38,0.19,0.45,0.16
D0041,2026-07-01,49.92,0.97,0.38,0.19,0.48,0.18
D0042,2024-09-01,29.9,0.46,0.0,0.0,0.0,0.0
D0042,2024-10-01,27.0,0.5,0.09,0.0,0.0,0.0
D0042,2024-11-01,25.04,0.48,0.14,0.02,0.0,0.0
D0042,2024-12-01,23.77,0.46,0.16,0.04,0.0,0.0
D0042,2025-01-01,23.83,0.47,0.17,0.06,0.02,0.0
D0042,2025-02-01,24.73,0.48,0.18,0.07,0.03,0.0
D0042,2025-03-01,20.8,0.41,0.16,0.07,0.04,0.0
D0042,2025-04-01,21.24,0.41,0.16,0.08,0.06,0.0
D0042,2025-05-01,18.61,0.36,0.14,0.07,0.07,0.01
D0042,2025-06-01,18.39,0.36,0.14,0.07,0.08,0.01
D0042,2025-07-01,17.59,0.34,0.13,0.07,0.1,0.01
D0042,2025-08-01,16.25,0.32,0.12,0.06,0.1,0.02
D0042,2025-09-01,16.87,0.33,0.13,0.06,0.12,0.02
D0042,2025-10-01,14.97,0.29,0.11,0.06,0.12,0.03
D0042,2025-11-01,15.62,0.3,0.12,0.06,0.13,0.04
D0042,2025-12-01,13.84,0.27,0.1,0.05,0.13,0.04
D0042,2026-01-01,13.64,0.27,0.1,0.05,0.13,0.05
D0042,2026-02-01,12.26,0.24,0.09,0.05,0.13,0.05
D0042,2026-03-01,12.75,0.25,0.1,0.05,0.14,0.06
D0042,2026-04-01,12.21,0.24,0.09,0.05,0.14,0.07
D0042,2026-05-01,11.19,0.22,0.08,0.04,0.13,0.07
D0042,2026-06-01,11.03,0.22,0.08,0.04,0.14,0.08
D0042,2026-07-01,9.84,0.19,0.07,0.04,0.13,0.09
D0043,2025-08-01,101.68,4.79,0.0,0.0,0.0,0.0
D0043,2025-09-01,101.54,6.73,2.09,0.0,0.0,0.0
D0043,2025-10-01,87.92,6.49,3.46,0.78,0.0,0.0
D0043,2025-11-01,81.36,6.24,4.24,1.74,0.36,0.0
D0043,2025-12-01,71.38,5.54,4.27,2.36,1.04,0.03
D0043,2026-01-01,76.18,5.93,4.88,3.2,2.26,0.15
D0043,2026-02-01,73.71,2.29,3.11,2.65,2.78,0.25
D0043,2026-03-01,72.82,1.58,1.78,2.12,3.27,0.38
D0043,2026-04-01,66.56,1.31,1.0,1.44,3.34,0.53
D0043,2026-05-01,63.33,1.23,0.68,0.99,3.38,0.69
D0043,2026-06-01,65.15,1.26,0.58,0.73,3.57,0.86
D0043,2026-07-01,62.65,1.22,0.5,0.52,3.45,1.03
D0044,2024-04-01,47.61,0.72,0.0,0.0,0.0,0.0
D0044,2024-05-01,49.43,0.92,0.17,0.0,0.0,0.0
D0044,2024-07-01,47.38,0.92,0.26,0.04,0.0,0.0
D0044,2024-08-01,41.21,0.8,0.27,0.07,0.01,0.0
D0044,2024-09-01,38.73,0.76,0.28,0.09,0.03,0.0
D0044,2024-10-01,36.79,0.72,0.27,0.11,0.05,0.0
D0044,2024-11-01,33.2,0.65,0.25,0.11,0.07,0.0
D0044,2024-12-01,31.27,0.61,0.24,0.11,0.09,0.01
D0044,2025-01-01,30.8,0.6,0.23,0.11,0.12,0.01
D0044,2025-02-01,29.79,0.58,0.22,0.11,0.14,0.02
D0044,2025-04-01,28.28,0.55,0.21,0.11,0.15,0.02
D0044,2025-05-01,24.82,0.48,0.19,0.1,0.15,0.03
D0044,2025-06-01,23.67,0.46,0.18,0.09,0.17,0.04
D0044,2025-07-01,24.65,0.48,0.19,0.09,0.19,0.05
D0044,2025-08-01,24.0,0.47,0.18,0.09,0.2,0.06
D0045,2025-12-01,141.13,6.65,0.0,0.0,0.0,0.0
D0045,2026-01-01,128.29,8.5,2.64,0.0,0.0,0.0
D0045,2026-02-01,117.34,8.66,4.62,1.05,0.0,0.0
D0045,2026-03-01,107.17,8.22,5.59,2.29,0.47,0.0
D0045,2026-04-01,104.13,8.09,6.23,3.44,1.52,0.05
D0045,2026-05-01,97.81,7.62,6.26,4.1,2.9,0.19
D0045,2026-06-01,88.06,6.85,5.82,4.23,4.22,0.46
D0045,2026-07-01,92.11,7.15,6.17,4.77,6.21,0.91
D0046,2026-05-01,289.78,13.65,0.0,0.0,0.0,0.0
D0046,2026-06-01,263.48,17.46,5.41,0.0,0.0,0.0
D0046,2026-07-01,240.47,17.75,9.46,2.14,0.0,0.0
D0047,2025-06-01,100.71,4.75,0.0,0.0,0.0,0.0
D0047,2025-07-01,96.25,6.38,1.98,0.0,0.0,0.0
D0047,2025-08-01,84.71,6.25,3.33,0.75,0.0,0.0
D0047,2025-09-01,82.81,6.35,4.32,1.77,0.36,0.0
D0047,2025-10-01,79.5,6.18,4.76,2.63,1.16,0.04
D0047,2025-11-01,73.85,5.75,4.73,3.1,2.19,0.15
D0047,2025-12-01,63.88,4.97,4.23,3.07,3.06,0.34
D0047,2026-01-01,62.55,4.85,4.19,3.24,4.22,0.65
D0047,2026-02-01,61.65,4.77,4.15,3.33,5.37,1.07
D0047,2026-03-01,53.86,4.15,3.61,2.96,5.7,1.54
D0047,2026-04-01,52.41,4.03,3.5,2.9,6.46,2.11
D0047,2026-05-01,49.26,3.77,3.27,2.72,6.85,2.72
D0047,2026-06-01,52.99,4.05,3.5,2.91,8.11,3.46
D0047,2026-07-01,44.22,3.37,2.9,2.41,7.32,4.15
D0048,2025-03-01,245.52,3.74,0.0,0.0,0.0,0.0
D0048,2025-04-01,233.23,4.34,0.79,0.0,0.0,0.0
D0048,2025-05-01,242.35,4.69,1.35,0.18,0.0,0.0
D0048,2025-06-01,230.61,4.5,1.54,0.38,0.05,0.0
D0048,2025-07-01,210.3,4.1,1.51,0.51,0.14,0.0
D0048,2025-08-01,185.08,3.61,1.37,0.55,0.24,0.01
D0048,2025-09-01,190.41,3.72,1.42,0.63,0.39,0.02
D0048,2025-10-01,181.98,3.55,1.37,0.64,0.53,0.04
D0048,2025-11-01,163.25,3.18,1.23,0.6,0.61,0.06
D0048,2025-12-01,150.13,2.93,1.13,0.56,0.69,0.09
D0048,2026-01-01,158.04,3.08,1.19,0.6,0.86,0.13
D0048,2026-02-01,135.51,2.64,1.02,0.52,0.84,0.16
D0048,2026-03-01,142.59,2.78,1.07,0.55,1.0,0.21
D0048,2026-04-01,119.37,2.33,0.9,0.46,0.92,0.25
D0048,2026-05-01,125.11,2.44,0.94,0.48,1.05,0.3
D0049,2026-02-01,58.55,0.89,0.0,0.0,0.0,0.0
D0049,2026-03-01,50.43,0.94,0.17,0.0,0.0,0.0
D0049,2026-04-01,51.07,0.99,0.28,0.04,0.0,0.0
D0049,2026-05-01,48.48,0.95,0.32,0.08,0.01,0.0
D0049,2026-06-01,49.76,0.97,0.36,0.12,0.03,0.0
D0049,2026-07-01,41.19,0.8,0.3,0.12,0.05,0.0
D0050,2024-08-01,167.92,2.56,0.0,0.0,0.0,0.0
D0050,2024-09-01,164.05,3.06,0.55,0.0,0.0,0.0
D0050,2024-10-01,138.85,2.69,0.77,0.1,0.0,0.0
D0050,2024-11-01,144.92,2.83,0.97,0.24,0.03,0.0
D0050,2024-12-01,124.03,2.42,0.89,0.3,0.08,0.0
D0050,2025-01-01,124.62,2.43,0.92,0.37,0.16,0.01
D0050,2025-02-01,117.29,2.29,0.88,0.39,0.24,0.01
D0050,2025-03-01,121.86,2.38,0.92,0.43,0.35,0.03
D0050,2025-04-01,105.68,2.06,0.8,0.39,0.4,0.04
D0050,2025-05-01,103.97,2.03,0.78,0.39,0.48,0.06
D0050,2025-06-01,91.62,1.79,0.69,0.35,0.5,0.08
D0050,2025-07-01,93.42,1.82,0.7,0.36,0.58,0.11
D0050,2025-08-01,85.65,1.67,0.65,0.33,0.6,0.13
D0050,2025-09-01,85.4,1.67,0.64,0.33,0.66,0.16
D0050,2025-10-01,78.58,1.53,0.59,0.3,0.66,0.19
D0050,2025-11-01,76.6,1.49,0.58,0.3,0.7,0.23
D0050,2025-12-01,70.92,1.38,0.53,0.27,0.69,0.26
D0050,2026-01-01,65.4,1.27,0.49,0.25,0.67,0.29
D0050,2026-02-01,71.26,1.39,0.54,0.28,0.78,0.33
D0050,2026-03-01,62.53,1.22,0.47,0.24,0.71,0.36
D0050,2026-04-01,61.68,1.2,0.46,0.24,0.74,0.4
D0050,2026-05-01,61.45,1.2,0.46,0.24,0.76,0.43
D0050,2026-06-01,56.83,1.11,0.43,0.22,0.73,0.47
D0050,2026-07-01,52.55,1.02,0.4,0.2,0.7,0.5
D0051,2024-04-01,250.93,11.82,0.0,0.0,0.0,0.0
D0051,2024-05-01,226.25,14.99,4.65,0.0,0.0,0.0
D0051,2024-06-01,216.9,16.01,8.53,1.93,0.0,0.0
D0051,2024-07-01,199.34,15.29,10.4,4.27,0.88,0.0
D0051,2024-08-01,169.35,13.15,10.13,5.59,2.47,0.08
D0051,2024-09-01,158.22,12.32,10.13,6.64,4.7,0.31
D0051,2024-10-01,150.92,11.74,9.98,7.25,7.23,0.77
D0051,2024-11-01,127.31,9.88,8.53,6.6,8.59,1.39
D0051,2024-12-01,122.65,9.49,8.25,6.62,10.68,2.23
D0051,2025-01-01,107.36,8.28,7.2,5.9,11.36,3.18
D0051,2025-02-01,100.46,7.72,6.71,5.55,12.38,4.26
D0051,2025-03-01,102.18,7.83,6.79,5.64,14.2,5.53
D0051,2025-04-01,96.51,7.37,6.37,5.3,14.77,6.89
D0051,2025-05-01,95.6,2.92,4.05,4.11,14.42,7.57
D0051,2025-06-01,87.47,1.87,2.12,2.87,13.18,8.21
D0051,2025-07-01,80.26,1.57,1.19,1.9,12.02,8.81
D0051,2025-08-01,76.66,1.48,0.81,1.27,11.28,9.37
D0051,2025-09-01,80.51,1.55,0.7,0.94,11.52,9.96
D0052,2025-09-01,171.85,8.1,0.0,0.0,0.0,0.0
D0052,2025-11-01,141.39,9.37,2.9,0.0,0.0,0.0
D0052,2025-12-01,125.24,9.25,4.93,1.12,0.0,0.0
D0052,2026-01-01,116.01,8.9,6.05,2.48,0.51,0.0
D0052,2026-02-01,117.94,9.16,7.06,3.89,1.72,0.05
D0052,2026-03-01,109.15,8.5,6.99,4.58,3.24,0.22
D0052,2026-04-01,107.07,8.33,7.08,5.15,5.13,0.54
D0052,2026-05-01,93.15,7.23,6.24,4.83,6.28,1.0
D0052,2026-06-01,93.07,2.88,4.02,3.88,6.88,1.29
D0052,2026-07-01,90.93,1.96,2.25,2.95,7.26,1.62
D0053,2025-12-01,156.25,2.38,0.0,0.0,0.0,0.0
D0053,2026-01-01,144.18,2.69,0.49,0.0,0.0,0.0
D0053,2026-02-01,136.2,2.64,0.76,0.1,0.0,0.0
D0053,2026-03-01,138.88,2.71,0.93,0.23,0.03,0.0
D0053,2026-04-01,125.4,2.45,0.9,0.3,0.08,0.0
D0053,2026-05-01,112.82,2.2,0.83,0.33,0.15,0.01
D0053,2026-06-01,107.04,2.09,0.8,0.35,0.22,0.01
D0053,2026-07-01,93.8,1.83,0.71,0.33,0.27,0.02
D0054,2025-02-01,127.49,1.94,0.0,0.0,0.0,0.0
D0054,2025-03-01,113.01,2.1,0.38,0.0,0.0,0.0
D0054,2025-04-01,114.4,2.21,0.64,0.09,0.0,0.0
D0054,2025-05-01,105.58,2.06,0.7,0.17,0.02,0.0
D0054,2025-06-01,108.03,2.11,0.77,0.26,0.07,0.0
D0054,2025-07-01,103.14,2.01,0.76,0.3,0.13,0.0
D0054,2025-08-01,101.3,1.98,0.76,0.34,0.21,0.01
D0054,2025-09-01,97.28,1.9,0.73,0.34,0.28,0.02
D0054,2025-10-01,91.7,1.79,0.69,0.34,0.34,0.03
D0054,2025-11-01,85.54,1.67,0.64,0.32,0.39,0.05
D0054,2025-12-01,80.34,1.57,0.61,0.31,0.44,0.07
D0054,2026-01-01,76.99,1.5,0.58,0.29,0.48,0.09
D0054,2026-02-01,81.55,1.59,0.61,0.31,0.57,0.12
D0054,2026-03-01,70.31,1.37,0.53,0.27,0.54,0.14
D0054,2026-04-01,71.55,1.4,0.54,0.28,0.6,0.17
D0054,2026-05-01,63.32,1.23,0.48,0.24,0.57,0.19
D0054,2026-06-01,63.38,1.24,0.48,0.24,0.62,0.22
D0054,2026-07-01,60.34,1.18,0.45,0.23,0.62,0.25
D0055,2024-05-01,158.09,7.45,0.0,0.0,0.0,0.0
D0055,2024-06-01,142.72,9.46,2.93,0.0,0.0,0.0
D0055,2024-07-01,139.3,10.28,5.48,1.24,0.0,0.0
D0055,2024-08-01,130.9,10.04,6.83,2.8,0.58,0.0
D0055,2024-09-01,115.8,8.99,6.93,3.82,1.69,0.05
D0055,2024-10-01,114.26,8.9,7.32,4.79,3.39,0.22
D0055,2024-11-01,106.03,8.25,7.01,5.1,5.08,0.54
D0055,2024-12-01,99.08,7.69,6.64,5.14,6.68,1.03
D0055,2025-01-01,90.41,6.99,6.08,4.88,7.87,1.65
D0055,2025-02-01,86.37,6.66,5.8,4.75,9.14,2.41
D0055,2025-03-01,93.26,7.17,6.23,5.15,11.49,3.41
D0055,2025-04-01,84.08,6.44,5.58,4.64,11.68,4.46
D0055,2025-05-01,85.48,6.53,5.64,4.7,13.08,5.66
D0055,2025-06-01,74.16,5.65,4.87,4.05,12.28,6.8
D0055,2025-07-01,75.67,5.75,4.94,4.1,13.35,8.07
D0055,2025-08-01,67.2,5.1,4.37,3.61,12.5,9.26
D0055,2025-09-01,64.79,4.91,4.19,3.46,12.58,10.47
D0055,2025-10-01,70.71,5.35,4.56,3.75,14.24,11.85
D0055,2025-11-01,65.83,4.97,4.23,3.47,13.66,13.18
D0055,2025-12-01,62.33,4.7,3.99,3.27,13.26,14.48
D0055,2026-01-01,57.06,4.3,3.65,2.98,12.4,15.7
D0055,2026-02-01,55.2,4.16,3.52,2.87,12.21,16.9
D0055,2026-03-01,54.8,4.13,3.49,2.84,12.31,18.11
D0055,2026-04-01,51.26,3.86,3.26,2.65,11.66,19.27
D0055,2026-05-01,55.48,4.17,3.52,2.86,12.75,20.53
D0055,2026-06-01,51.56,3.88,3.27,2.66,11.96,21.72
D0055,2026-07-01,51.55,3.87,3.27,2.65,12.05,22.92
D0056,2024-11-01,272.87,12.86,0.0,0.0,0.0,0.0
D0056,2024-12-01,232.32,15.4,4.77,0.0,0.0,0.0
D0056,2025-01-01,233.1,17.21,9.17,2.08,0.0,0.0
D0056,2025-02-01,203.43,15.6,10.61,4.35,0.89,0.0
D0056,2025-03-01,194.85,15.13,11.66,6.43,2.85,0.09
D0056,2025-04-01,180.92,14.09,11.59,7.59,5.37,0.36
D0056,2025-05-01,167.42,13.03,11.07,8.05,8.02,0.87
D0056,2025-06-01,145.21,11.27,9.73,7.53,9.79,1.58
D0056,2025-07-01,138.04,10.68,9.28,7.45,12.02,2.52
D0056,2025-08-01,143.48,11.06,9.63,7.88,15.18,3.79
D0056,2025-09-01,144.96,4.46,6.24,6.28,15.78,4.51
D0056,2025-10-01,138.22,2.97,3.39,4.59,15.52,5.24
D0056,2025-11-01,130.42,2.56,1.96,3.12,14.89,5.96
D0056,2025-12-01,124.56,2.41,1.33,2.09,14.2,6.67
D0056,2026-01-01,113.44,2.19,1.0,1.34,12.72,7.31
D0056,2026-02-01,106.18,2.05,0.85,0.91,11.59,7.9
D0056,2026-03-01,101.55,1.96,0.78,0.67,10.72,8.45
D0056,2026-04-01,104.67,2.03,0.79,0.57,10.64,9.0
D0056,2026-05-01,97.89,1.9,0.73,0.46,9.57,9.5
D0056,2026-06-01,88.65,1.72,0.66,0.38,8.31,9.93
D0056,2026-07-01,90.79,1.76,0.68,0.37,8.17,10.35
D0057,2024-07-01,233.95,3.56,0.0,0.0,0.0,0.0
D0057,2024-08-01,219.68,4.09,0.74,0.0,0.0,0.0
D0057,2024-09-01,216.54,4.19,1.21,0.16,0.0,0.0
D0057,2024-10-01,199.49,3.89,1.33,0.33,0.04,0.0
D0057,2024-11-01,193.79,3.78,1.39,0.47,0.13,0.0
D0057,2024-12-01,163.91,3.2,1.21,0.48,0.21,0.01
D0057,2025-01-01,166.55,3.25,1.25,0.55,0.35,0.02
D0057,2025-02-01,148.54,2.9,1.12,0.53,0.43,0.03
D0057,2025-03-01,150.17,2.93,1.13,0.55,0.56,0.06
D0057,2025-04-01,140.33,2.74,1.06,0.53,0.64,0.08
D0057,2025-05-01,124.35,2.43,0.94,0.47,0.67,0.11
D0057,2025-06-01,117.9,2.3,0.89,0.45,0.73,0.14
D0057,2025-07-01,113.43,2.21,0.85,0.44,0.79,0.18
D0057,2025-08-01,117.12,2.28,0.88,0.45,0.9,0.22
D0057,2025-10-01,97.85,1.91,0.74,0.38,0.82,0.26
D0057,2025-11-01,99.26,1.94,0.75,0.38,0.9,0.3
D0057,2025-12-01,89.92,1.75,0.68,0.35,0.87,0.34
D0057,2026-01-01,83.63,1.63,0.63,0.32,0.86,0.38
D0057,2026-02-01,85.56,1.67,0.64,0.33,0.93,0.42
D0057,2026-03-01,73.15,1.43,0.55,0.28,0.84,0.46
D0057,2026-04-01,69.82,1.36,0.53,0.27,0.83,0.5
D0057,2026-05-01,64.3,1.25,0.48,0.25,0.8,0.54
D0057,2026-06-01,61.11,1.19,0.46,0.24,0.79,0.58
D0057,2026-07-01,58.88,1.15,0.44,0.23,0.79,0.62
D0058,2024-05-01,302.58,4.61,0.0,0.0,0.0,0.0
D0058,2024-06-01,303.15,5.65,1.02,0.0,0.0,0.0
D0058,2024-07-01,279.46,5.41,1.56,0.21,0.0,0.0
D0058,2024-08-01,276.03,5.38,1.84,0.46,0.06,0.0
D0058,2024-09-01,260.98,5.09,1.87,0.63,0.17,0.0
D0058,2024-10-01,243.96,4.76,1.8,0.72,0.32,0.01
D0058,2024-11-01,227.18,4.43,1.7,0.75,0.47,0.03
D0058,2024-12-01,197.97,3.86,1.49,0.7,0.57,0.05
D0058,2025-01-01,186.15,3.63,1.4,0.68,0.7,0.07
D0058,2025-02-01,173.78,3.39,1.31,0.65,0.8,0.11
D0058,2025-03-01,175.74,3.43,1.32,0.67,0.95,0.15
D0058,2025-04-01,163.78,3.19,1.23,0.63,1.02,0.19
D0058,2025-05-01,159.59,3.11,1.2,0.61,1.11,0.24
D0058,2025-06-01,147.7,2.88,1.11,0.57,1.14,0.29
D0058,2025-07-01,142.75,2.78,1.08,0.55,1.2,0.35
D0058,2025-08-01,131.74,2.57,0.99,0.51,1.2,0.4
D0058,2025-09-01,130.58,2.55,0.98,0.5,1.27,0.46
D0058,2025-10-01,115.84,2.26,0.87,0.45,1.19,0.52
D0058,2025-11-01,118.98,2.32,0.9,0.46,1.29,0.58
D0058,2025-12-01,102.61,2.0,0.77,0.4,1.17,0.64
D0058,2026-01-01,99.95,1.95,0.75,0.39,1.19,0.69
D0058,2026-02-01,98.73,1.92,0.74,0.38,1.23,0.75
D0058,2026-03-01,90.63,1.77,0.68,0.35,1.17,0.81
D0058,2026-04-01,93.14,1.82,0.7,0.36,1.24,0.87
D0058,2026-06-01,76.07,1.48,0.57,0.29,1.05,0.92
D0058,2026-07-01,76.32,1.49,0.57,0.29,1.08,0.97
D0059,2025-04-01,131.65,2.0,0.0,0.0,0.0,0.0
D0059,2025-05-01,120.97,2.25,0.41,0.0,0.0,0.0
D0059,2025-06-01,116.44,2.25,0.65,0.09,0.0,0.0
D0059,2025-07-01,109.39,2.13,0.73,0.18,0.02,0.0
D0059,2025-08-01,103.71,2.02,0.74,0.25,0.07,0.0
D0059,2025-09-01,98.74,1.93,0.73,0.29,0.13,0.0
D0059,2025-11-01,102.81,2.01,0.77,0.34,0.21,0.01
D0059,2025-12-01,98.21,1.92,0.74,0.35,0.28,0.02
D0059,2026-01-01,86.28,1.68,0.65,0.32,0.32,0.03
D0059,2026-02-01,90.83,1.77,0.68,0.34,0.42,0.05
D0059,2026-03-01,81.96,1.6,0.62,0.31,0.44,0.07
D0059,2026-04-01,80.06,1.56,0.6,0.31,0.5,0.09
D0059,2026-05-01,74.75,1.46,0.56,0.29,0.52,0.11
D0059,2026-06-01,69.3,1.35,0.52,0.27,0.53,0.14
D0059,2026-07-01,71.82,1.4,0.54,0.28,0.6,0.17
D0060,2024-08-01,243.5,3.71,0.0,0.0,0.0,0.0
D0060,2024-09-01,235.82,4.39,0.8,0.0,0.0,0.0
D0060,2024-10-01,238.77,4.62,1.33,0.18,0.0,0.0
D0060,2024-11-01,217.96,4.25,1.45,0.36,0.05,0.0
D0060,2024-12-01,201.69,3.94,1.45,0.49,0.13,0.0
D0060,2025-01-01,194.79,3.8,1.44,0.58,0.25,0.01
D0060,2025-03-01,171.73,3.35,1.28,0.57,0.36,0.02
D0060,2025-04-01,170.18,3.32,1.28,0.6,0.49,0.04
D0060,2025-05-01,158.71,3.1,1.2,0.58,0.59,0.06
D0060,2025-06-01,141.48,2.76,1.07,0.53,0.65,0.09
D0060,2025-07-01,134.0,2.61,1.01,0.51,0.73,0.12
D0060,2025-09-01,124.22,2.42,0.94,0.48,0.77,0.15
D0060,2025-10-01,117.34,2.29,0.88,0.45,0.82,0.19
D0060,2025-11-01,116.39,2.27,0.88,0.45,0.9,0.23
D0060,2025-12-01,106.41,2.07,0.8,0.41,0.9,0.27
D0060,2026-01-01,102.94,2.01,0.78,0.4,0.93,0.31
D0060,2026-02-01,90.61,1.77,0.68,0.35,0.88,0.35
D0060,2026-03-01,90.09,1.76,0.68,0.35,0.93,0.4
D0060,2026-04-01,82.19,1.6,0.62,0.32,0.89,0.44
D0061,2024-05-01,234.87,3.58,0.0,0.0,0.0,0.0
D0061,2024-06-01,218.75,4.07,0.74,0.0,0.0,0.0
D0061,2024-07-01,219.42,4.25,1.22,0.16,0.0,0.0
D0061,2024-08-01,202.82,3.95,1.35,0.34,0.04,0.0
D0061,2024-09-01,172.58,3.37,1.24,0.42,0.11,0.0
D0061,2024-10-01,161.55,3.15,1.19,0.48,0.21,0.01
D0061,2024-11-01,148.88,2.9,1.11,0.49,0.31,0.02
D0061,2024-12-01,156.87,3.06,1.18,0.55,0.45,0.03
D0061,2025-01-01,142.85,2.79,1.08,0.52,0.54,0.05
D0061,2025-02-01,130.05,2.54,0.98,0.49,0.6,0.08
D0061,2025-03-01,123.89,2.42,0.93,0.47,0.67,0.11
D0061,2025-04-01,122.43,2.39,0.92,0.47,0.76,0.14
D0062,2026-01-01,51.93,2.45,0.0,0.0,0.0,0.0
D0062,2026-02-01,49.37,3.27,1.01,0.0,0.0,0.0
D0062,2026-03-01,45.69,3.37,1.8,0.41,0.0,0.0
D0062,2026-04-01,42.77,3.28,2.23,0.92,0.19,0.0
D0062,2026-05-01,37.33,2.9,2.23,1.23,0.55,0.02
D0062,2026-06-01,34.13,2.66,2.19,1.43,1.01,0.07
D0062,2026-07-01,31.58,2.46,2.09,1.52,1.51,0.16
D0063,2025-12-01,91.14,4.29,0.0,0.0,0.0,0.0
D0063,2026-01-01,83.39,5.53,1.71,0.0,0.0,0.0
D0063,2026-02-01,69.04,5.1,2.72,0.61,0.0,0.0
D0063,2026-03-01,67.58,5.18,3.52,1.45,0.3,0.0
D0063,2026-04-01,64.54,5.01,3.86,2.13,0.94,0.03
D0063,2026-05-01,57.88,4.51,3.71,2.43,1.72,0.12
D0063,2026-06-01,52.76,4.11,3.49,2.54,2.53,0.28
D0063,2026-07-01,49.17,3.82,3.3,2.55,3.32,0.52
D0064,2026-06-01,4.7,0.07,0.0,0.0,0.0,0.0
D0064,2026-07-01,4.11,0.08,0.01,0.0,0.0,0.0
D0065,2025-02-01,13.86,0.21,0.0,0.0,0.0,0.0
D0065,2025-03-01,13.2,0.25,0.04,0.0,0.0,0.0
D0065,2025-04-01,13.35,0.26,0.07,0.01,0.0,0.0
D0065,2025-05-01,13.53,0.26,0.09,0.02,0.0,0.0
D0065,2025-06-01,12.76,0.25,0.09,0.03,0.01,0.0
D0065,2025-07-01,11.22,0.22,0.08,0.03,0.01,0.0
D0065,2025-08-01,12.22,0.24,0.09,0.04,0.03,0.0
D0065,2025-09-01,10.93,0.21,0.08,0.04,0.03,0.0
D0065,2025-10-01,11.58,0.23,0.09,0.04,0.04,0.0
D0065,2025-11-01,10.68,0.21,0.08,0.04,0.05,0.01
D0065,2025-12-01,10.56,0.21,0.08,0.04,0.06,0.01
D0065,2026-01-01,10.06,0.2,0.08,0.04,0.06,0.01
D0065,2026-02-01,9.76,0.19,0.07,0.04,0.07,0.01
D0065,2026-03-01,8.48,0.17,0.06,0.03,0.07,0.02
D0065,2026-04-01,8.05,0.16,0.06,0.03,0.07,0.02
D0065,2026-05-01,8.84,0.17,0.07,0.03,0.08,0.02
D0065,2026-06-01,8.04,0.16,0.06,0.03,0.08,0.03
D0065,2026-07-01,8.01,0.16,0.06,0.03,0.08,0.03
D0066,2025-04-01,103.26,1.57,0.0,0.0,0.0,0.0
D0066,2025-05-01,99.45,1.85,0.34,0.0,0.0,0.0
D0066,2025-06-01,91.89,1.78,0.51,0.07,0.0,0.0
D0066,2025-07-01,93.16,1.82,0.62,0.15,0.02,0.0
D0066,2025-08-01,93.42,1.82,0.67,0.23,0.06,0.0
D0066,2025-09-01,84.23,1.64,0.62,0.25,0.11,0.0
D0066,2025-10-01,82.53,1.61,0.62,0.27,0.17,0.01
D0066,2025-12-01,71.41,1.39,0.54,0.25,0.21,0.02
D0066,2026-01-01,67.46,1.32,0.51,0.25,0.25,0.03
D0066,2026-03-01,63.11,1.23,0.48,0.24,0.29,0.04
D0066,2026-04-01,68.22,1.33,0.51,0.26,0.37,0.05
D0066,2026-05-01,62.1,1.21,0.47,0.24,0.39,0.07
D0066,2026-06-01,55.42,1.08,0.42,0.21,0.39,0.09
D0066,2026-07-01,59.51,1.16,0.45,0.23,0.46,0.11
D0067,2025-09-01,197.01,3.0,0.0,0.0,0.0,0.0
D0067,2025-10-01,187.36,3.49,0.63,0.0,0.0,0.0
D0067,2025-11-01,170.46,3.3,0.95,0.13,0.0,0.0
D0067,2025-12-01,179.53,3.5,1.2,0.3,0.04,0.0
D0067,2026-01-01,162.95,3.18,1.17,0.39,0.11,0.0
D0067,2026-02-01,163.05,3.18,1.2,0.48,0.21,0.01
D0067,2026-04-01,149.57,2.92,1.12,0.5,0.31,0.02
D0067,2026-05-01,151.11,2.95,1.14,0.53,0.44,0.03
D0067,2026-06-01,141.43,2.76,1.07,0.52,0.53,0.05
D0067,2026-07-01,129.14,2.52,0.97,0.48,0.59,0.08
D0068,2025-09-01,24.41,0.37,0.0,0.0,0.0,0.0
D0068,2025-10-01,21.03,0.39,0.07,0.0,0.0,0.0
D0068,2025-11-01,18.98,0.37,0.11,0.01,0.0,0.0
D0068,2025-12-01,18.83,0.37,0.13,0.03,0.0,0.0
D0068,2026-01-01,18.39,0.36,0.13,0.04,0.01,0.0
D0068,2026-02-01,17.39,0.34,0.13,0.05,0.02,0.0
D0068,2026-03-01,16.4,0.32,0.12,0.05,0.03,0.0
D0068,2026-04-01,15.18,0.3,0.11,0.05,0.04,0.0
D0068,2026-05-01,14.6,0.28,0.11,0.05,0.05,0.01
D0068,2026-06-01,12.64,0.25,0.1,0.05,0.06,0.01
D0068,2026-07-01,12.16,0.24,0.09,0.05,0.07,0.01
D0069,2026-04-01,185.11,8.72,0.0,0.0,0.0,0.0
D0069,2026-05-01,152.32,10.09,3.13,0.0,0.0,0.0
D0069,2026-06-01,157.17,11.6,6.18,1.4,0.0,0.0
D0069,2026-07-01,134.56,10.32,7.02,2.88,0.59,0.0
D0070,2026-02-01,145.72,2.22,0.0,0.0,0.0,0.0
D0070,2026-03-01,128.58,2.39,0.43,0.0,0.0,0.0
D0070,2026-04-01,135.18,2.62,0.75,0.1,0.0,0.0
D0070,2026-05-01,117.27,2.29,0.78,0.19,0.02,0.0
D0070,2026-06-01,115.36,2.25,0.83,0.28,0.08,0.0
D0070,2026-07-01,111.71,2.18,0.83,0.33,0.15,0.0
D0071,2025-07-01,117.76,5.55,0.0,0.0,0.0,0.0
D0071,2025-08-01,111.88,7.41,2.3,0.0,0.0,0.0
D0071,2025-09-01,93.91,6.93,3.69,0.84,0.0,0.0
D0071,2025-10-01,89.08,6.83,4.65,1.91,0.39,0.0
D0071,2025-11-01,82.49,6.41,4.93,2.72,1.21,0.04
D0071,2025-12-01,77.19,6.01,4.94,3.24,2.29,0.15
D0071,2026-01-01,69.22,5.39,4.58,3.33,3.31,0.36
D0071,2026-02-01,64.97,5.04,4.35,3.37,4.38,0.68
D0071,2026-03-01,64.52,4.99,4.34,3.48,5.62,1.12
D0071,2026-04-01,60.89,4.69,4.09,3.35,6.44,1.66
D0071,2026-05-01,57.01,4.38,3.81,3.15,7.02,2.27
D0071,2026-06-01,61.12,1.87,2.62,2.65,7.6,2.63
D0071,2026-07-01,61.84,1.32,1.51,2.05,7.83,3.0
D0072,2026-05-01,5.73,0.27,0.0,0.0,0.0,0.0
D0072,2026-06-01,5.26,0.35,0.11,0.0,0.0,0.0
D0072,2026-07-01,4.89,0.36,0.19,0.04,0.0,0.0
D0073,2025-03-01,56.62,0.86,0.0,0.0,0.0,0.0
D0073,2025-04-01,53.95,1.0,0.18,0.0,0.0,0.0
D0073,2025-05-01,50.34,0.97,0.28,0.04,0.0,0.0
D0073,2025-06-01,46.24,0.9,0.31,0.08,0.01,0.0
D0073,2025-07-01,48.15,0.94,0.35,0.12,0.03,0.0
D0073,2025-08-01,44.49,0.87,0.33,0.13,0.06,0.0
D0073,2025-09-01,43.4,0.85,0.32,0.14,0.09,0.0
D0073,2025-10-01,44.76,0.87,0.34,0.16,0.13,0.01
D0073,2025-11-01,42.55,0.83,0.32,0.16,0.16,0.02
D0073,2025-12-01,39.11,0.76,0.29,0.15,0.18,0.02
D0073,2026-01-01,35.48,0.69,0.27,0.13,0.19,0.03
D0073,2026-02-01,36.62,0.71,0.28,0.14,0.23,0.04
D0073,2026-03-01,34.33,0.67,0.26,0.13,0.24,0.05
D0073,2026-04-01,35.43,0.69,0.27,0.14,0.27,0.06
D0073,2026-05-01,32.56,0.63,0.25,0.13,0.27,0.08
D0073,2026-06-01,33.42,0.65,0.25,0.13,0.3,0.09
D0073,2026-07-01,30.56,0.6,0.23,0.12,0.3,0.1
D0074,2025-01-01,135.68,2.07,0.0,0.0,0.0,0.0
D0074,2025-02-01,128.47,2.39,0.43,0.0,0.0,0.0
D0074,2025-03-01,112.45,2.18,0.63,0.08,0.0,0.0
D0074,2025-04-01,113.54,2.21,0.76,0.19,0.02,0.0
D0074,2025-05-01,98.1,1.91,0.7,0.24,0.06,0.0
D0074,2025-06-01,91.61,1.79,0.68,0.27,0.12,0.0
D0074,2025-07-01,87.86,1.71,0.66,0.29,0.18,0.01
D0074,2025-08-01,83.2,1.62,0.63,0.29,0.24,0.02
D0074,2025-09-01,81.81,1.6,0.62,0.3,0.31,0.03
D0074,2025-10-01,69.6,1.36,0.52,0.26,0.32,0.04
D0074,2025-11-01,68.02,1.33,0.51,0.26,0.37,0.06
D0074,2025-12-01,60.77,1.19,0.46,0.23,0.38,0.08
D0074,2026-01-01,58.57,1.14,0.44,0.23,0.41,0.09
D0074,2026-02-01,60.31,1.18,0.45,0.23,0.47,0.11
D0074,2026-03-01,55.39,1.08,0.42,0.21,0.47,0.14
D0074,2026-04-01,52.45,1.02,0.4,0.2,0.48,0.16
D0074,2026-05-01,48.2,0.94,0.36,0.19,0.47,0.18
D0074,2026-06-01,48.09,0.94,0.36,0.19,0.5,0.2
D0074,2026-07-01,39.93,0.78,0.3,0.15,0.43,0.22
D0075,2024-10-01,110.08,1.68,0.0,0.0,0.0,0.0
D0075,2024-11-01,96.75,1.8,0.33,0.0,0.0,0.0
D0075,2024-12-01,90.83,1.76,0.51,0.07,0.0,0.0
D0075,2025-01-01,88.67,1.73,0.59,0.15,0.02,0.0
D0075,2025-02-01,82.0,1.6,0.59,0.2,0.05,0.0
D0075,2025-03-01,86.94,1.7,0.64,0.26,0.11,0.0
D0075,2025-04-01,73.24,1.43,0.55,0.24,0.15,0.01
D0075,2025-05-01,69.67,1.36,0.52,0.25,0.2,0.02
D0075,2025-06-01,69.31,1.35,0.52,0.25,0.26,0.03
D0075,2025-07-01,64.93,1.27,0.49,0.24,0.3,0.04
D0075,2025-08-01,66.31,1.29,0.5,0.25,0.36,0.05
D0075,2025-09-01,62.07,1.21,0.47,0.24,0.39,0.07
D0075,2025-10-01,57.08,1.11,0.43,0.22,0.4,0.09
D0075,2025-11-01,55.02,1.07,0.41,0.21,0.42,0.11
D0075,2025-12-01,50.45,0.98,0.38,0.19,0.42,0.13
D0075,2026-01-01,47.18,0.92,0.36,0.18,0.43,0.15
D0075,2026-02-01,44.51,0.87,0.34,0.17,0.43,0.17
D0075,2026-03-01,43.02,0.84,0.32,0.17,0.44,0.19
D0075,2026-04-01,39.29,0.77,0.3,0.15,0.43,0.21
D0075,2026-05-01,39.02,0.76,0.29,0.15,0.45,0.23
D0075,2026-06-01,35.59,0.69,0.27,0.14,0.42,0.25
D0075,2026-07-01,33.48,0.65,0.25,0.13,0.42,0.27
D0076,2024-07-01,194.53,2.96,0.0,0.0,0.0,0.0
D0076,2024-08-01,193.16,3.6,0.65,0.0,0.0,0.0
D0076,2024-09-01,174.46,3.38,0.97,0.13,0.0,0.0
D0076,2024-10-01,177.21,3.45,1.18,0.29,0.04,0.0
D0076,2024-11-01,160.56,3.13,1.15,0.39,0.11,0.0
D0076,2024-12-01,163.54,3.19,1.21,0.48,0.21,0.01
D0076,2025-01-01,148.47,2.9,1.11,0.49,0.31,0.02
D0076,2025-02-01,140.7,2.74,1.06,0.5,0.41,0.03
D0076,2025-03-01,141.15,2.75,1.06,0.52,0.53,0.05
D0076,2025-04-01,120.74,2.35,0.91,0.45,0.55,0.07
D0076,2025-05-01,119.63,2.33,0.9,0.45,0.65,0.1
D0076,2025-06-01,116.6,2.27,0.88,0.45,0.72,0.13
D0076,2025-07-01,102.12,1.99,0.77,0.39,0.71,0.17
D0076,2025-08-01,95.5,1.86,0.72,0.37,0.74,0.2
D0076,2025-09-01,96.41,1.88,0.73,0.37,0.81,0.24
D0076,2025-11-01,85.22,1.66,0.64,0.33,0.77,0.27
D0076,2025-12-01,84.62,1.65,0.64,0.33,0.82,0.31
D0076,2026-01-01,73.55,1.43,0.55,0.28,0.76,0.35
D0076,2026-03-01,67.27,1.31,0.51,0.26,0.73,0.38
D0076,2026-04-01,69.86,1.36,0.53,0.27,0.8,0.42
D0076,2026-05-01,66.21,1.29,0.5,0.26,0.79,0.46
D0076,2026-06-01,61.95,1.21,0.47,0.24,0.77,0.49
D0076,2026-07-01,52.84,1.03,0.4,0.2,0.68,0.53
D0077,2024-11-01,211.66,3.22,0.0,0.0,0.0,0.0
D0077,2024-12-01,193.59,3.61,0.65,0.0,0.0,0.0
D0077,2025-01-01,203.05,3.93,1.13,0.15,0.0,0.0
D0077,2025-02-01,199.89,3.9,1.33,0.33,0.04,0.0
D0077,2025-03-01,179.52,3.5,1.29,0.43,0.12,0.0
D0077,2025-04-01,195.25,3.81,1.44,0.58,0.26,0.01
D0077,2025-05-01,192.14,3.75,1.44,0.64,0.4,0.02
D0077,2025-06-01,167.51,3.27,1.26,0.59,0.49,0.04
D0077,2025-07-01,164.15,3.2,1.24,0.6,0.62,0.06
D0077,2025-08-01,173.73,3.39,1.31,0.65,0.8,0.09
D0077,2025-09-01,153.69,3.0,1.16,0.58,0.83,0.13
D0077,2025-10-01,162.07,3.16,1.22,0.62,1.01,0.17
D0078,2026-02-01,71.92,3.39,0.0,0.0,0.0,0.0
D0078,2026-03-01,68.37,4.53,1.4,0.0,0.0,0.0
D0078,2026-04-01,60.61,4.47,2.38,0.54,0.0,0.0
D0078,2026-05-01,57.62,4.42,3.0,1.23,0.25,0.0
D0078,2026-07-01,50.64,3.93,3.03,1.67,0.74,0.02
D0079,2024-12-01,144.9,2.21,0.0,0.0,0.0,0.0
D0079,2025-01-01,144.57,2.69,0.49,0.0,0.0,0.0
D0079,2025-02-01,133.96,2.59,0.75,0.1,0.0,0.0
D0079,2025-03-01,138.0,2.69,0.92,0.23,0.03,0.0
D0079,2025-04-01,130.11,2.54,0.93,0.31,0.09,0.0
D0079,2025-05-01,129.3,2.52,0.96,0.38,0.17,0.01
D0079,2025-06-01,129.23,2.52,0.97,0.43,0.27,0.01
D0079,2025-07-01,110.53,2.16,0.83,0.39,0.32,0.03
D0079,2025-08-01,112.99,2.2,0.85,0.42,0.42,0.04
D0079,2025-09-01,108.35,2.11,0.82,0.41,0.5,0.06
D0079,2025-10-01,104.96,2.05,0.79,0.4,0.57,0.09
D0079,2025-11-01,102.07,1.99,0.77,0.39,0.63,0.11
D0079,2026-01-01,84.23,1.64,0.63,0.32,0.59,0.14
D0079,2026-02-01,88.0,1.72,0.66,0.34,0.68,0.17
D0079,2026-03-01,81.34,1.59,0.61,0.31,0.68,0.2
D0079,2026-04-01,80.78,1.57,0.61,0.31,0.73,0.24
D0079,2026-05-01,75.77,1.48,0.57,0.29,0.74,0.27
D0079,2026-06-01,71.27,1.39,0.54,0.28,0.74,0.31
D0079,2026-07-01,73.3,1.43,0.55,0.28,0.8,0.34
D0080,2024-07-01,160.37,2.44,0.0,0.0,0.0,0.0
D0080,2024-08-01,153.73,2.86,0.52,0.0,0.0,0.0
D0080,2024-09-01,155.89,3.02,0.87,0.12,0.0,0.0
D0080,2024-10-01,150.76,2.94,1.01,0.25,0.03,0.0
D0080,2024-11-01,134.19,2.62,0.96,0.32,0.09,0.0
D0080,2024-12-01,131.1,2.56,0.97,0.39,0.17,0.01
D0080,2025-01-01,124.18,2.42,0.93,0.41,0.26,0.01
D0080,2025-02-01,113.31,2.21,0.85,0.4,0.33,0.03
D0080,2025-03-01,120.19,2.34,0.91,0.44,0.45,0.04
D0080,2025-04-01,114.78,2.24,0.87,0.43,0.53,0.06
D0080,2025-05-01,111.38,2.17,0.84,0.42,0.6,0.09
D0080,2025-06-01,94.82,1.85,0.71,0.36,0.59,0.12
D0080,2025-07-01,100.78,1.97,0.76,0.39,0.7,0.15
D0080,2025-08-01,87.99,1.72,0.66,0.34,0.68,0.18
D0080,2025-09-01,88.54,1.73,0.67,0.34,0.75,0.21
D0080,2025-10-01,88.37,1.72,0.67,0.34,0.8,0.25
D0080,2025-11-01,84.07,1.64,0.63,0.32,0.82,0.29
D0080,2025-12-01,70.77,1.38,0.53,0.27,0.73,0.32
D0080,2026-01-01,74.6,1.45,0.56,0.29,0.81,0.36
D0080,2026-02-01,67.18,1.31,0.51,0.26,0.77,0.4
D0080,2026-03-01,61.78,1.2,0.47,0.24,0.74,0.43
D0080,2026-04-01,66.56,1.3,0.5,0.26,0.83,0.47
D0080,2026-05-01,55.77,1.09,0.42,0.22,0.72,0.51
D0080,2026-06-01,59.54,1.16,0.45,0.23,0.79,0.55
D0080,2026-07-01,51.01,0.99,0.38,0.2,0.7,0.58
D0081,2024-04-01,171.28,8.07,0.0,0.0,0.0,0.0
D0081,2024-05-01,148.79,9.86,3.06,0.0,0.0,0.0
D0081,2024-06-01,156.01,11.52,6.14,1.39,0.0,0.0
D0081,2024-07-01,134.88,10.34,7.03,2.89,0.59,0.0
D0081,2024-08-01,126.71,9.84,7.58,4.18,1.85,0.06
D0081,2024-09-01,125.98,9.81,8.07,5.29,3.74,0.25
D0081,2024-10-01,110.39,8.59,7.3,5.3,5.29,0.58
D0081,2024-11-01,101.79,7.9,6.82,5.28,6.86,1.08
D0081,2024-12-01,109.08,3.37,4.71,4.55,8.07,1.42
D0081,2025-01-01,105.05,2.26,2.6,3.4,8.38,1.8
D0081,2025-02-01,100.16,1.97,1.52,2.36,8.38,2.2
D0081,2025-03-01,98.89,1.91,1.06,1.64,8.44,2.61
D0081,2025-04-01,90.81,1.76,0.8,1.07,7.74,2.99
D0082,2024-08-01,269.56,12.7,0.0,0.0,0.0,0.0
D0082,2024-09-01,243.24,16.12,5.0,0.0,0.0,0.0
D0082,2024-10-01,251.97,18.6,9.91,2.24,0.0,0.0
D0082,2024-11-01,219.87,16.86,11.47,4.71,0.97,0.0
D0082,2024-12-01,216.1,16.79,12.93,7.14,3.16,0.1
D0082,2025-01-01,207.36,16.15,13.28,8.7,6.16,0.41
D0082,2025-02-01,190.01,14.78,12.57,9.13,9.1,0.98
D0082,2025-03-01,191.12,14.83,12.81,9.91,12.89,1.92
D0082,2025-04-01,164.99,12.76,11.09,8.9,14.36,3.05
D0082,2025-05-01,165.01,12.72,11.07,9.07,17.46,4.51
D0082,2025-07-01,146.43,11.25,9.78,8.09,18.04,6.08
D0082,2025-08-01,146.73,11.24,9.75,8.1,20.39,7.9
D0082,2025-09-01,129.62,9.9,8.56,7.12,19.84,9.72
D0082,2025-10-01,122.23,9.31,8.02,6.67,20.23,11.61
D0082,2025-11-01,110.62,8.41,7.22,5.99,19.52,13.46
D0082,2025-12-01,113.75,8.63,7.39,6.12,21.15,15.48
D0083,2026-04-01,225.0,3.43,0.0,0.0,0.0,0.0
D0083,2026-05-01,215.06,4.01,0.73,0.0,0.0,0.0
D0083,2026-06-01,190.57,3.69,1.06,0.14,0.0,0.0
D0083,2026-07-01,186.62,3.64,1.24,0.31,0.04,0.0
D0084,2024-11-01,112.85,5.32,0.0,0.0,0.0,0.0
D0084,2024-12-01,102.1,6.77,2.1,0.0,0.0,0.0
D0084,2025-01-01,93.74,6.92,3.69,0.83,0.0,0.0
D0084,2025-02-01,86.49,6.63,4.51,1.85,0.38,0.0
D0084,2025-03-01,82.75,6.43,4.95,2.73,1.21,0.04
D0084,2025-04-01,74.92,5.84,4.8,3.14,2.22,0.15
D0084,2025-05-01,76.13,5.92,5.03,3.66,3.65,0.38
D0084,2025-06-01,68.47,5.31,4.59,3.55,4.62,0.71
D0084,2025-07-01,67.11,5.19,4.51,3.62,5.84,1.17
D0084,2025-08-01,61.89,4.77,4.15,3.4,6.55,1.72
D0084,2025-09-01,59.67,4.58,3.99,3.3,7.35,2.36
D0084,2025-10-01,56.16,4.3,3.73,3.1,7.81,3.06
D0085,2024-12-01,265.99,4.05,0.0,0.0,0.0,0.0
D0085,2025-01-01,239.39,4.46,0.81,0.0,0.0,0.0
D0085,2025-02-01,233.55,4.52,1.3,0.17,0.0,0.0
D0085,2025-03-01,219.85,4.29,1.47,0.36,0.05,0.0
D0085,2025-04-01,200.87,3.92,1.44,0.48,0.13,0.0
D0085,2025-05-01,188.83,3.69,1.39,0.56,0.25,0.01
D0085,2025-06-01,177.96,3.47,1.33,0.59,0.37,0.02
D0085,2025-07-01,151.0,2.95,1.13,0.53,0.44,0.04
D0085,2025-08-01,143.5,2.8,1.08,0.53,0.54,0.06
D0085,2025-09-01,144.22,2.81,1.09,0.54,0.66,0.08
D0085,2025-10-01,133.18,2.6,1.0,0.51,0.72,0.11
D0085,2025-11-01,123.08,2.4,0.93,0.47,0.77,0.15
D0085,2025-12-01,118.8,2.32,0.9,0.46,0.83,0.18
D0085,2026-01-01,101.15,1.97,0.76,0.39,0.78,0.22
D0085,2026-02-01,98.41,1.92,0.74,0.38,0.83,0.26
D0086,2025-01-01,135.91,2.07,0.0,0.0,0.0,0.0
D0086,2025-02-01,136.63,2.54,0.46,0.0,0.0,0.0
D0086,2025-03-01,121.47,2.35,0.68,0.09,0.0,0.0
D0086,2025-05-01,105.75,2.06,0.71,0.17,0.02,0.0
D0086,2025-06-01,112.04,2.19,0.8,0.27,0.07,0.0
D0086,2025-07-01,107.43,2.1,0.79,0.32,0.14,0.0
D0086,2025-08-01,100.27,1.96,0.75,0.33,0.21,0.01
D0086,2025-09-01,85.39,1.67,0.64,0.3,0.25,0.02
D0086,2025-10-01,85.08,1.66,0.64,0.31,0.32,0.03
D0086,2025-11-01,78.88,1.54,0.59,0.3,0.36,0.05
D0086,2025-12-01,81.08,1.58,0.61,0.31,0.44,0.07
D0086,2026-01-01,76.09,1.48,0.57,0.29,0.47,0.09
D0086,2026-02-01,72.18,1.41,0.54,0.28,0.5,0.11
D0086,2026-04-01,59.91,1.17,0.45,0.23,0.46,0.13
D0086,2026-05-01,62.36,1.22,0.47,0.24,0.52,0.15
D0086,2026-06-01,58.41,1.14,0.44,0.23,0.53,0.18
D0086,2026-07-01,48.76,0.95,0.37,0.19,0.47,0.2
D0087,2024-05-01,238.96,11.26,0.0,0.0,0.0,0.0
D0087,2024-06-01,235.55,15.61,4.84,0.0,0.0,0.0
D0087,2024-07-01,202.66,14.96,7.97,1.81,0.0,0.0
D0087,2024-08-01,187.13,14.35,9.76,4.0,0.82,0.0
D0087,2024-09-01,174.74,13.57,10.45,5.77,2.55,0.08
D0087,2024-10-01,173.61,13.52,11.12,7.29,5.16,0.34
D0087,2024-11-01,151.58,11.79,10.03,7.28,7.26,0.8
D0087,2024-12-01,141.45,10.98,9.48,7.33,9.54,1.49
D0087,2025-01-01,140.83,10.89,9.47,7.6,12.26,2.45
D0087,2025-02-01,137.35,4.23,5.93,5.88,12.63,3.02
D0087,2025-03-01,147.74,3.17,3.64,4.87,14.28,3.68
D0087,2025-04-01,144.6,2.84,2.18,3.45,14.39,4.37
D0087,2025-05-01,131.38,2.54,1.41,2.2,13.17,5.01
D0087,2025-07-01,121.06,2.34,1.07,1.43,12.02,5.62
D0087,2025-08-01,110.47,2.14,0.88,0.95,10.72,6.16
D0087,2025-09-01,113.42,2.2,0.87,0.75,10.68,6.71
D0087,2025-10-01,109.33,2.12,0.82,0.6,9.95,7.22
D0087,2025-11-01,97.58,1.89,0.73,0.46,8.55,7.66
D0087,2025-12-01,95.79,1.86,0.71,0.41,8.08,8.08
D0087,2026-01-01,89.02,1.73,0.66,0.36,7.22,8.46
D0087,2026-02-01,81.92,1.59,0.61,0.32,6.38,8.79
D0087,2026-04-01,82.33,1.6,0.61,0.32,6.17,9.11
D0087,2026-05-01,77.51,1.5,0.58,0.3,5.59,9.4
D0087,2026-06-01,69.97,1.36,0.52,0.27,4.85,9.65
D0087,2026-07-01,72.82,1.41,0.54,0.28,4.87,9.9
D0088,2026-04-01,45.1,2.13,0.0,0.0,0.0,0.0
D0088,2026-05-01,39.86,2.64,0.82,0.0,0.0,0.0
D0088,2026-06-01,39.0,2.88,1.53,0.35,0.0,0.0
D0088,2026-07-01,36.18,2.77,1.89,0.77,0.16,0.0
D0089,2024-11-01,209.86,3.2,0.0,0.0,0.0,0.0
D0089,2024-12-01,195.59,3.64,0.66,0.0,0.0,0.0
D0089,2025-01-01,192.11,3.72,1.07,0.14,0.0,0.0
D0089,2025-02-01,171.63,3.35,1.14,0.28,0.04,0.0
D0089,2025-03-01,156.75,3.06,1.12,0.38,0.1,0.0
D0089,2025-04-01,159.84,3.12,1.18,0.47,0.21,0.01
D0089,2025-05-01,135.33,2.64,1.01,0.45,0.28,0.02
D0089,2025-06-01,137.87,2.69,1.04,0.49,0.4,0.03
D0089,2025-07-01,132.65,2.59,1.0,0.49,0.5,0.05
D0089,2025-08-01,125.53,2.45,0.95,0.47,0.58,0.07
D0089,2025-09-01,108.15,2.11,0.82,0.41,0.59,0.1
D0089,2025-10-01,114.47,2.23,0.86,0.44,0.71,0.13
D0089,2025-11-01,98.12,1.91,0.74,0.38,0.69,0.16
D0089,2025-12-01,100.3,1.96,0.76,0.39,0.77,0.19
D0089,2026-01-01,94.93,1.85,0.72,0.37,0.8,0.23
D0089,2026-02-01,80.69,1.57,0.61,0.31,0.73,0.26
D0089,2026-03-01,77.72,1.52,0.59,0.3,0.75,0.3
D0089,2026-04-01,74.78,1.46,0.56,0.29,0.77,0.34
D0090,2025-09-01,156.27,2.38,0.0,0.0,0.0,0.0
D0090,2025-11-01,154.92,2.89,0.52,0.0,0.0,0.0
D0090,2026-01-01,137.12,2.65,0.76,0.1,0.0,0.0
D0090,2026-02-01,129.67,2.53,0.86,0.21,0.03,0.0
D0090,2026-03-01,130.5,2.55,0.94,0.31,0.09,0.0
D0090,2026-04-01,118.62,2.31,0.88,0.35,0.16,0.01
D0090,2026-05-01,116.83,2.28,0.87,0.39,0.24,0.01
D0090,2026-06-01,100.22,1.96,0.75,0.35,0.29,0.02
D0090,2026-07-01,107.15,2.09,0.81,0.39,0.4,0.04
D0091,2024-12-01,203.0,3.09,0.0,0.0,0.0,0.0
D0091,2025-01-01,172.35,3.21,0.58,0.0,0.0,0.0
D0091,2025-02-01,162.84,3.15,0.91,0.12,0.0,0.0
D0091,2025-03-01,154.5,3.01,1.03,0.26,0.03,0.0
D0091,2025-04-01,140.83,2.75,1.01,0.34,0.09,0.0
D0091,2025-05-01,138.62,2.71,1.02,0.41,0.18,0.01
D0091,2025-06-01,127.05,2.48,0.95,0.42,0.26,0.01
D0091,2025-07-01,127.84,2.49,0.96,0.45,0.37,0.03
D0091,2025-08-01,125.42,2.45,0.94,0.46,0.47,0.05
D0091,2025-09-01,107.18,2.09,0.81,0.4,0.49,0.07
D0091,2025-10-01,100.66,1.96,0.76,0.38,0.55,0.09
D0091,2025-11-01,96.89,1.89,0.73,0.37,0.6,0.12
D0091,2025-12-01,90.81,1.77,0.68,0.35,0.63,0.14
D0091,2026-02-01,86.08,1.68,0.65,0.33,0.66,0.17
D0091,2026-04-01,71.89,1.4,0.54,0.28,0.6,0.2
D0091,2026-05-01,72.5,1.41,0.55,0.28,0.66,0.23
D0091,2026-06-01,66.24,1.29,0.5,0.26,0.64,0.26
D0091,2026-07-01,59.58,1.16,0.45,0.23,0.61,0.29
D0092,2026-05-01,227.55,3.47,0.0,0.0,0.0,0.0
D0092,2026-06-01,203.76,3.8,0.69,0.0,0.0,0.0
D0092,2026-07-01,208.21,4.03,1.16,0.16,0.0,0.0
D0093,2026-02-01,75.96,3.58,0.0,0.0,0.0,0.0
D0093,2026-03-01,72.04,4.77,1.48,0.0,0.0,0.0
D0093,2026-04-01,63.02,4.65,2.48,0.56,0.0,0.0
D0093,2026-05-01,59.44,4.56,3.1,1.27,0.26,0.0
D0093,2026-06-01,53.71,4.17,3.21,1.77,0.78,0.02
D0093,2026-07-01,55.03,4.29,3.52,2.31,1.63,0.11
D0094,2025-03-01,65.67,1.0,0.0,0.0,0.0,0.0
D0094,2025-04-01,64.95,1.21,0.22,0.0,0.0,0.0
D0094,2025-05-01,66.22,1.28,0.37,0.05,0.0,0.0
D0094,2025-06-01,57.79,1.13,0.39,0.1,0.01,0.0
D0094,2025-07-01,61.89,1.21,0.44,0.15,0.04,0.0
D0094,2025-10-01,48.07,0.94,0.36,0.14,0.06,0.0
D0094,2025-12-01,43.01,0.84,0.32,0.14,0.09,0.01
D0094,2026-01-01,41.94,0.82,0.32,0.15,0.12,0.01
D0094,2026-02-01,40.95,0.8,0.31,0.15,0.15,0.02
D0094,2026-03-01,36.65,0.71,0.28,0.14,0.17,0.02
D0094,2026-04-01,34.8,0.68,0.26,0.13,0.19,0.03
D0094,2026-05-01,35.37,0.69,0.27,0.14,0.22,0.04
D0094,2026-06-01,31.16,0.61,0.23,0.12,0.22,0.05
D0094,2026-07-01,31.61,0.62,0.24,0.12,0.24,0.06
D0095,2025-04-01,131.09,2.0,0.0,0.0,0.0,0.0
D0095,2025-05-01,127.06,2.37,0.43,0.0,0.0,0.0
D0095,2025-06-01,109.54,2.12,0.61,0.08,0.0,0.0
D0095,2025-07-01,110.73,2.16,0.74,0.18,0.02,0.0
D0095,2025-08-01,106.95,2.09,0.77,0.26,0.07,0.0
D0095,2025-09-01,91.44,1.78,0.68,0.27,0.12,0.0
D0095,2025-10-01,87.55,1.71,0.65,0.29,0.18,0.01
D0095,2025-11-01,80.11,1.56,0.6,0.28,0.23,0.02
D0095,2025-12-01,83.66,1.63,0.63,0.31,0.31,0.03
D0095,2026-01-01,77.46,1.51,0.58,0.29,0.36,0.04
D0095,2026-02-01,64.87,1.27,0.49,0.25,0.35,0.06
D0095,2026-03-01,67.27,1.31,0.51,0.26,0.42,0.08
D0095,2026-04-01,59.1,1.15,0.45,0.23,0.41,0.1
D0095,2026-05-01,55.83,1.09,0.42,0.22,0.43,0.12
D0095,2026-06-01,51.77,1.01,0.39,0.2,0.44,0.14
D0095,2026-07-01,52.69,1.03,0.4,0.2,0.48,0.16
D0096,2026-06-01,44.14,2.08,0.0,0.0,0.0,0.0
D0096,2026-07-01,39.4,2.61,0.81,0.0,0.0,0.0
D0097,2024-09-01,81.04,3.82,0.0,0.0,0.0,0.0
D0097,2024-10-01,74.1,4.91,1.52,0.0,0.0,0.0
D0097,2024-11-01,74.1,5.47,2.92,0.66,0.0,0.0
D0097,2024-12-01,62.79,4.82,3.27,1.34,0.28,0.0
D0097,2025-01-01,59.36,4.61,3.55,1.96,0.87,0.03
D0097,2025-03-01,53.46,4.16,3.42,2.24,1.59,0.11
D0097,2025-04-01,50.26,3.91,3.32,2.42,2.41,0.26
D0097,2025-05-01,50.66,3.93,3.4,2.63,3.42,0.51
D0097,2025-06-01,46.17,3.57,3.1,2.49,4.02,0.82
D0097,2025-07-01,43.44,3.35,2.91,2.39,4.6,1.21
D0097,2025-08-01,41.94,3.22,2.8,2.32,5.17,1.66
D0097,2025-09-01,37.56,2.88,2.49,2.07,5.22,2.12
D0097,2025-10-01,34.55,2.64,2.28,1.9,5.29,2.61
D0097,2025-11-01,36.25,2.76,2.38,1.98,6.0,3.17
D0097,2025-12-01,37.45,1.14,1.58,1.6,6.06,3.46
D0097,2026-01-01,33.49,0.72,0.81,1.09,5.38,3.72
D0097,2026-02-01,35.96,0.7,0.53,0.84,5.71,4.01
D0097,2026-03-01,31.33,0.6,0.33,0.51,4.87,4.25
D0097,2026-04-01,31.55,0.61,0.27,0.37,4.76,4.5
D0097,2026-05-01,32.84,0.63,0.26,0.28,4.78,4.74
D0097,2026-06-01,30.42,0.59,0.23,0.2,4.25,4.96
D0097,2026-07-01,27.16,0.52,0.2,0.15,3.63,5.15
D0098,2025-07-01,157.0,2.39,0.0,0.0,0.0,0.0
D0098,2025-08-01,143.87,2.68,0.49,0.0,0.0,0.0
D0098,2025-09-01,127.59,2.47,0.71,0.1,0.0,0.0
D0098,2025-10-01,128.67,2.51,0.86,0.21,0.03,0.0
D0098,2025-11-01,130.79,2.55,0.94,0.32,0.09,0.0
D0098,2025-12-01,118.25,2.31,0.87,0.35,0.15,0.01
D0098,2026-01-01,112.43,2.19,0.84,0.37,0.23,0.01
D0098,2026-02-01,104.75,2.04,0.79,0.37,0.3,0.02
D0098,2026-03-01,110.36,2.15,0.83,0.41,0.41,0.04
D0098,2026-05-01,94.79,1.85,0.71,0.36,0.44,0.06
D0098,2026-06-01,89.35,1.74,0.67,0.34,0.48,0.08
D0098,2026-07-01,97.89,1.91,0.74,0.37,0.61,0.1
D0099,2025-06-01,285.98,4.35,0.0,0.0,0.0,0.0
D0099,2025-07-01,258.95,4.82,0.87,0.0,0.0,0.0
D0099,2025-08-01,233.55,4.52,1.3,0.17,0.0,0.0
D0099,2025-09-01,232.71,4.54,1.55,0.38,0.05,0.0
D0099,2025-10-01,225.8,4.41,1.62,0.54,0.15,0.0
D0099,2025-11-01,216.96,4.23,1.6,0.64,0.28,0.01
D0099,2025-12-01,205.85,4.02,1.54,0.68,0.43,0.02
D0099,2026-01-01,200.09,3.9,1.5,0.71,0.58,0.04
D0099,2026-02-01,174.56,3.41,1.31,0.64,0.65,0.07
D0099,2026-03-01,172.31,3.36,1.3,0.65,0.79,0.1
D0099,2026-04-01,165.07,3.22,1.24,0.63,0.89,0.14
D0099,2026-05-01,168.14,3.28,1.27,0.64,1.05,0.18
D0099,2026-06-01,159.82,3.12,1.2,0.61,1.12,0.23
D0099,2026-07-01,137.31,2.68,1.03,0.53,1.06,0.28
D0100,2025-06-01,124.48,1.9,0.0,0.0,0.0,0.0
D0100,2025-07-01,134.61,2.51,0.45,0.0,0.0,0.0
D0100,2025-08-01,114.36,2.21,0.64,0.09,0.0,0.0
D0100,2025-09-01,113.55,2.21,0.76,0.19,0.02,0.0
D0100,2025-10-01,115.53,2.25,0.83,0.28,0.08,0.0
D0100,2025-11-01,112.42,2.19,0.83,0.33,0.15,0.0
D0100,2026-01-01,102.56,2.0,0.77,0.34,0.21,0.01
D0100,2026-02-01,95.97,1.87,0.72,0.34,0.28,0.02
D0100,2026-03-01,92.56,1.81,0.7,0.34,0.35,0.04
D0100,2026-04-01,88.24,1.72,0.66,0.33,0.41,0.05
D0100,2026-05-01,84.13,1.64,0.63,0.32,0.46,0.07
D0100,2026-06-01,80.34,1.57,0.61,0.31,0.5,0.09
D0100,2026-07-01,86.05,1.68,0.65,0.33,0.6,0.12
D0101,2025-06-01,222.47,3.39,0.0,0.0,0.0,0.0
D0101,2025-07-01,190.82,3.55,0.64,0.0,0.0,0.0
D0101,2025-08-01,177.04,3.43,0.99,0.13,0.0,0.0
D0101,2025-09-01,191.9,3.74,1.28,0.32,0.04,0.0
D0101,2025-10-01,179.15,3.5,1.28,0.43,0.12,0.0
D0101,2025-11-01,159.91,3.12,1.18,0.47,0.21,0.01
D0101,2025-12-01,159.52,3.11,1.19,0.53,0.33,0.02
D0101,2026-01-01,137.26,2.68,1.03,0.49,0.4,0.03
D0101,2026-02-01,141.54,2.76,1.07,0.52,0.53,0.05
D0101,2026-03-01,139.14,2.71,1.05,0.52,0.64,0.08
D0101,2026-04-01,131.97,2.57,0.99,0.5,0.72,0.11
D0101,2026-05-01,114.79,2.24,0.87,0.44,0.71,0.14
D0101,2026-06-01,109.62,2.14,0.83,0.42,0.77,0.17
D0101,2026-07-01,112.53,2.19,0.85,0.43,0.87,0.21
D0102,2026-03-01,288.31,4.39,0.0,0.0,0.0,0.0
D0102,2026-04-01,273.67,5.1,0.92,0.0,0.0,0.0
D0102,2026-05-01,291.38,5.64,1.62,0.22,0.0,0.0
D0102,2026-06-01,258.67,5.04,1.72,0.43,0.05,0.0
D0102,2026-07-01,245.89,4.8,1.76,0.59,0.16,0.0
D0103,2025-01-01,161.82,7.63,0.0,0.0,0.0,0.0
D0103,2025-02-01,154.91,10.27,3.18,0.0,0.0,0.0
D0103,2025-03-01,145.82,10.77,5.74,1.3,0.0,0.0
D0103,2025-04-01,143.22,10.98,7.47,3.07,0.63,0.0
D0103,2025-06-01,125.96,9.78,7.54,4.16,1.84,0.06
D0103,2025-07-01,121.08,9.43,7.75,5.08,3.6,0.24
D0103,2025-08-01,116.44,9.06,7.7,5.6,5.58,0.59
D0103,2025-09-01,123.71,9.6,8.29,6.41,8.34,1.2
D0103,2025-10-01,108.02,8.35,7.26,5.83,9.4,1.94
D0103,2025-11-01,110.62,8.53,7.42,6.08,11.7,2.91
D0103,2025-12-01,109.7,8.43,7.33,6.06,13.51,4.09
D0103,2026-01-01,103.84,7.95,6.9,5.73,14.43,5.38
D0103,2026-02-01,98.23,3.01,4.19,4.25,13.59,6.02
D0103,2026-03-01,99.8,2.14,2.43,3.3,13.91,6.69
D0103,2026-04-01,110.6,2.17,1.65,2.63,15.4,7.45
D0103,2026-05-01,98.36,1.9,1.04,1.64,13.51,8.13
D0103,2026-06-01,107.91,2.08,0.94,1.26,14.46,8.86
D0103,2026-07-01,99.11,1.91,0.79,0.85,12.85,9.52
D0104,2025-06-01,176.26,2.68,0.0,0.0,0.0,0.0
D0104,2025-07-01,179.25,3.34,0.6,0.0,0.0,0.0
D0104,2025-08-01,158.09,3.06,0.88,0.12,0.0,0.0
D0104,2025-09-01,140.67,2.74,0.94,0.23,0.03,0.0
D0104,2025-10-01,134.4,2.62,0.96,0.32,0.09,0.0
D0104,2025-11-01,135.15,2.64,1.0,0.4,0.18,0.01
D0104,2025-12-01,124.13,2.42,0.93,0.41,0.26,0.01
D0104,2026-01-01,119.51,2.33,0.9,0.42,0.35,0.03
D0104,2026-02-01,115.97,2.26,0.87,0.43,0.43,0.04
D0104,2026-03-01,107.1,2.09,0.81,0.4,0.49,0.06
D0104,2026-04-01,96.46,1.88,0.73,0.37,0.52,0.09
D0104,2026-05-01,98.84,1.93,0.75,0.38,0.61,0.11
D0104,2026-06-01,86.35,1.68,0.65,0.33,0.6,0.14
D0104,2026-07-01,80.33,1.57,0.61,0.31,0.62,0.17
D0105,2025-09-01,134.17,2.04,0.0,0.0,0.0,0.0
D0105,2025-10-01,120.62,2.25,0.41,0.0,0.0,0.0
D0105,2025-11-01,119.55,2.31,0.67,0.09,0.0,0.0
D0105,2025-12-01,115.34,2.25,0.77,0.19,0.02,0.0
D0105,2026-01-01,97.97,1.91,0.7,0.24,0.06,0.0
D0105,2026-02-01,104.06,2.03,0.77,0.31,0.14,0.0
D0105,2026-03-01,90.78,1.77,0.68,0.3,0.19,0.01
D0105,2026-04-01,85.66,1.67,0.64,0.3,0.25,0.02
D0105,2026-05-01,79.96,1.56,0.6,0.29,0.3,0.03
D0105,2026-06-01,82.95,1.62,0.63,0.31,0.38,0.05
D0105,2026-07-01,76.24,1.49,0.57,0.29,0.41,0.06
D0106,2025-04-01,79.52,3.75,0.0,0.0,0.0,0.0
D0106,2025-05-01,77.06,5.11,1.58,0.0,0.0,0.0
D0106,2025-06-01,70.2,5.18,2.76,0.63,0.0,0.0
D0106,2025-07-01,65.57,5.03,3.42,1.4,0.29,0.0
D0106,2025-08-01,61.17,4.75,3.66,2.02,0.89,0.03
D0106,2025-09-01,59.2,4.61,3.79,2.48,1.76,0.12
D0106,2025-10-01,56.49,4.4,3.74,2.71,2.7,0.29
D0106,2025-11-01,52.78,4.1,3.54,2.74,3.56,0.55
D0106,2025-12-01,47.22,3.65,3.17,2.55,4.11,0.87
D0106,2026-01-01,44.49,3.43,2.99,2.44,4.71,1.26
D0106,2026-02-01,45.37,3.49,3.03,2.51,5.59,1.75
D0106,2026-03-01,41.48,3.18,2.75,2.29,5.76,2.27
D0106,2026-04-01,38.61,2.95,2.55,2.12,5.91,2.81
D0106,2026-05-01,36.83,2.81,2.42,2.01,6.1,3.38
D0106,2026-06-01,37.39,2.84,2.44,2.03,6.6,4.0
D0106,2026-07-01,34.76,2.64,2.26,1.87,6.46,4.62
D0107,2024-04-01,65.38,1.0,0.0,0.0,0.0,0.0
D0107,2024-05-01,63.02,1.17,0.21,0.0,0.0,0.0
D0107,2024-06-01,58.87,1.14,0.33,0.04,0.0,0.0
D0107,2024-07-01,60.21,1.17,0.4,0.1,0.01,0.0
D0107,2024-08-01,53.36,1.04,0.38,0.13,0.04,0.0
D0107,2024-09-01,50.11,0.98,0.37,0.15,0.07,0.0
D0107,2024-10-01,52.86,1.03,0.4,0.18,0.11,0.01
D0107,2024-11-01,52.86,1.03,0.4,0.19,0.15,0.01
D0107,2024-12-01,47.92,0.93,0.36,0.18,0.18,0.02
D0107,2025-01-01,47.31,0.92,0.36,0.18,0.22,0.03
D0107,2025-02-01,42.9,0.84,0.32,0.16,0.23,0.04
D0107,2025-03-01,38.74,0.76,0.29,0.15,0.24,0.05
D0107,2025-04-01,38.62,0.75,0.29,0.15,0.27,0.06
D0107,2025-05-01,37.31,0.73,0.28,0.14,0.29,0.07
D0107,2025-06-01,34.8,0.68,0.26,0.13,0.29,0.09
D0107,2025-07-01,37.9,0.74,0.29,0.15,0.34,0.1
D0107,2025-08-01,35.58,0.69,0.27,0.14,0.35,0.12
D0107,2025-09-01,33.84,0.66,0.25,0.13,0.35,0.13
D0107,2025-10-01,30.11,0.59,0.23,0.12,0.33,0.15
D0107,2025-11-01,29.34,0.57,0.22,0.11,0.34,0.17
D0107,2025-12-01,28.04,0.55,0.21,0.11,0.33,0.18
D0107,2026-01-01,29.69,0.58,0.22,0.11,0.37,0.2
D0107,2026-02-01,27.35,0.53,0.21,0.11,0.35,0.22
D0107,2026-03-01,24.76,0.48,0.19,0.1,0.33,0.23
D0107,2026-04-01,26.6,0.52,0.2,0.1,0.37,0.25
D0107,2026-05-01,22.75,0.44,0.17,0.09,0.32,0.27
D0107,2026-06-01,24.04,0.47,0.18,0.09,0.35,0.28
D0107,2026-07-01,23.06,0.45,0.17,0.09,0.34,0.3
D0108,2024-06-01,108.18,1.65,0.0,0.0,0.0,0.0
D0108,2024-07-01,106.71,1.99,0.36,0.0,0.0,0.0
D0108,2024-08-01,95.08,1.84,0.53,0.07,0.0,0.0
D0108,2024-09-01,97.4,1.9,0.65,0.16,0.02,0.0
D0108,2024-10-01,86.5,1.69,0.62,0.21,0.06,0.0
D0108,2024-11-01,83.09,1.62,0.61,0.25,0.11,0.0
D0108,2024-12-01,85.24,1.66,0.64,0.28,0.18,0.01
D0108,2025-01-01,78.12,1.52,0.59,0.28,0.23,0.02
D0108,2025-02-01,73.52,1.43,0.55,0.27,0.28,0.03
D0108,2025-03-01,72.04,1.41,0.54,0.27,0.33,0.04
D0108,2025-04-01,64.02,1.25,0.48,0.24,0.35,0.06
D0108,2025-05-01,60.94,1.19,0.46,0.23,0.38,0.07
D0108,2025-06-01,61.93,1.21,0.47,0.24,0.43,0.09
D0108,2025-07-01,61.01,1.19,0.46,0.23,0.47,0.11
D0108,2025-08-01,56.84,1.11,0.43,0.22,0.48,0.14
D0108,2025-09-01,53.63,1.05,0.4,0.21,0.49,0.16
D0108,2025-10-01,47.41,0.92,0.36,0.18,0.46,0.18
D0108,2025-11-01,47.51,0.93,0.36,0.18,0.49,0.2
D0108,2026-01-01,45.79,0.89,0.34,0.18,0.5,0.23
D0108,2026-02-01,40.06,0.78,0.3,0.15,0.46,0.25
D0108,2026-03-01,38.38,0.75,0.29,0.15,0.46,0.27
D0108,2026-04-01,40.32,0.79,0.3,0.16,0.5,0.29
D0108,2026-05-01,35.02,0.68,0.26,0.14,0.45,0.32
D0108,2026-06-01,36.41,0.71,0.27,0.14,0.49,0.34
D0108,2026-07-01,36.63,0.71,0.28,0.14,0.5,0.36
D0109,2025-12-01,323.6,4.93,0.0,0.0,0.0,0.0
D0109,2026-01-01,322.92,6.01,1.09,0.0,0.0,0.0
D0109,2026-02-01,309.25,5.99,1.72,0.23,0.0,0.0
D0109,2026-03-01,270.86,5.28,1.81,0.45,0.06,0.0
D0109,2026-04-01,265.27,5.18,1.9,0.64,0.18,0.0
D0109,2026-05-01,250.61,4.89,1.85,0.74,0.33,0.01
D0109,2026-06-01,233.41,4.55,1.75,0.77,0.48,0.03
D0109,2026-07-01,207.54,4.05,1.56,0.73,0.6,0.05
D0110,2025-12-01,158.88,7.49,0.0,0.0,0.0,0.0
D0110,2026-01-01,154.92,10.27,3.18,0.0,0.0,0.0
D0110,2026-02-01,138.01,10.19,5.43,1.23,0.0,0.0
D0110,2026-03-01,119.01,9.13,6.21,2.55,0.52,0.0
D0110,2026-04-01,121.13,9.41,7.25,4.0,1.77,0.05
D0110,2026-05-01,102.79,8.01,6.58,4.31,3.05,0.21
D0110,2026-06-01,100.94,7.85,6.68,4.85,4.83,0.51
D0110,2026-07-01,89.64,6.96,6.01,4.65,6.05,0.95
D0111,2025-06-01,132.67,2.02,0.0,0.0,0.0,0.0
D0111,2025-07-01,122.02,2.27,0.41,0.0,0.0,0.0
D0111,2025-08-01,118.74,2.3,0.66,0.09,0.0,0.0
D0111,2025-09-01,113.06,2.2,0.75,0.19,0.02,0.0
D0111,2025-10-01,110.05,2.15,0.79,0.27,0.07,0.0
D0111,2025-11-01,95.87,1.87,0.71,0.28,0.13,0.0
D0111,2025-12-01,91.39,1.78,0.68,0.3,0.19,0.01
D0111,2026-01-01,90.4,1.76,0.68,0.32,0.26,0.02
D0111,2026-02-01,88.91,1.73,0.67,0.33,0.33,0.03
D0111,2026-03-01,77.14,1.5,0.58,0.29,0.35,0.05
D0111,2026-04-01,73.8,1.44,0.56,0.28,0.4,0.06
D0111,2026-05-01,73.43,1.43,0.55,0.28,0.46,0.08
D0111,2026-06-01,65.64,1.28,0.49,0.25,0.46,0.1
D0111,2026-07-01,63.11,1.23,0.48,0.24,0.49,0.13
D0112,2025-08-01,205.96,3.14,0.0,0.0,0.0,0.0
D0112,2025-09-01,194.84,3.63,0.66,0.0,0.0,0.0
D0112,2025-10-01,187.93,3.64,1.05,0.14,0.0,0.0
D0112,2025-11-01,157.44,3.07,1.05,0.26,0.03,0.0
D0112,2025-12-01,152.95,2.99,1.1,0.37,0.1,0.0
D0112,2026-01-01,148.92,2.91,1.1,0.44,0.19,0.01
D0112,2026-02-01,130.14,2.54,0.97,0.43,0.27,0.02
D0112,2026-03-01,123.22,2.4,0.93,0.44,0.36,0.03
D0112,2026-04-01,120.13,2.34,0.9,0.44,0.45,0.05
D0112,2026-05-01,113.72,2.22,0.86,0.43,0.52,0.07
D0112,2026-06-01,113.48,2.21,0.86,0.43,0.62,0.09
D0112,2026-07-01,97.94,1.91,0.74,0.37,0.61,0.12
D0113,2025-12-01,231.94,3.53,0.0,0.0,0.0,0.0
D0113,2026-01-01,247.96,4.62,0.84,0.0,0.0,0.0
D0113,2026-02-01,228.87,4.43,1.27,0.17,0.0,0.0
D0113,2026-03-01,226.62,4.42,1.51,0.37,0.05,0.0
D0113,2026-04-01,196.16,3.83,1.41,0.47,0.13,0.0
D0113,2026-05-01,181.87,3.55,1.34,0.54,0.24,0.01
D0113,2026-06-01,190.89,3.72,1.43,0.63,0.4,0.02
D0113,2026-07-01,177.38,3.46,1.33,0.63,0.51,0.04
D0114,2024-05-01,306.23,4.66,0.0,0.0,0.0,0.0
D0114,2024-06-01,307.76,5.73,1.04,0.0,0.0,0.0
D0114,2024-07-01,286.04,5.54,1.59,0.21,0.0,0.0
D0114,2024-08-01,262.05,5.11,1.75,0.43,0.05,0.0
D0114,2024-09-01,256.78,5.01,1.84,0.62,0.17,0.0
D0114,2024-10-01,247.36,4.83,1.83,0.73,0.32,0.01
D0114,2024-11-01,242.94,4.74,1.82,0.81,0.5,0.03
D0114,2025-01-01,249.18,4.86,1.87,0.88,0.72,0.05
D0114,2025-02-01,247.24,4.82,1.86,0.91,0.93,0.09
D0114,2025-03-01,230.42,4.49,1.74,0.87,1.06,0.13
D0114,2025-04-01,228.73,4.46,1.72,0.87,1.24,0.18
D0114,2025-05-01,226.41,4.42,1.71,0.87,1.41,0.25
D0114,2025-06-01,198.2,3.86,1.49,0.76,1.38,0.31
D0114,2025-07-01,206.05,4.02,1.55,0.79,1.59,0.38
D0114,2025-08-01,193.21,3.77,1.46,0.74,1.63,0.45
D0114,2025-09-01,203.62,3.97,1.53,0.79,1.85,0.54
D0114,2025-10-01,177.81,3.47,1.34,0.69,1.73,0.62
D0114,2025-11-01,181.35,3.54,1.37,0.7,1.87,0.71
D0114,2025-12-01,174.91,3.41,1.32,0.68,1.9,0.8
D0114,2026-01-01,162.61,3.17,1.22,0.63,1.86,0.89
D0114,2026-03-01,152.2,2.97,1.15,0.59,1.82,0.97
D0114,2026-04-01,151.48,2.95,1.14,0.58,1.88,1.06
D0114,2026-05-01,143.9,2.8,1.08,0.56,1.86,1.15
D0114,2026-06-01,143.42,2.8,1.08,0.55,1.91,1.25
D0114,2026-07-01,143.73,2.8,1.08,0.55,1.98,1.34
D0115,2024-10-01,82.44,1.26,0.0,0.0,0.0,0.0
D0115,2024-11-01,73.92,1.38,0.25,0.0,0.0,0.0
D0115,2024-12-01,74.12,1.43,0.41,0.06,0.0,0.0
D0115,2025-01-01,65.15,1.27,0.43,0.11,0.01,0.0
D0115,2025-02-01,68.53,1.34,0.49,0.17,0.05,0.0
D0115,2025-03-01,59.32,1.16,0.44,0.18,0.08,0.0
D0115,2025-05-01,59.83,1.17,0.45,0.2,0.12,0.01
D0115,2025-06-01,53.82,1.05,0.4,0.19,0.16,0.01
D0115,2025-07-01,50.96,0.99,0.38,0.19,0.19,0.02
D0115,2025-08-01,48.24,0.94,0.36,0.18,0.22,0.03
D0115,2025-09-01,45.93,0.9,0.35,0.17,0.25,0.04
D0115,2025-10-01,41.69,0.81,0.31,0.16,0.26,0.05
D0115,2025-11-01,40.84,0.8,0.31,0.16,0.29,0.06
D0115,2025-12-01,41.22,0.8,0.31,0.16,0.32,0.08
D0115,2026-01-01,36.62,0.71,0.28,0.14,0.31,0.09
D0115,2026-02-01,37.98,0.74,0.29,0.15,0.34,0.11
D0115,2026-03-01,36.52,0.71,0.28,0.14,0.35,0.12
D0115,2026-04-01,31.98,0.62,0.24,0.12,0.33,0.14
D0115,2026-05-01,30.24,0.59,0.23,0.12,0.33,0.16
D0115,2026-06-01,29.47,0.57,0.22,0.11,0.34,0.17
D0115,2026-07-01,30.29,0.59,0.23,0.12,0.36,0.19
D0116,2025-08-01,44.51,2.1,0.0,0.0,0.0,0.0
D0116,2025-09-01,41.29,2.74,0.85,0.0,0.0,0.0
D0116,2025-10-01,36.29,2.68,1.43,0.32,0.0,0.0
D0116,2025-11-01,37.54,2.88,1.96,0.8,0.17,0.0
D0116,2025-12-01,34.15,2.65,2.04,1.13,0.5,0.02
D0116,2026-01-01,31.16,2.43,2.0,1.31,0.93,0.06
D0116,2026-02-01,29.58,2.3,1.96,1.42,1.42,0.15
D0116,2026-03-01,27.45,2.13,1.84,1.42,1.85,0.29
D0116,2026-04-01,27.87,2.16,1.87,1.5,2.43,0.48
D0116,2026-05-01,24.38,1.88,1.64,1.34,2.58,0.69
D0116,2026-06-01,24.17,1.86,1.61,1.34,2.98,0.95
D0116,2026-07-01,24.75,1.9,1.64,1.37,3.44,1.26
D0117,2025-01-01,177.47,2.7,0.0,0.0,0.0,0.0
D0117,2025-02-01,173.92,3.24,0.59,0.0,0.0,0.0
D0117,2025-03-01,155.04,3.0,0.86,0.12,0.0,0.0
D0117,2025-04-01,157.33,3.07,1.05,0.26,0.03,0.0
D0117,2025-05-01,144.07,2.81,1.03,0.35,0.1,0.0
D0117,2025-06-01,131.42,2.56,0.97,0.39,0.17,0.01
D0117,2025-07-01,130.92,2.55,0.98,0.43,0.27,0.01
D0117,2025-08-01,121.45,2.37,0.91,0.43,0.35,0.03
D0117,2025-09-01,116.17,2.27,0.87,0.43,0.44,0.04
D0117,2025-10-01,112.02,2.18,0.84,0.42,0.51,0.06
D0117,2025-11-01,99.0,1.93,0.75,0.38,0.54,0.09
D0117,2025-12-01,102.07,1.99,0.77,0.39,0.63,0.12
D0117,2026-01-01,97.8,1.91,0.74,0.38,0.68,0.15
D0117,2026-02-01,96.22,1.88,0.73,0.37,0.74,0.18
D0117,2026-03-01,85.69,1.67,0.65,0.33,0.72,0.21
D0117,2026-04-01,87.15,1.7,0.66,0.34,0.79,0.25
D0117,2026-05-01,77.55,1.51,0.58,0.3,0.75,0.28
D0117,2026-06-01,74.51,1.45,0.56,0.29,0.77,0.32
D0117,2026-07-01,68.47,1.33,0.52,0.26,0.75,0.36
D0118,2024-11-01,21.58,0.33,0.0,0.0,0.0,0.0
D0118,2024-12-01,21.31,0.4,0.07,0.0,0.0,0.0
D0118,2025-01-01,18.19,0.35,0.1,0.01,0.0,0.0
D0118,2025-02-01,17.91,0.35,0.12,0.03,0.0,0.0
D0118,2025-03-01,16.55,0.32,0.12,0.04,0.01,0.0
D0118,2025-04-01,17.75,0.35,0.13,0.05,0.02,0.0
D0118,2025-05-01,16.09,0.31,0.12,0.05,0.03,0.0
D0118,2025-06-01,15.1,0.29,0.11,0.05,0.04,0.0
D0118,2025-07-01,15.08,0.29,0.11,0.06,0.06,0.01
D0118,2025-08-01,13.71,0.27,0.1,0.05,0.06,0.01
D0118,2025-09-01,13.24,0.26,0.1,0.05,0.07,0.01
D0118,2025-10-01,13.41,0.26,0.1,0.05,0.08,0.01
D0118,2025-11-01,13.48,0.26,0.1,0.05,0.09,0.02
D0118,2025-12-01,11.09,0.22,0.08,0.04,0.09,0.02
D0118,2026-01-01,11.42,0.22,0.09,0.04,0.1,0.03
D0118,2026-02-01,11.32,0.22,0.09,0.04,0.1,0.03
D0118,2026-03-01,9.79,0.19,0.07,0.04,0.1,0.04
D0118,2026-04-01,10.56,0.21,0.08,0.04,0.11,0.04
D0118,2026-05-01,9.51,0.19,0.07,0.04,0.1,0.05
D0118,2026-06-01,9.14,0.18,0.07,0.04,0.1,0.05
D0118,2026-07-01,9.1,0.18,0.07,0.04,0.11,0.06
D0119,2026-05-01,195.83,9.23,0.0,0.0,0.0,0.0
D0119,2026-06-01,171.81,11.39,3.53,0.0,0.0,0.0
D0119,2026-07-01,173.67,12.82,6.83,1.55,0.0,0.0
D0120,2026-01-01,328.07,5.0,0.0,0.0,0.0,0.0
D0120,2026-02-01,301.27,5.61,1.02,0.0,0.0,0.0
D0120,2026-03-01,278.39,5.39,1.55,0.21,0.0,0.0
D0120,2026-04-01,254.7,4.97,1.7,0.42,0.05,0.0
D0120,2026-05-01,256.2,5.0,1.84,0.62,0.17,0.0
D0120,2026-06-01,234.59,4.58,1.73,0.69,0.31,0.01
D0120,2026-07-01,224.16,4.37,1.68,0.74,0.46,0.03
D0121,2026-05-01,273.01,12.86,0.0,0.0,0.0,0.0
D0121,2026-07-01,235.16,15.58,4.83,0.0,0.0,0.0
D0122,2026-01-01,267.69,4.08,0.0,0.0,0.0,0.0
D0122,2026-02-01,249.41,4.65,0.84,0.0,0.0,0.0
D0122,2026-03-01,248.23,4.8,1.38,0.18,0.0,0.0
D0122,2026-04-01,232.98,4.54,1.55,0.39,0.05,0.0
D0122,2026-05-01,225.47,4.4,1.62,0.54,0.15,0.0
D0122,2026-06-01,220.16,4.3,1.63,0.65,0.29,0.01
D0122,2026-07-01,209.14,4.08,1.56,0.69,0.43,0.02
D0123,2025-04-01,182.16,2.77,0.0,0.0,0.0,0.0
D0123,2025-05-01,174.33,3.25,0.59,0.0,0.0,0.0
D0123,2025-06-01,171.63,3.32,0.96,0.13,0.0,0.0
D0123,2025-07-01,159.22,3.1,1.06,0.26,0.03,0.0
D0123,2025-08-01,162.08,3.16,1.16,0.39,0.11,0.0
D0123,2025-09-01,142.66,2.78,1.05,0.42,0.19,0.01
D0123,2025-10-01,144.93,2.83,1.08,0.48,0.3,0.02
D0123,2025-11-01,139.53,2.72,1.05,0.49,0.4,0.03
D0123,2025-12-01,132.69,2.59,1.0,0.49,0.5,0.05
D0123,2026-01-01,129.98,2.54,0.98,0.49,0.6,0.07
D0123,2026-02-01,113.03,2.2,0.85,0.43,0.61,0.1
D0123,2026-03-01,118.58,2.31,0.89,0.45,0.74,0.13
D0123,2026-05-01,106.07,2.07,0.8,0.41,0.74,0.17
D0123,2026-06-01,101.62,1.98,0.77,0.39,0.78,0.2
D0123,2026-07-01,100.33,1.96,0.76,0.39,0.84,0.24
D0124,2025-12-01,198.12,3.02,0.0,0.0,0.0,0.0
D0124,2026-01-01,193.91,3.61,0.65,0.0,0.0,0.0
D0124,2026-02-01,187.56,3.63,1.04,0.14,0.0,0.0
D0124,2026-03-01,181.54,3.54,1.21,0.3,0.04,0.0
D0124,2026-04-01,177.5,3.46,1.27,0.43,0.12,0.0
D0124,2026-05-01,170.67,3.33,1.26,0.5,0.22,0.01
D0124,2026-06-01,167.79,3.27,1.25,0.56,0.35,0.02
D0124,2026-07-01,151.52,2.96,1.14,0.54,0.44,0.03
D0125,2024-09-01,88.34,1.35,0.0,0.0,0.0,0.0
D0125,2024-10-01,84.0,1.56,0.28,0.0,0.0,0.0
D0125,2024-11-01,86.69,1.68,0.48,0.06,0.0,0.0
D0125,2024-12-01,75.53,1.47,0.5,0.12,0.02,0.0
D0125,2025-01-01,73.72,1.44,0.53,0.18,0.05,0.0
D0125,2025-02-01,67.73,1.32,0.5,0.2,0.09,0.0
D0125,2025-03-01,67.03,1.31,0.5,0.22,0.14,0.01
D0125,2025-04-01,65.53,1.28,0.49,0.23,0.19,0.01
D0125,2025-05-01,60.82,1.19,0.46,0.22,0.23,0.02
D0125,2025-06-01,57.39,1.12,0.43,0.22,0.26,0.03
D0125,2025-07-01,52.28,1.02,0.39,0.2,0.28,0.05
D0125,2025-08-01,45.92,0.9,0.35,0.18,0.29,0.06
D0125,2025-09-01,43.45,0.85,0.33,0.17,0.3,0.07
D0125,2025-10-01,44.59,0.87,0.34,0.17,0.34,0.09
D0125,2025-11-01,41.18,0.8,0.31,0.16,0.35,0.1
D0125,2025-12-01,41.29,0.81,0.31,0.16,0.37,0.12
D0125,2026-01-01,36.55,0.71,0.28,0.14,0.35,0.14
D0125,2026-02-01,35.79,0.7,0.27,0.14,0.37,0.15
D0125,2026-03-01,36.2,0.71,0.27,0.14,0.39,0.17
D0125,2026-04-01,32.58,0.64,0.25,0.13,0.37,0.19
D0125,2026-05-01,30.72,0.6,0.23,0.12,0.37,0.21
D0125,2026-07-01,25.97,0.51,0.2,0.1,0.32,0.22
D0126,2026-04-01,161.81,2.46,0.0,0.0,0.0,0.0
D0126,2026-05-01,164.85,3.07,0.56,0.0,0.0,0.0
D0126,2026-06-01,141.02,2.73,0.79,0.11,0.0,0.0
D0127,2025-04-01,81.07,1.23,0.0,0.0,0.0,0.0
D0127,2025-05-01,75.73,1.41,0.26,0.0,0.0,0.0
D0127,2025-06-01,76.91,1.49,0.43,0.06,0.0,0.0
D0127,2025-07-01,66.14,1.29,0.44,0.11,0.01,0.0
D0127,2025-08-01,72.18,1.41,0.52,0.17,0.05,0.0
D0127,2025-09-01,66.33,1.29,0.49,0.2,0.09,0.0
D0127,2025-10-01,60.26,1.18,0.45,0.2,0.12,0.01
D0127,2025-11-01,65.26,1.27,0.49,0.23,0.19,0.01
D0127,2025-12-01,57.89,1.13,0.44,0.21,0.22,0.02
D0127,2026-01-01,59.24,1.16,0.45,0.22,0.27,0.03
D0127,2026-02-01,54.18,1.06,0.41,0.21,0.29,0.05
D0127,2026-03-01,56.51,1.1,0.43,0.22,0.35,0.06
D0127,2026-04-01,52.42,1.02,0.4,0.2,0.37,0.08
D0127,2026-05-01,52.14,1.02,0.39,0.2,0.4,0.1
D0127,2026-06-01,51.52,1.0,0.39,0.2,0.43,0.12
D0127,2026-07-01,53.26,1.04,0.4,0.21,0.48,0.14
D0128,2025-11-01,43.87,2.07,0.0,0.0,0.0,0.0
D0128,2025-12-01,39.34,2.61,0.81,0.0,0.0,0.0
D0128,2026-01-01,32.89,2.43,1.29,0.29,0.0,0.0
D0128,2026-02-01,31.49,2.42,1.64,0.67,0.14,0.0
D0128,2026-03-01,30.38,2.36,1.82,1.0,0.44,0.01
D0128,2026-04-01,25.21,1.96,1.61,1.06,0.75,0.05
D0128,2026-05-01,25.09,1.95,1.66,1.21,1.2,0.13
D0128,2026-06-01,21.8,1.69,1.46,1.13,1.47,0.23
D0128,2026-07-01,21.31,1.65,1.43,1.15,1.86,0.38
D0129,2024-04-01,132.04,2.01,0.0,0.0,0.0,0.0
D0129,2024-05-01,121.52,2.26,0.41,0.0,0.0,0.0
D0129,2024-07-01,108.48,2.1,0.6,0.08,0.0,0.0
D0129,2024-08-01,113.94,2.22,0.76,0.19,0.02,0.0
D0129,2024-10-01,97.79,1.91,0.7,0.24,0.06,0.0
D0129,2024-11-01,90.48,1.77,0.67,0.27,0.12,0.0
D0129,2024-12-01,83.22,1.62,0.62,0.28,0.17,0.01
D0129,2025-01-01,79.66,1.55,0.6,0.28,0.23,0.02
D0129,2025-03-01,75.84,1.48,0.57,0.28,0.28,0.03
D0129,2025-04-01,74.87,1.46,0.56,0.28,0.34,0.04
D0129,2025-05-01,72.12,1.41,0.54,0.27,0.39,0.06
D0129,2025-06-01,68.14,1.33,0.51,0.26,0.42,0.08
D0129,2025-07-01,61.99,1.21,0.47,0.24,0.43,0.1
D0129,2025-08-01,55.55,1.08,0.42,0.21,0.43,0.12
D0129,2025-09-01,55.81,1.09,0.42,0.22,0.47,0.14
D0129,2025-10-01,55.43,1.08,0.42,0.21,0.5,0.16
D0129,2025-11-01,50.02,0.98,0.38,0.19,0.49,0.18
D0129,2025-12-01,47.8,0.93,0.36,0.18,0.49,0.21
D0129,2026-01-01,45.41,0.89,0.34,0.18,0.49,0.23
D0129,2026-02-01,41.67,0.81,0.31,0.16,0.48,0.25
D0129,2026-03-01,41.83,0.82,0.32,0.16,0.5,0.28
D0129,2026-04-01,39.76,0.77,0.3,0.15,0.49,0.3
D0129,2026-05-01,37.09,0.72,0.28,0.14,0.48,0.32
D0129,2026-06-01,35.06,0.68,0.26,0.14,0.47,0.35
D0129,2026-07-01,32.65,0.64,0.25,0.13,0.45,0.37
D0130,2024-04-01,225.1,10.61,0.0,0.0,0.0,0.0
D0130,2024-05-01,230.29,15.26,4.73,0.0,0.0,0.0
D0130,2024-06-01,215.65,15.92,8.48,1.92,0.0,0.0
D0130,2024-08-01,166.5,12.77,8.68,3.56,0.73,0.0
D0130,2024-09-01,159.59,12.4,9.55,5.27,2.33,0.07
D0130,2024-10-01,148.1,11.54,9.48,6.21,4.4,0.29
D0130,2024-11-01,149.27,11.61,9.87,7.17,7.15,0.75
D0130,2024-12-01,139.89,10.86,9.38,7.25,9.43,1.43
D0130,2025-01-01,131.08,10.14,8.81,7.07,11.41,2.33
D0131,2024-10-01,266.86,12.57,0.0,0.0,0.0,0.0
D0131,2024-11-01,266.05,17.63,5.46,0.0,0.0,0.0
D0131,2024-12-01,238.81,17.63,9.39,2.13,0.0,0.0
D0131,2025-01-01,216.45,16.6,11.29,4.63,0.95,0.0
D0131,2025-02-01,213.66,16.6,12.78,7.06,3.12,0.1
D0131,2025-03-01,204.48,15.93,13.09,8.58,6.07,0.4
D0131,2025-04-01,177.96,13.85,11.77,8.55,8.52,0.94
D0131,2025-05-01,186.61,14.48,12.51,9.67,12.59,1.85
D0131,2025-06-01,165.67,12.81,11.14,8.94,14.42,2.99
D0131,2025-07-01,170.88,13.17,11.47,9.39,18.08,4.5
D0131,2025-08-01,148.61,11.42,9.93,8.21,18.31,6.09
D0131,2025-09-01,141.15,10.81,9.37,7.79,19.62,7.85
D0132,2025-06-01,144.96,2.21,0.0,0.0,0.0,0.0
D0132,2025-07-01,131.15,2.44,0.44,0.0,0.0,0.0
D0132,2025-08-01,125.65,2.43,0.7,0.09,0.0,0.0
D0132,2025-09-01,127.05,2.48,0.85,0.21,0.03,0.0
D0132,2025-10-01,109.72,2.14,0.79,0.26,0.07,0.0
D0132,2025-11-01,105.11,2.05,0.78,0.31,0.14,0.0
D0132,2025-12-01,98.46,1.92,0.74,0.33,0.2,0.01
D0132,2026-01-01,95.71,1.87,0.72,0.34,0.28,0.02
D0132,2026-02-01,90.11,1.76,0.68,0.33,0.34,0.03
D0132,2026-03-01,85.14,1.66,0.64,0.32,0.39,0.05
D0132,2026-04-01,79.3,1.55,0.6,0.3,0.43,0.07
D0132,2026-05-01,76.82,1.5,0.58,0.29,0.48,0.09
D0132,2026-06-01,76.32,1.49,0.58,0.29,0.53,0.11
D0132,2026-07-01,65.98,1.29,0.5,0.25,0.51,0.14
D0133,2026-03-01,194.85,2.97,0.0,0.0,0.0,0.0
D0133,2026-04-01,163.13,3.04,0.55,0.0,0.0,0.0
D0133,2026-05-01,169.76,3.29,0.95,0.13,0.0,0.0
D0133,2026-07-01,153.63,3.0,1.02,0.25,0.03,0.0
D0134,2025-11-01,362.32,5.52,0.0,0.0,0.0,0.0
D0134,2025-12-01,297.27,5.54,1.0,0.0,0.0,0.0
D0134,2026-01-01,304.98,5.9,1.7,0.23,0.0,0.0
D0134,2026-02-01,295.63,5.76,1.97,0.49,0.06,0.0
D0134,2026-03-01,260.58,5.09,1.87,0.63,0.17,0.0
D0134,2026-04-01,216.87,4.23,1.6,0.64,0.28,0.01
D0134,2026-05-01,220.12,4.29,1.65,0.73,0.46,0.02
D0134,2026-06-01,198.02,3.86,1.49,0.7,0.57,0.04
D0134,2026-07-01,178.65,3.48,1.35,0.66,0.67,0.07
D0135,2025-06-01,270.82,4.12,0.0,0.0,0.0,0.0
D0135,2025-07-01,245.45,4.57,0.83,0.0,0.0,0.0
D0135,2025-08-01,234.51,4.54,1.31,0.17,0.0,0.0
D0135,2025-09-01,253.19,4.94,1.69,0.42,0.05,0.0
D0135,2025-10-01,223.06,4.35,1.6,0.54,0.15,0.0
D0135,2025-11-01,226.06,4.41,1.67,0.67,0.3,0.01
D0135,2025-12-01,225.94,4.41,1.69,0.75,0.47,0.02
D0135,2026-01-01,222.82,4.35,1.67,0.79,0.65,0.05
D0135,2026-02-01,207.98,4.06,1.57,0.76,0.78,0.08
D0135,2026-03-01,192.22,3.75,1.45,0.72,0.88,0.11
D0135,2026-04-01,182.21,3.55,1.37,0.69,0.99,0.16
D0135,2026-05-01,181.19,3.53,1.37,0.69,1.13,0.2
D0135,2026-06-01,169.1,3.3,1.27,0.65,1.18,0.26
D0135,2026-07-01,174.45,3.4,1.31,0.67,1.35,0.32
D0136,2025-02-01,211.68,3.22,0.0,0.0,0.0,0.0
D0136,2025-03-01,182.17,3.39,0.61,0.0,0.0,0.0
D0136,2025-04-01,183.69,3.55,1.02,0.14,0.0,0.0
D0136,2025-05-01,170.74,3.33,1.14,0.28,0.04,0.0
D0136,2025-06-01,153.28,2.99,1.1,0.37,0.1,0.0
D0136,2025-07-01,151.87,2.96,1.12,0.45,0.2,0.01
D0136,2025-08-01,149.72,2.92,1.12,0.5,0.31,0.02
D0136,2025-09-01,141.7,2.76,1.07,0.5,0.41,0.03
D0136,2025-10-01,139.01,2.71,1.05,0.51,0.52,0.05
D0136,2025-11-01,129.0,2.52,0.97,0.48,0.59,0.08
D0136,2025-12-01,123.92,2.42,0.93,0.47,0.67,0.1
D0136,2026-01-01,104.32,2.03,0.79,0.4,0.65,0.13
D0136,2026-02-01,108.43,2.11,0.82,0.42,0.76,0.17
D0136,2026-03-01,89.81,1.75,0.68,0.35,0.69,0.2
D0136,2026-05-01,81.34,1.59,0.61,0.31,0.68,0.23
D0136,2026-06-01,82.42,1.61,0.62,0.32,0.75,0.26
D0136,2026-07-01,74.23,1.45,0.56,0.29,0.72,0.3
D0137,2025-07-01,211.45,9.96,0.0,0.0,0.0,0.0
D0137,2025-08-01,200.59,13.29,4.12,0.0,0.0,0.0
D0137,2025-09-01,195.44,14.43,7.69,1.74,0.0,0.0
D0137,2025-10-01,166.72,12.79,8.69,3.57,0.73,0.0
D0137,2025-11-01,149.47,11.61,8.94,4.94,2.18,0.07
D0137,2025-12-01,140.87,10.97,9.02,5.91,4.18,0.28
D0137,2026-01-01,137.73,10.72,9.11,6.62,6.59,0.7
D0137,2026-02-01,140.3,10.89,9.4,7.27,9.46,1.38
D0137,2026-03-01,124.12,9.6,8.35,6.69,10.8,2.23
D0137,2026-04-01,111.31,8.58,7.47,6.12,11.78,3.22
D0137,2026-05-01,104.6,8.04,6.99,5.78,12.89,4.34
D0137,2026-06-01,102.3,7.84,6.79,5.65,14.22,5.61
D0137,2026-07-01,103.9,7.94,6.86,5.71,15.9,7.07
D0138,2025-09-01,56.72,0.86,0.0,0.0,0.0,0.0
D0138,2025-10-01,55.7,1.04,0.19,0.0,0.0,0.0
D0138,2025-11-01,53.6,1.04,0.3,0.04,0.0,0.0
D0138,2025-12-01,51.93,1.01,0.35,0.09,0.01,0.0
D0138,2026-02-01,44.68,0.87,0.32,0.11,0.03,0.0
D0138,2026-03-01,43.68,0.85,0.32,0.13,0.06,0.0
D0138,2026-04-01,42.59,0.83,0.32,0.14,0.09,0.0
D0138,2026-05-01,37.2,0.73,0.28,0.13,0.11,0.01
D0138,2026-06-01,37.83,0.74,0.28,0.14,0.14,0.01
D0138,2026-07-01,35.02,0.68,0.26,0.13,0.16,0.02
D0139,2025-07-01,4.92,0.07,0.0,0.0,0.0,0.0
D0139,2025-09-01,4.15,0.08,0.01,0.0,0.0,0.0
D0139,2025-10-01,3.83,0.07,0.02,0.0,0.0,0.0
D0139,2025-11-01,3.94,0.08,0.03,0.01,0.0,0.0
D0139,2025-12-01,3.74,0.07,0.03,0.01,0.0,0.0
D0139,2026-01-01,3.14,0.06,0.02,0.01,0.0,0.0
D0139,2026-02-01,2.88,0.06,0.02,0.01,0.01,0.0
D0139,2026-03-01,2.84,0.06,0.02,0.01,0.01,0.0
D0139,2026-04-01,2.54,0.05,0.02,0.01,0.01,0.0
D0139,2026-05-01,2.58,0.05,0.02,0.01,0.01,0.0
D0139,2026-06-01,2.55,0.05,0.02,0.01,0.01,0.0
D0139,2026-07-01,2.16,0.04,0.02,0.01,0.01,0.0
D0140,2026-05-01,301.87,14.22,0.0,0.0,0.0,0.0
D0140,2026-06-01,277.02,18.36,5.69,0.0,0.0,0.0
D0140,2026-07-01,241.34,17.82,9.49,2.15,0.0,0.0
D0141,2025-03-01,38.13,0.58,0.0,0.0,0.0,0.0
D0141,2025-04-01,36.93,0.69,0.12,0.0,0.0,0.0
D0141,2025-05-01,37.79,0.73,0.21,0.03,0.0,0.0
D0141,2025-06-01,34.88,0.68,0.23,0.06,0.01,0.0
D0141,2025-07-01,35.94,0.7,0.26,0.09,0.02,0.0
D0141,2025-08-01,32.0,0.62,0.24,0.09,0.04,0.0
D0141,2025-09-01,31.04,0.61,0.23,0.1,0.06,0.0
D0141,2025-10-01,30.45,0.59,0.23,0.11,0.09,0.01
D0141,2025-11-01,28.71,0.56,0.22,0.11,0.11,0.01
D0141,2025-12-01,30.89,0.6,0.23,0.12,0.14,0.02
D0141,2026-01-01,28.22,0.55,0.21,0.11,0.15,0.02
D0141,2026-02-01,29.09,0.57,0.22,0.11,0.18,0.03
D0141,2026-05-01,23.57,0.46,0.18,0.09,0.16,0.04
D0141,2026-06-01,24.46,0.48,0.18,0.09,0.19,0.05
D0141,2026-07-01,23.09,0.45,0.17,0.09,0.19,0.06
D0142,2024-06-01,49.27,2.32,0.0,0.0,0.0,0.0
D0142,2024-07-01,43.96,2.91,0.9,0.0,0.0,0.0
D0142,2024-08-01,44.35,3.27,1.74,0.39,0.0,0.0
D0142,2024-09-01,41.72,3.2,2.18,0.89,0.18,0.0
D0142,2024-10-01,38.09,2.96,2.28,1.26,0.56,0.02
D0142,2024-11-01,33.88,2.64,2.17,1.42,1.01,0.07
D0142,2024-12-01,33.37,2.6,2.21,1.6,1.6,0.17
D0142,2025-01-01,28.19,2.19,1.89,1.46,1.9,0.31
D0142,2025-02-01,29.0,2.24,1.95,1.56,2.52,0.51
D0142,2025-03-01,25.79,1.99,1.73,1.42,2.73,0.73
D0142,2025-04-01,23.65,1.82,1.58,1.31,2.91,0.99
D0142,2025-05-01,24.51,1.88,1.63,1.35,3.41,1.29
D0142,2025-06-01,23.67,1.81,1.56,1.3,3.62,1.62
D0142,2025-07-01,21.87,1.67,1.44,1.19,3.62,1.96
D0142,2025-08-01,21.46,1.63,1.4,1.16,3.79,2.32
D0142,2025-09-01,20.22,1.53,1.31,1.09,3.76,2.68
D0142,2025-10-01,17.28,1.31,1.12,0.92,3.36,3.0
D0142,2025-11-01,17.03,1.29,1.1,0.9,3.43,3.33
D0142,2025-12-01,16.01,1.21,1.03,0.84,3.32,3.66
D0142,2026-01-01,16.41,1.24,1.05,0.86,3.49,4.0
D0142,2026-02-01,15.83,1.19,1.01,0.83,3.44,4.34
D0142,2026-03-01,13.68,1.03,0.87,0.71,3.03,4.64
D0142,2026-04-01,13.34,1.0,0.85,0.69,3.0,4.93
D0142,2026-05-01,12.57,0.95,0.8,0.65,2.86,5.21
D0142,2026-07-01,11.72,0.88,0.74,0.61,2.7,5.48
D0143,2026-03-01,335.24,15.8,0.0,0.0,0.0,0.0
D0143,2026-04-01,317.76,21.06,6.53,0.0,0.0,0.0
D0143,2026-05-01,299.04,22.08,11.76,2.66,0.0,0.0
D0143,2026-06-01,261.21,20.03,13.62,5.59,1.15,0.0
D0143,2026-07-01,253.34,19.68,15.16,8.37,3.7,0.11
D0144,2025-05-01,210.49,3.21,0.0,0.0,0.0,0.0
D0144,2025-06-01,205.14,3.82,0.69,0.0,0.0,0.0
D0144,2025-08-01,200.42,3.88,1.12,0.15,0.0,0.0
D0144,2025-09-01,194.03,3.78,1.29,0.32,0.04,0.0
D0144,2025-10-01,170.67,3.33,1.22,0.41,0.11,0.0
D0144,2025-11-01,167.03,3.26,1.23,0.49,0.22,0.01
D0144,2025-12-01,158.13,3.09,1.18,0.52,0.33,0.02
D0144,2026-01-01,161.56,3.15,1.21,0.57,0.47,0.03
D0144,2026-02-01,150.36,2.93,1.13,0.55,0.56,0.06
D0144,2026-03-01,145.25,2.83,1.09,0.55,0.67,0.08
D0144,2026-04-01,139.2,2.71,1.05,0.53,0.75,0.12
D0144,2026-05-01,133.96,2.61,1.01,0.51,0.83,0.15
D0144,2026-06-01,136.26,2.66,1.03,0.52,0.95,0.19
D0144,2026-07-01,132.24,2.58,1.0,0.51,1.02,0.24
D0145,2024-08-01,256.1,12.07,0.0,0.0,0.0,0.0
D0145,2024-09-01,255.92,16.96,5.26,0.0,0.0,0.0
D0145,2024-10-01,228.11,16.84,8.97,2.03,0.0,0.0
D0145,2024-11-01,225.28,17.28,11.75,4.82,0.99,0.0
D0145,2024-12-01,206.01,16.0,12.32,6.8,3.01,0.09
D0145,2025-02-01,159.1,12.39,10.19,6.68,4.72,0.33
D0145,2025-03-01,150.11,11.68,9.93,7.21,7.19,0.79
D0145,2025-04-01,130.55,10.13,8.75,6.77,8.8,1.42
D0145,2025-05-01,121.43,9.39,8.16,6.55,10.57,2.26
D0145,2025-06-01,121.87,9.39,8.18,6.7,12.89,3.33
D0145,2025-07-01,115.97,8.91,7.75,6.41,14.29,4.58
D0145,2025-08-01,102.2,7.83,6.79,5.64,14.2,5.85
D0145,2025-09-01,89.86,6.86,5.93,4.94,13.76,7.11
D0145,2025-10-01,84.97,6.48,5.58,4.64,14.07,8.42
D0146,2024-05-01,174.38,2.66,0.0,0.0,0.0,0.0
D0146,2024-06-01,167.11,3.11,0.56,0.0,0.0,0.0
D0146,2024-07-01,160.42,3.1,0.89,0.12,0.0,0.0
D0146,2024-08-01,146.44,2.85,0.98,0.24,0.03,0.0
D0146,2024-09-01,143.38,2.8,1.03,0.35,0.09,0.0
D0146,2024-10-01,119.81,2.34,0.88,0.35,0.16,0.01
D0146,2024-11-01,117.99,2.3,0.88,0.39,0.24,0.01
D0146,2024-12-01,111.94,2.18,0.84,0.4,0.32,0.02
D0146,2025-01-01,110.56,2.16,0.83,0.41,0.41,0.04
D0146,2025-02-01,101.78,1.99,0.77,0.38,0.47,0.06
D0146,2025-03-01,89.49,1.75,0.67,0.34,0.48,0.08
D0146,2025-04-01,90.74,1.77,0.68,0.35,0.56,0.11
D0146,2025-05-01,84.83,1.65,0.64,0.33,0.59,0.13
D0146,2025-06-01,71.93,1.4,0.54,0.28,0.56,0.16
D0146,2025-07-01,74.32,1.45,0.56,0.29,0.63,0.19
D0146,2025-08-01,71.21,1.39,0.54,0.27,0.65,0.22
D0146,2025-09-01,64.56,1.26,0.49,0.25,0.63,0.24
D0146,2025-10-01,57.34,1.12,0.43,0.22,0.59,0.27
D0146,2025-11-01,55.34,1.08,0.42,0.21,0.6,0.3
D0146,2025-12-01,49.16,0.96,0.37,0.19,0.56,0.33
D0146,2026-01-01,50.7,0.99,0.38,0.2,0.61,0.36
D0146,2026-02-01,44.08,0.86,0.33,0.17,0.55,0.38
D0146,2026-03-01,44.43,0.87,0.33,0.17,0.57,0.41
D0146,2026-04-01,39.68,0.77,0.3,0.15,0.53,0.44
D0146,2026-06-01,36.6,0.71,0.28,0.14,0.5,0.46
D0146,2026-07-01,34.18,0.67,0.26,0.13,0.48,0.48
D0147,2025-05-01,243.92,11.49,0.0,0.0,0.0,0.0
D0147,2025-06-01,205.0,13.59,4.21,0.0,0.0,0.0
D0147,2025-08-01,175.75,12.98,6.91,1.57,0.0,0.0
D0147,2025-09-01,164.77,12.64,8.59,3.53,0.72,0.0
D0147,2025-10-01,170.91,13.28,10.22,5.64,2.5,0.08
D0147,2025-11-01,142.89,11.13,9.15,6.0,4.24,0.29
D0147,2025-12-01,139.88,10.88,9.25,6.72,6.7,0.72
D0147,2026-01-01,125.87,9.77,8.44,6.52,8.49,1.33
D0147,2026-02-01,119.8,9.27,8.05,6.46,10.43,2.15
D0147,2026-03-01,112.08,8.64,7.52,6.16,11.86,3.14
D0147,2026-04-01,101.52,7.8,6.78,5.61,12.51,4.23
D0147,2026-05-01,97.47,7.47,6.47,5.38,13.55,5.44
D0147,2026-06-01,92.84,7.09,6.13,5.1,14.21,6.75
D0147,2026-07-01,84.24,6.42,5.53,4.6,13.94,8.05
D0148,2025-01-01,86.59,4.08,0.0,0.0,0.0,0.0
D0148,2025-02-01,72.3,4.79,1.49,0.0,0.0,0.0
D0148,2025-03-01,70.15,5.18,2.76,0.62,0.0,0.0
D0148,2025-04-01,67.49,5.18,3.52,1.44,0.3,0.0
D0148,2025-05-01,67.23,5.22,4.02,2.22,0.98,0.03
D0148,2025-07-01,57.95,4.51,3.71,2.43,1.72,0.12
D0148,2025-08-01,49.83,3.88,3.3,2.39,2.39,0.27
D0148,2025-09-01,49.17,3.82,3.3,2.55,3.32,0.51
D0148,2025-10-01,50.93,3.94,3.42,2.75,4.43,0.86
D0148,2025-11-01,47.72,3.68,3.2,2.62,5.05,1.28
D0148,2026-01-01,44.57,3.42,2.98,2.46,5.49,1.76
D0148,2026-02-01,38.84,2.98,2.58,2.14,5.4,2.24
D0148,2026-03-01,40.28,3.08,2.66,2.21,6.17,2.81
D0148,2026-04-01,35.24,2.69,2.31,1.92,5.83,3.35
D0148,2026-05-01,40.52,1.24,1.71,1.73,6.56,3.66
D0148,2026-06-01,36.21,0.77,0.87,1.18,5.82,3.95
D0148,2026-07-01,40.21,0.79,0.59,0.94,6.39,4.27
D0149,2026-02-01,78.36,1.19,0.0,0.0,0.0,0.0
D0149,2026-03-01,70.01,1.3,0.24,0.0,0.0,0.0
D0149,2026-04-01,70.32,1.36,0.39,0.05,0.0,0.0
D0149,2026-05-01,72.53,1.41,0.48,0.12,0.02,0.0
D0149,2026-06-01,61.04,1.19,0.44,0.15,0.04,0.0
D0149,2026-07-01,65.56,1.28,0.48,0.19,0.09,0.0
D0150,2025-02-01,167.69,2.55,0.0,0.0,0.0,0.0
D0150,2025-03-01,159.56,2.97,0.54,0.0,0.0,0.0
D0150,2025-04-01,143.15,2.77,0.8,0.11,0.0,0.0
D0150,2025-05-01,146.17,2.85,0.97,0.24,0.03,0.0
D0150,2025-06-01,144.39,2.82,1.04,0.35,0.1,0.0
D0150,2025-07-01,123.28,2.41,0.91,0.36,0.16,0.01
D0150,2025-08-01,117.97,2.3,0.88,0.39,0.24,0.01
D0150,2025-09-01,125.63,2.45,0.94,0.44,0.36,0.03
D0150,2025-10-01,114.62,2.24,0.86,0.42,0.43,0.04
D0150,2025-11-01,120.44,2.35,0.91,0.45,0.55,0.07
D0150,2025-12-01,109.49,2.14,0.83,0.42,0.59,0.09
D0150,2026-01-01,113.42,2.21,0.85,0.43,0.71,0.12
D0150,2026-02-01,103.57,2.02,0.78,0.4,0.72,0.15
D0150,2026-03-01,94.99,1.85,0.72,0.37,0.73,0.19
D0150,2026-04-01,94.63,1.85,0.71,0.36,0.8,0.22
D0150,2026-05-01,94.9,1.85,0.72,0.37,0.86,0.26
D0150,2026-06-01,84.61,1.65,0.64,0.33,0.82,0.3
D0150,2026-07-01,84.3,1.64,0.64,0.33,0.87,0.34
D0151,2026-06-01,49.13,0.75,0.0,0.0,0.0,0.0
D0151,2026-07-01,45.48,0.85,0.15,0.0,0.0,0.0
D0152,2024-10-01,332.07,5.06,0.0,0.0,0.0,0.0
D0152,2024-11-01,296.27,5.52,1.0,0.0,0.0,0.0
D0152,2024-12-01,278.28,5.39,1.55,0.21,0.0,0.0
D0152,2025-01-01,279.58,5.45,1.86,0.46,0.06,0.0
D0152,2025-02-01,276.13,5.39,1.98,0.67,0.18,0.0
D0152,2025-03-01,260.36,5.08,1.92,0.77,0.34,0.01
D0152,2025-04-01,267.07,5.21,2.0,0.89,0.55,0.03
D0152,2025-05-01,251.33,4.9,1.89,0.89,0.73,0.06
D0152,2025-06-01,259.96,5.07,1.96,0.96,0.97,0.09
D0152,2025-07-01,267.69,5.22,2.02,1.0,1.23,0.14
D0153,2025-01-01,247.93,3.78,0.0,0.0,0.0,0.0
D0153,2025-02-01,248.14,4.62,0.84,0.0,0.0,0.0
D0153,2025-03-01,215.28,4.17,1.2,0.16,0.0,0.0
D0153,2025-04-01,209.22,4.08,1.39,0.35,0.04,0.0
D0153,2025-05-01,186.55,3.64,1.34,0.45,0.12,0.0
D0153,2025-06-01,178.45,3.48,1.32,0.53,0.23,0.01
D0153,2025-07-01,176.39,3.44,1.32,0.58,0.37,0.02
D0153,2025-09-01,171.54,3.35,1.29,0.61,0.5,0.04
D0153,2025-10-01,168.59,3.29,1.27,0.62,0.63,0.06
D0153,2025-11-01,158.89,3.1,1.2,0.6,0.73,0.09
D0153,2025-12-01,144.81,2.82,1.09,0.55,0.78,0.12
D0153,2026-01-01,139.38,2.72,1.05,0.53,0.87,0.16
D0153,2026-02-01,131.69,2.57,0.99,0.51,0.92,0.2
D0153,2026-03-01,130.38,2.54,0.98,0.5,1.01,0.25
D0153,2026-04-01,114.11,2.22,0.86,0.44,0.96,0.29
D0153,2026-05-01,115.46,2.25,0.87,0.45,1.05,0.34
D0153,2026-06-01,102.13,1.99,0.77,0.39,0.99,0.39
D0153,2026-07-01,103.03,2.01,0.78,0.4,1.06,0.44
D0154,2026-03-01,140.81,2.14,0.0,0.0,0.0,0.0
D0154,2026-04-01,134.12,2.5,0.45,0.0,0.0,0.0
D0154,2026-05-01,138.34,2.68,0.77,0.1,0.0,0.0
D0154,2026-06-01,121.61,2.37,0.81,0.2,0.03,0.0
D0154,2026-07-01,116.07,2.27,0.83,0.28,0.08,0.0
D0155,2025-07-01,91.88,1.4,0.0,0.0,0.0,0.0
D0155,2025-08-01,96.34,1.79,0.32,0.0,0.0,0.0
D0155,2025-09-01,86.77,1.68,0.48,0.06,0.0,0.0
D0155,2025-10-01,88.97,1.73,0.59,0.15,0.02,0.0
D0155,2025-11-01,82.05,1.6,0.59,0.2,0.05,0.0
D0155,2025-12-01,81.88,1.6,0.6,0.24,0.11,0.0
D0155,2026-01-01,75.75,1.48,0.57,0.25,0.16,0.01
D0155,2026-02-01,75.75,1.48,0.57,0.27,0.22,0.02
D0155,2026-03-01,70.55,1.38,0.53,0.26,0.26,0.03
D0155,2026-04-01,70.05,1.37,0.53,0.26,0.32,0.04
D0155,2026-05-01,67.65,1.32,0.51,0.26,0.37,0.06
D0155,2026-06-01,58.52,1.14,0.44,0.22,0.36,0.07
D0155,2026-07-01,61.93,1.21,0.47,0.24,0.43,0.09
D0156,2024-05-01,277.24,4.22,0.0,0.0,0.0,0.0
D0156,2024-06-01,269.03,5.01,0.91,0.0,0.0,0.0
D0156,2024-07-01,242.7,4.7,1.35,0.18,0.0,0.0
D0156,2024-08-01,229.35,4.47,1.53,0.38,0.05,0.0
D0156,2024-09-01,210.85,4.12,1.51,0.51,0.14,0.0
D0156,2024-10-01,218.4,4.26,1.61,0.65,0.29,0.01
D0156,2024-11-01,201.0,3.92,1.5,0.67,0.42,0.02
D0156,2024-12-01,188.73,3.68,1.42,0.67,0.55,0.04
D0156,2025-01-01,181.96,3.55,1.37,0.67,0.68,0.07
D0156,2025-02-01,163.04,3.18,1.23,0.61,0.75,0.1
D0156,2025-03-01,155.73,3.04,1.17,0.59,0.84,0.13
D0156,2025-04-01,149.59,2.92,1.13,0.57,0.93,0.18
D0156,2025-05-01,137.56,2.68,1.04,0.53,0.96,0.22
D0156,2025-06-01,134.1,2.61,1.01,0.52,1.03,0.27
D0156,2025-07-01,128.01,2.5,0.96,0.49,1.08,0.31
D0156,2025-08-01,120.82,2.36,0.91,0.47,1.1,0.37
D0156,2025-10-01,103.83,2.02,0.78,0.4,1.01,0.41
D0156,2025-11-01,103.04,2.01,0.78,0.4,1.06,0.46
D0156,2025-12-01,99.24,1.93,0.75,0.38,1.08,0.51
D0156,2026-01-01,89.24,1.74,0.67,0.34,1.02,0.56
D0156,2026-02-01,91.51,1.78,0.69,0.35,1.09,0.61
D0156,2026-03-01,82.91,1.62,0.62,0.32,1.03,0.66
D0156,2026-04-01,75.58,1.47,0.57,0.29,0.97,0.71
D0156,2026-05-01,76.54,1.49,0.58,0.3,1.02,0.76
D0156,2026-06-01,69.44,1.35,0.52,0.27,0.96,0.81
D0156,2026-07-01,65.15,1.27,0.49,0.25,0.92,0.85
D0157,2025-11-01,58.26,0.89,0.0,0.0,0.0,0.0
D0157,2025-12-01,51.52,0.96,0.17,0.0,0.0,0.0
D0157,2026-01-01,51.39,0.99,0.29,0.04,0.0,0.0
D0157,2026-02-01,48.69,0.95,0.32,0.08,0.01,0.0
D0157,2026-03-01,47.78,0.93,0.34,0.12,0.03,0.0
D0157,2026-04-01,48.06,0.94,0.35,0.14,0.06,0.0
D0157,2026-05-01,46.32,0.9,0.35,0.15,0.1,0.01
D0157,2026-06-01,44.73,0.87,0.34,0.16,0.13,0.01
D0157,2026-07-01,42.71,0.83,0.32,0.16,0.16,0.02
D0158,2025-02-01,2.35,0.04,0.0,0.0,0.0,0.0
D0158,2025-03-01,2.25,0.04,0.01,0.0,0.0,0.0
D0158,2025-04-01,2.05,0.04,0.01,0.0,0.0,0.0
D0158,2025-05-01,2.12,0.04,0.01,0.0,0.0,0.0
D0158,2025-06-01,1.96,0.04,0.01,0.0,0.0,0.0
D0158,2025-07-01,1.92,0.04,0.01,0.01,0.0,0.0
D0158,2025-08-01,1.85,0.04,0.01,0.01,0.0,0.0
D0158,2025-09-01,1.72,0.03,0.01,0.01,0.0,0.0
D0158,2025-10-01,1.74,0.03,0.01,0.01,0.01,0.0
D0158,2025-11-01,1.6,0.03,0.01,0.01,0.01,0.0
D0158,2025-12-01,1.46,0.03,0.01,0.01,0.01,0.0
D0158,2026-01-01,1.38,0.03,0.01,0.01,0.01,0.0
D0158,2026-02-01,1.32,0.03,0.01,0.01,0.01,0.0
D0158,2026-03-01,1.42,0.03,0.01,0.01,0.01,0.0
D0158,2026-04-01,1.34,0.03,0.01,0.01,0.01,0.0
D0158,2026-05-01,1.32,0.03,0.01,0.01,0.01,0.0
D0158,2026-06-01,1.17,0.02,0.01,0.0,0.01,0.0
D0158,2026-07-01,1.17,0.02,0.01,0.0,0.01,0.0
D0159,2024-05-01,289.88,13.66,0.0,0.0,0.0,0.0
D0159,2024-06-01,255.54,16.93,5.25,0.0,0.0,0.0
D0159,2024-07-01,244.4,18.04,9.61,2.18,0.0,0.0
D0159,2024-08-01,219.81,16.86,11.46,4.7,0.97,0.0
D0159,2024-09-01,194.32,15.09,11.62,6.42,2.84,0.09
D0159,2024-10-01,188.27,14.67,12.06,7.9,5.59,0.37
D0159,2024-11-01,160.65,12.5,10.63,7.72,7.69,0.86
D0159,2024-12-01,160.79,12.48,10.78,8.33,10.84,1.64
D0159,2025-01-01,153.11,11.84,10.29,8.26,13.33,2.69
D0159,2025-02-01,136.09,10.49,9.13,7.48,14.4,3.89
D0159,2025-03-01,133.29,10.24,8.9,7.37,16.42,5.32
D0159,2025-04-01,124.38,9.53,8.26,6.87,17.29,6.87
D0159,2025-05-01,105.7,8.07,6.98,5.81,16.18,8.36
D0159,2025-06-01,118.61,3.62,5.03,5.1,17.89,9.21
D0159,2025-07-01,102.59,2.19,2.48,3.37,15.46,9.96
D0159,2025-08-01,100.49,1.97,1.49,2.37,15.05,10.7
D0159,2025-09-01,95.63,1.84,1.01,1.58,14.07,11.41
D0159,2025-10-01,95.76,1.84,0.83,1.11,13.7,12.11
D0159,2025-11-01,88.55,1.71,0.7,0.75,12.23,12.74
D0159,2025-12-01,84.84,1.64,0.64,0.55,11.26,13.32
D0159,2026-01-01,76.67,1.48,0.57,0.41,9.75,13.82
D0159,2026-02-01,78.24,1.51,0.58,0.37,9.52,14.32
D0159,2026-03-01,66.53,1.29,0.49,0.28,7.74,14.72
D0159,2026-05-01,60.78,1.18,0.45,0.25,6.76,15.07
D0159,2026-06-01,56.58,1.1,0.42,0.22,6.01,15.39
D0159,2026-07-01,57.04,1.11,0.42,0.22,5.8,15.69
D0160,2025-04-01,330.02,5.03,0.0,0.0,0.0,0.0
D0160,2025-05-01,317.77,5.92,1.07,0.0,0.0,0.0
D0160,2025-06-01,287.99,5.57,1.6,0.21,0.0,0.0
D0160,2025-07-01,297.98,5.81,1.99,0.49,0.06,0.0
D0160,2025-08-01,302.6,5.91,2.17,0.73,0.2,0.0
D0160,2025-09-01,271.02,5.29,2.0,0.8,0.35,0.01
D0160,2025-11-01,265.57,5.18,1.99,0.88,0.55,0.03
D0160,2025-12-01,248.83,4.85,1.87,0.88,0.72,0.06
D0160,2026-01-01,253.99,4.95,1.91,0.93,0.95,0.09
D0160,2026-02-01,228.43,4.46,1.72,0.86,1.05,0.14
D0160,2026-03-01,220.23,4.3,1.66,0.84,1.19,0.19
D0160,2026-04-01,214.04,4.17,1.61,0.82,1.33,0.24
D0160,2026-05-01,221.0,4.31,1.67,0.85,1.54,0.31
D0160,2026-06-01,200.43,3.91,1.51,0.77,1.55,0.38
D0160,2026-07-01,200.32,3.91,1.51,0.77,1.69,0.46
D0161,2026-02-01,116.05,1.77,0.0,0.0,0.0,0.0
D0161,2026-03-01,119.86,2.23,0.4,0.0,0.0,0.0
D0161,2026-04-01,101.23,1.96,0.56,0.08,0.0,0.0
D0161,2026-05-01,106.63,2.08,0.71,0.18,0.02,0.0
D0161,2026-06-01,95.47,1.86,0.68,0.23,0.06,0.0
D0161,2026-07-01,97.68,1.91,0.72,0.29,0.13,0.0
D0162,2025-12-01,63.79,3.01,0.0,0.0,0.0,0.0
D0162,2026-01-01,57.52,3.81,1.18,0.0,0.0,0.0
D0162,2026-02-01,51.98,3.84,2.05,0.46,0.0,0.0
D0162,2026-03-01,50.02,3.84,2.61,1.07,0.22,0.0
D0162,2026-04-01,44.64,3.47,2.67,1.47,0.65,0.02
D0162,2026-05-01,41.45,3.23,2.65,1.74,1.23,0.08
D0162,2026-06-01,39.77,3.09,2.63,1.91,1.9,0.2
D0162,2026-07-01,38.02,2.95,2.55,1.97,2.56,0.39
D0163,2025-05-01,150.69,2.29,0.0,0.0,0.0,0.0
D0163,2025-06-01,129.48,2.41,0.44,0.0,0.0,0.0
D0163,2025-07-01,124.9,2.42,0.7,0.09,0.0,0.0
D0163,2025-08-01,111.74,2.18,0.74,0.18,0.02,0.0
D0163,2025-09-01,112.2,2.19,0.8,0.27,0.07,0.0
D0163,2025-10-01,98.35,1.92,0.73,0.29,0.13,0.0
D0163,2025-11-01,106.4,2.08,0.8,0.35,0.22,0.01
D0163,2025-12-01,98.02,1.91,0.74,0.35,0.28,0.02
D0163,2026-01-01,82.32,1.61,0.62,0.3,0.31,0.03
D0163,2026-02-01,86.94,1.7,0.66,0.33,0.4,0.05
D0163,2026-03-01,81.9,1.6,0.62,0.31,0.44,0.07
D0163,2026-04-01,76.72,1.5,0.58,0.29,0.48,0.09
D0163,2026-05-01,69.35,1.35,0.52,0.27,0.48,0.11
D0163,2026-06-01,63.34,1.24,0.48,0.24,0.49,0.13
D0163,2026-07-01,57.59,1.12,0.43,0.22,0.48,0.16
D0164,2024-05-01,281.46,4.29,0.0,0.0,0.0,0.0
D0164,2024-06-01,258.75,4.82,0.87,0.0,0.0,0.0
D0164,2024-07-01,232.55,4.5,1.29,0.17,0.0,0.0
D0164,2024-08-01,222.21,4.33,1.48,0.37,0.05,0.0
D0164,2024-09-01,215.02,4.2,1.54,0.52,0.14,0.0
D0164,2024-10-01,222.66,4.35,1.64,0.66,0.29,0.01
D0164,2024-11-01,187.46,3.66,1.4,0.62,0.39,0.02
D0164,2024-12-01,179.77,3.51,1.35,0.64,0.52,0.04
D0165,2025-03-01,221.23,10.42,0.0,0.0,0.0,0.0
D0165,2025-04-01,187.14,12.4,3.84,0.0,0.0,0.0
D0165,2025-05-01,176.33,13.02,6.94,1.57,0.0,0.0
D0165,2025-06-01,174.57,13.39,9.1,3.74,0.77,0.0
D0165,2025-07-01,164.43,12.77,9.84,5.43,2.4,0.07
D0165,2025-08-01,135.04,10.52,8.65,5.67,4.01,0.28
D0165,2025-09-01,135.82,10.57,8.98,6.53,6.5,0.69
D0165,2025-10-01,117.96,9.15,7.91,6.11,7.96,1.26
D0165,2025-11-01,107.31,8.3,7.21,5.79,9.34,2.0
D0165,2025-12-01,110.27,8.5,7.4,6.06,11.67,2.97
D0165,2026-01-01,101.12,7.77,6.75,5.59,12.46,4.06
D0165,2026-02-01,93.88,7.19,6.23,5.18,13.05,5.23
D0165,2026-03-01,87.15,6.66,5.75,4.79,13.34,6.45
D0165,2026-04-01,82.45,6.28,5.41,4.5,13.65,7.72
D0165,2026-07-01,66.35,5.04,4.33,3.59,11.71,8.83
D0166,2025-05-01,81.03,3.82,0.0,0.0,0.0,0.0
D0166,2025-06-01,66.3,4.39,1.36,0.0,0.0,0.0
D0166,2025-07-01,64.73,4.78,2.55,0.58,0.0,0.0
D0166,2025-08-01,58.36,4.48,3.04,1.25,0.26,0.0
D0166,2025-09-01,55.65,4.32,3.33,1.84,0.81,0.03
D0166,2025-10-01,54.54,4.25,3.49,2.29,1.62,0.11
D0166,2025-11-01,52.49,4.08,3.47,2.52,2.51,0.27
D0166,2025-12-01,44.84,3.48,3.01,2.32,3.02,0.48
D0166,2026-01-01,40.6,3.14,2.73,2.19,3.53,0.76
D0166,2026-03-01,37.93,2.92,2.54,2.08,4.01,1.1
D0166,2026-04-01,37.47,2.88,2.5,2.07,4.62,1.5
D0166,2026-05-01,39.91,1.22,1.71,1.73,4.97,1.73
D0166,2026-06-01,36.23,0.78,0.89,1.2,4.59,1.95
D0166,2026-07-01,36.11,0.71,0.54,0.86,4.6,2.17
D0167,2026-01-01,15.94,0.24,0.0,0.0,0.0,0.0
D0167,2026-02-01,13.79,0.26,0.05,0.0,0.0,0.0
D0167,2026-03-01,13.81,0.27,0.08,0.01,0.0,0.0
D0167,2026-04-01,13.82,0.27,0.09,0.02,0.0,0.0
D0167,2026-05-01,11.81,0.23,0.08,0.03,0.01,0.0
D0167,2026-06-01,12.24,0.24,0.09,0.04,0.02,0.0
D0167,2026-07-01,11.27,0.22,0.08,0.04,0.02,0.0
D0168,2024-12-01,224.71,3.42,0.0,0.0,0.0,0.0
D0168,2025-01-01,242.94,4.52,0.82,0.0,0.0,0.0
D0168,2025-02-01,235.69,4.56,1.31,0.18,0.0,0.0
D0168,2025-03-01,208.39,4.06,1.39,0.34,0.04,0.0
D0168,2025-04-01,211.09,4.12,1.51,0.51,0.14,0.0
D0168,2025-05-01,190.26,3.71,1.41,0.56,0.25,0.01
D0168,2025-06-01,185.96,3.63,1.39,0.62,0.39,0.02
D0168,2025-07-01,175.47,3.42,1.32,0.62,0.51,0.04
D0168,2025-08-01,183.25,3.57,1.38,0.67,0.69,0.07
D0168,2025-09-01,173.36,3.38,1.31,0.65,0.8,0.1
D0169,2025-07-01,146.68,2.23,0.0,0.0,0.0,0.0
D0169,2025-08-01,143.72,2.68,0.48,0.0,0.0,0.0
D0169,2025-09-01,132.08,2.56,0.74,0.1,0.0,0.0
D0169,2025-10-01,127.97,2.49,0.85,0.21,0.03,0.0
D0169,2025-11-01,121.61,2.37,0.87,0.29,0.08,0.0
D0169,2025-12-01,110.45,2.16,0.82,0.33,0.14,0.0
D0169,2026-02-01,110.22,2.15,0.82,0.37,0.23,0.01
D0169,2026-03-01,108.06,2.11,0.81,0.38,0.31,0.02
D0169,2026-04-01,95.38,1.86,0.72,0.35,0.36,0.04
D0169,2026-05-01,100.18,1.95,0.76,0.38,0.46,0.06
D0169,2026-06-01,90.39,1.76,0.68,0.34,0.49,0.08
D0169,2026-07-01,90.72,1.77,0.68,0.35,0.56,0.1
D0170,2024-09-01,155.91,2.37,0.0,0.0,0.0,0.0
D0170,2024-10-01,150.88,2.81,0.51,0.0,0.0,0.0
D0170,2024-11-01,141.33,2.74,0.79,0.11,0.0,0.0
D0170,2024-12-01,128.61,2.51,0.86,0.21,0.03,0.0
D0170,2025-01-01,127.86,2.5,0.92,0.31,0.08,0.0
D0170,2025-03-01,120.88,2.36,0.89,0.36,0.16,0.01
D0170,2025-04-01,113.53,2.22,0.85,0.38,0.24,0.01
D0170,2025-05-01,107.94,2.11,0.81,0.38,0.31,0.02
D0170,2025-06-01,107.66,2.1,0.81,0.4,0.4,0.04
D0170,2025-07-01,105.69,2.06,0.8,0.4,0.49,0.06
D0170,2025-08-01,98.68,1.92,0.74,0.38,0.53,0.08
D0170,2025-09-01,95.04,1.85,0.72,0.36,0.59,0.11
D0170,2025-10-01,103.18,2.01,0.78,0.4,0.72,0.14
D0170,2025-11-01,99.64,1.94,0.75,0.38,0.77,0.17
D0170,2025-12-01,89.94,1.75,0.68,0.35,0.76,0.21
D0170,2026-01-01,88.81,1.73,0.67,0.34,0.81,0.25
D0170,2026-02-01,80.3,1.57,0.6,0.31,0.78,0.28
D0170,2026-03-01,80.24,1.56,0.6,0.31,0.83,0.32
D0170,2026-04-01,80.48,1.57,0.61,0.31,0.88,0.36
D0170,2026-05-01,72.31,1.41,0.54,0.28,0.83,0.4
D0170,2026-06-01,75.93,1.48,0.57,0.29,0.91,0.45
D0170,2026-07-01,66.98,1.31,0.5,0.26,0.83,0.49
D0171,2024-12-01,7.72,0.12,0.0,0.0,0.0,0.0
D0171,2025-01-01,7.24,0.13,0.02,0.0,0.0,0.0
D0171,2025-02-01,7.37,0.14,0.04,0.01,0.0,0.0
D0171,2025-03-01,7.06,0.14,0.05,0.01,0.0,0.0
D0171,2025-04-01,6.21,0.12,0.04,0.01,0.0,0.0
D0171,2025-05-01,6.21,0.12,0.05,0.02,0.01,0.0
D0171,2025-07-01,6.21,0.12,0.05,0.02,0.01,0.0
D0171,2025-08-01,5.63,0.11,0.04,0.02,0.02,0.0
D0171,2025-09-01,5.88,0.11,0.04,0.02,0.02,0.0
D0171,2025-10-01,5.07,0.1,0.04,0.02,0.02,0.0
D0171,2025-11-01,5.14,0.1,0.04,0.02,0.03,0.0
D0171,2025-12-01,4.9,0.1,0.04,0.02,0.03,0.01
D0171,2026-01-01,4.99,0.1,0.04,0.02,0.03,0.01
D0171,2026-02-01,4.8,0.09,0.04,0.02,0.04,0.01
D0171,2026-03-01,4.59,0.09,0.03,0.02,0.04,0.01
D0171,2026-04-01,4.52,0.09,0.03,0.02,0.04,0.01
D0171,2026-05-01,4.16,0.08,0.03,0.02,0.04,0.01
D0171,2026-06-01,4.49,0.09,0.03,0.02,0.05,0.02
D0171,2026-07-01,4.1,0.08,0.03,0.02,0.04,0.02
D0172,2024-08-01,167.31,7.88,0.0,0.0,0.0,0.0
D0172,2024-09-01,145.4,9.64,2.99,0.0,0.0,0.0
D0172,2024-10-01,144.0,10.63,5.66,1.28,0.0,0.0
D0172,2024-11-01,129.34,9.92,6.74,2.77,0.57,0.0
D0172,2024-12-01,121.38,9.43,7.26,4.01,1.77,0.05
D0172,2025-01-01,102.52,7.99,6.57,4.3,3.04,0.21
D0172,2025-02-01,90.65,7.05,6.0,4.36,4.34,0.48
D0172,2025-03-01,87.8,6.81,5.88,4.55,5.92,0.91
D0172,2025-04-01,85.43,6.61,5.74,4.61,7.44,1.5
D0172,2025-05-01,78.95,6.09,5.3,4.34,8.35,2.2
D0172,2025-06-01,70.69,5.43,4.72,3.91,8.71,2.95
D0172,2025-07-01,60.07,4.6,3.99,3.32,8.35,3.7
D0173,2025-04-01,311.69,4.75,0.0,0.0,0.0,0.0
D0173,2025-05-01,311.71,5.81,1.05,0.0,0.0,0.0
D0173,2025-06-01,304.97,5.9,1.7,0.23,0.0,0.0
D0173,2025-07-01,282.0,5.5,1.88,0.47,0.06,0.0
D0173,2025-08-01,271.65,5.3,1.95,0.66,0.18,0.0
D0173,2025-09-01,255.46,4.99,1.89,0.76,0.33,0.01
D0173,2025-10-01,237.85,4.64,1.78,0.79,0.49,0.03
D0173,2025-11-01,219.88,4.29,1.65,0.78,0.64,0.05
D0173,2025-12-01,217.22,4.24,1.64,0.8,0.81,0.08
D0173,2026-02-01,197.67,3.86,1.49,0.74,0.91,0.12
D0173,2026-03-01,168.02,3.28,1.27,0.64,0.91,0.16
D0173,2026-04-01,164.86,3.21,1.24,0.63,1.03,0.2
D0173,2026-05-01,173.62,3.39,1.31,0.67,1.21,0.26
D0173,2026-06-01,155.84,3.04,1.17,0.6,1.2,0.31
D0173,2026-07-01,152.24,2.97,1.15,0.59,1.28,0.37
D0174,2024-06-01,94.51,1.44,0.0,0.0,0.0,0.0
D0174,2024-07-01,87.19,1.62,0.29,0.0,0.0,0.0
D0174,2024-08-01,82.57,1.6,0.46,0.06,0.0,0.0
D0174,2024-09-01,78.92,1.54,0.53,0.13,0.02,0.0
D0174,2024-10-01,82.59,1.61,0.59,0.2,0.05,0.0
D0174,2024-11-01,75.02,1.46,0.55,0.22,0.1,0.0
D0174,2024-12-01,70.55,1.38,0.53,0.23,0.15,0.01
D0174,2025-01-01,66.9,1.31,0.5,0.24,0.19,0.01
D0174,2025-03-01,62.25,1.21,0.47,0.23,0.23,0.02
D0174,2025-04-01,57.63,1.12,0.43,0.22,0.26,0.03
D0174,2025-06-01,47.8,0.93,0.36,0.18,0.26,0.05
D0174,2025-07-01,48.19,0.94,0.36,0.18,0.3,0.06
D0174,2025-08-01,45.99,0.9,0.35,0.18,0.32,0.07
D0174,2025-09-01,44.91,0.88,0.34,0.17,0.35,0.09
D0174,2025-10-01,42.88,0.84,0.32,0.17,0.36,0.11
D0174,2025-11-01,37.7,0.74,0.28,0.15,0.34,0.12
D0174,2025-12-01,35.29,0.69,0.27,0.14,0.34,0.14
D0174,2026-01-01,36.52,0.71,0.28,0.14,0.38,0.16
D0174,2026-02-01,35.56,0.69,0.27,0.14,0.39,0.17
D0174,2026-04-01,29.37,0.57,0.22,0.11,0.34,0.19
D0174,2026-05-01,28.53,0.56,0.21,0.11,0.34,0.21
D0174,2026-06-01,25.73,0.5,0.19,0.1,0.32,0.22
D0174,2026-07-01,25.55,0.5,0.19,0.1,0.33,0.24
D0175,2024-06-01,212.73,3.24,0.0,0.0,0.0,0.0
D0175,2024-08-01,190.78,3.55,0.64,0.0,0.0,0.0
D0175,2024-09-01,173.04,3.35,0.96,0.13,0.0,0.0
D0175,2024-10-01,175.77,3.43,1.17,0.29,0.04,0.0
D0175,2024-11-01,167.23,3.26,1.2,0.4,0.11,0.0
D0175,2024-12-01,167.64,3.27,1.24,0.5,0.22,0.01
D0175,2025-01-01,150.74,2.94,1.13,0.5,0.31,0.02
D0176,2025-03-01,207.93,9.8,0.0,0.0,0.0,0.0
D0176,2025-04-01,196.41,13.02,4.03,0.0,0.0,0.0
D0176,2025-05-01,191.25,14.12,7.52,1.7,0.0,0.0
D0176,2025-06-01,176.98,13.57,9.23,3.79,0.78,0.0
D0176,2025-07-01,176.28,13.69,10.55,5.82,2.58,0.08
D0176,2025-08-01,150.5,11.72,9.64,6.32,4.47,0.3
D0176,2025-09-01,152.52,11.87,10.09,7.33,7.3,0.77
D0176,2025-10-01,133.14,10.33,8.92,6.9,8.98,1.42
D0176,2025-11-01,132.55,10.25,8.91,7.15,11.54,2.33
D0176,2025-12-01,131.76,10.16,8.84,7.24,13.94,3.49
D0176,2026-01-01,128.89,9.9,8.61,7.12,15.88,4.87
D0176,2026-02-01,113.07,8.66,7.51,6.24,15.71,6.28
D0176,2026-03-01,104.75,8.0,6.92,5.75,16.03,7.75
D0176,2026-04-01,118.66,3.63,5.03,5.1,17.9,8.6
D0176,2026-05-01,107.37,2.29,2.6,3.52,16.18,9.39
D0176,2026-06-01,118.75,2.32,1.76,2.8,17.78,10.27
D0177,2024-11-01,93.52,4.41,0.0,0.0,0.0,0.0
D0177,2024-12-01,77.63,5.14,1.59,0.0,0.0,0.0
D0177,2025-01-01,80.8,5.97,3.18,0.72,0.0,0.0
D0177,2025-02-01,73.55,5.64,3.84,1.57,0.32,0.0
D0177,2025-03-01,64.69,5.03,3.87,2.14,0.95,0.03
D0177,2025-04-01,64.99,5.06,4.16,2.73,1.93,0.13
D0177,2025-05-01,62.74,4.88,4.15,3.02,3.0,0.32
D0177,2025-06-01,53.79,4.17,3.6,2.79,3.63,0.58
D0177,2025-07-01,53.31,1.65,2.3,2.22,3.94,0.75
D0177,2025-08-01,55.01,1.18,1.36,1.78,4.39,0.95
D0177,2025-09-01,52.36,1.03,0.79,1.23,4.38,1.15
D0177,2025-10-01,54.93,1.06,0.59,0.91,4.69,1.38
D0177,2025-11-01,49.56,0.96,0.44,0.58,4.22,1.59
D0177,2025-12-01,48.37,0.94,0.39,0.42,4.05,1.8
D0177,2026-01-01,51.03,0.99,0.39,0.34,4.17,2.01
D0177,2026-02-01,45.41,0.88,0.34,0.25,3.6,2.19
D0177,2026-03-01,44.58,0.86,0.33,0.21,3.41,2.37
D0177,2026-04-01,46.95,0.91,0.35,0.2,3.47,2.55
D0177,2026-05-01,45.2,0.88,0.34,0.19,3.22,2.72
D0177,2026-06-01,39.81,0.77,0.3,0.16,2.73,2.86
D0177,2026-07-01,42.51,0.83,0.32,0.17,2.81,3.0
D0178,2024-11-01,217.81,3.32,0.0,0.0,0.0,0.0
D0178,2024-12-01,193.26,3.6,0.65,0.0,0.0,0.0
D0178,2025-01-01,177.6,3.44,0.99,0.13,0.0,0.0
D0178,2025-02-01,177.16,3.45,1.18,0.29,0.04,0.0
D0178,2025-04-01,162.59,3.17,1.17,0.39,0.11,0.0
D0178,2025-05-01,151.36,2.95,1.12,0.45,0.2,0.01
D0178,2025-06-01,157.13,3.07,1.18,0.52,0.33,0.02
D0178,2025-07-01,138.03,2.69,1.04,0.49,0.4,0.03
D0178,2025-08-01,133.49,2.6,1.01,0.49,0.5,0.05
D0178,2025-09-01,136.6,2.66,1.03,0.51,0.63,0.08
D0178,2025-10-01,125.3,2.44,0.94,0.48,0.68,0.11
D0178,2025-11-01,113.57,2.21,0.86,0.43,0.71,0.14
D0178,2025-12-01,106.23,2.07,0.8,0.41,0.74,0.17
D0178,2026-01-01,113.08,2.21,0.85,0.44,0.87,0.21
D0178,2026-02-01,97.81,1.91,0.74,0.38,0.82,0.25
D0178,2026-03-01,92.04,1.79,0.69,0.36,0.84,0.28
D0178,2026-04-01,90.76,1.77,0.68,0.35,0.88,0.33
D0178,2026-05-01,79.75,1.55,0.6,0.31,0.82,0.36
D0178,2026-06-01,81.09,1.58,0.61,0.31,0.88,0.41
D0178,2026-07-01,79.52,1.55,0.6,0.31,0.91,0.45
D0179,2025-05-01,170.65,2.6,0.0,0.0,0.0,0.0
D0179,2025-06-01,160.11,2.98,0.54,0.0,0.0,0.0
D0179,2025-07-01,146.79,2.84,0.82,0.11,0.0,0.0
D0179,2025-08-01,157.41,3.07,1.05,0.26,0.03,0.0
D0179,2025-09-01,141.57,2.76,1.01,0.34,0.09,0.0
D0179,2025-10-01,139.5,2.72,1.03,0.41,0.18,0.01
D0179,2025-12-01,121.11,2.36,0.91,0.4,0.25,0.01
D0179,2026-01-01,116.48,2.27,0.88,0.41,0.34,0.03
D0179,2026-02-01,117.7,2.3,0.89,0.43,0.44,0.04
D0179,2026-03-01,116.2,2.27,0.88,0.44,0.53,0.06
D0179,2026-04-01,110.96,2.16,0.84,0.42,0.6,0.09
D0179,2026-05-01,94.72,1.85,0.71,0.36,0.59,0.12
D0179,2026-06-01,103.66,2.02,0.78,0.4,0.72,0.15
D0179,2026-07-01,89.26,1.74,0.67,0.34,0.69,0.18
D0180,2026-02-01,261.77,12.33,0.0,0.0,0.0,0.0
D0180,2026-03-01,241.84,16.03,4.97,0.0,0.0,0.0
D0180,2026-04-01,211.08,15.58,8.3,1.88,0.0,0.0
D0180,2026-05-01,196.38,15.06,10.24,4.2,0.86,0.0
D0180,2026-06-01,174.47,13.55,10.44,5.76,2.55,0.08
D0180,2026-07-01,156.0,12.15,9.99,6.55,4.63,0.31
D0181,2025-03-01,123.71,1.88,0.0,0.0,0.0,0.0
D0181,2025-04-01,122.98,2.29,0.41,0.0,0.0,0.0
D0181,2025-05-01,115.8,2.24,0.64,0.09,0.0,0.0
D0181,2025-06-01,105.97,2.07,0.71,0.18,0.02,0.0
D0181,2025-07-01,105.0,2.05,0.75,0.25,0.07,0.0
D0181,2025-08-01,94.72,1.85,0.7,0.28,0.12,0.0
D0181,2025-09-01,91.76,1.79,0.69,0.3,0.19,0.01
D0181,2025-10-01,88.41,1.72,0.66,0.31,0.26,0.02
D0181,2025-11-01,78.57,1.53,0.59,0.29,0.29,0.03
D0181,2025-12-01,77.82,1.52,0.59,0.29,0.36,0.05
D0181,2026-01-01,68.57,1.34,0.52,0.26,0.37,0.06
D0181,2026-02-01,61.62,1.2,0.46,0.24,0.38,0.08
D0181,2026-03-01,61.19,1.19,0.46,0.24,0.43,0.1
D0181,2026-04-01,59.53,1.16,0.45,0.23,0.46,0.12
D0181,2026-05-01,56.6,1.1,0.43,0.22,0.48,0.14
D0181,2026-06-01,54.46,1.06,0.41,0.21,0.49,0.16
D0181,2026-07-01,53.77,1.05,0.41,0.21,0.52,0.19
D0182,2026-03-01,328.41,5.0,0.0,0.0,0.0,0.0
D0182,2026-04-01,312.33,5.82,1.05,0.0,0.0,0.0
D0182,2026-05-01,290.38,5.62,1.62,0.22,0.0,0.0
D0182,2026-06-01,281.31,5.48,1.88,0.47,0.06,0.0
D0182,2026-07-01,254.19,4.96,1.82,0.61,0.17,0.0
D0183,2024-09-01,91.22,1.39,0.0,0.0,0.0,0.0
D0183,2024-10-01,96.49,1.8,0.33,0.0,0.0,0.0
D0183,2024-11-01,89.59,1.73,0.5,0.07,0.0,0.0
D0183,2024-12-01,80.9,1.58,0.54,0.13,0.02,0.0
D0183,2025-01-01,77.31,1.51,0.55,0.19,0.05,0.0
D0183,2025-02-01,71.55,1.4,0.53,0.21,0.09,0.0
D0183,2025-03-01,67.33,1.31,0.5,0.22,0.14,0.01
D0183,2025-04-01,71.07,1.39,0.53,0.25,0.21,0.01
D0183,2025-05-01,60.15,1.17,0.45,0.22,0.23,0.02
D0183,2025-06-01,62.32,1.22,0.47,0.23,0.29,0.04
D0183,2025-07-01,54.17,1.06,0.41,0.21,0.29,0.05
D0183,2025-08-01,52.31,1.02,0.39,0.2,0.33,0.06
D0183,2025-10-01,51.98,1.01,0.39,0.2,0.36,0.08
D0183,2025-11-01,46.33,0.9,0.35,0.18,0.36,0.09
D0183,2025-12-01,42.56,0.83,0.32,0.16,0.36,0.11
D0183,2026-01-01,39.52,0.77,0.3,0.15,0.36,0.13
D0183,2026-02-01,40.29,0.79,0.3,0.16,0.39,0.15
D0183,2026-03-01,36.5,0.71,0.27,0.14,0.38,0.16
D0183,2026-04-01,36.49,0.71,0.27,0.14,0.4,0.18
D0183,2026-05-01,34.83,0.68,0.26,0.13,0.4,0.2
D0183,2026-06-01,31.38,0.61,0.24,0.12,0.37,0.22
D0183,2026-07-01,30.36,0.59,0.23,0.12,0.38,0.24
D0184,2025-01-01,136.07,2.07,0.0,0.0,0.0,0.0
D0184,2025-02-01,127.99,2.38,0.43,0.0,0.0,0.0
D0184,2025-03-01,107.97,2.09,0.6,0.08,0.0,0.0
D0184,2025-04-01,105.89,2.06,0.71,0.18,0.02,0.0
D0184,2025-05-01,95.33,1.86,0.68,0.23,0.06,0.0
D0184,2025-06-01,96.01,1.87,0.71,0.28,0.13,0.0
D0184,2025-07-01,92.57,1.81,0.69,0.31,0.19,0.01
D0184,2025-08-01,81.47,1.59,0.61,0.29,0.24,0.02
D0184,2025-09-01,82.29,1.61,0.62,0.3,0.31,0.03
D0184,2025-10-01,70.95,1.38,0.53,0.27,0.33,0.04
D0184,2025-11-01,70.26,1.37,0.53,0.27,0.38,0.06
D0184,2025-12-01,65.59,1.28,0.49,0.25,0.41,0.08
D0184,2026-02-01,61.22,1.19,0.46,0.24,0.43,0.1
D0184,2026-03-01,54.6,1.06,0.41,0.21,0.42,0.12
D0184,2026-04-01,51.01,0.99,0.38,0.2,0.43,0.14
D0184,2026-05-01,47.91,0.93,0.36,0.18,0.43,0.16
D0184,2026-06-01,45.53,0.89,0.34,0.18,0.44,0.18
D0184,2026-07-01,41.08,0.8,0.31,0.16,0.42,0.2
D0185,2026-02-01,117.62,1.79,0.0,0.0,0.0,0.0
D0185,2026-03-01,111.47,2.08,0.38,0.0,0.0,0.0
D0185,2026-04-01,105.49,2.04,0.59,0.08,0.0,0.0
D0185,2026-05-01,106.65,2.08,0.71,0.18,0.02,0.0
D0185,2026-06-01,103.58,2.02,0.74,0.25,0.07,0.0
D0185,2026-07-01,99.37,1.94,0.73,0.29,0.13,0.0
D0186,2026-02-01,291.6,4.44,0.0,0.0,0.0,0.0
D0186,2026-03-01,292.59,5.45,0.99,0.0,0.0,0.0
D0186,2026-04-01,279.07,5.4,1.55,0.21,0.0,0.0
D0186,2026-05-01,249.44,4.86,1.66,0.41,0.05,0.0
D0186,2026-06-01,227.56,4.44,1.63,0.55,0.15,0.0
D0186,2026-07-01,215.51,4.21,1.59,0.64,0.28,0.01
D0187,2025-07-01,354.52,5.4,0.0,0.0,0.0,0.0
D0187,2025-08-01,327.72,6.1,1.11,0.0,0.0,0.0
D0187,2025-09-01,286.32,5.54,1.59,0.21,0.0,0.0
D0187,2025-10-01,271.4,5.29,1.81,0.45,0.06,0.0
D0187,2025-11-01,263.11,5.14,1.89,0.63,0.17,0.0
D0187,2025-12-01,239.74,4.68,1.77,0.71,0.31,0.01
D0187,2026-01-01,234.28,4.57,1.75,0.78,0.49,0.03
D0187,2026-02-01,232.14,4.53,1.74,0.82,0.67,0.05
D0187,2026-03-01,208.56,4.07,1.57,0.77,0.78,0.08
D0187,2026-04-01,200.67,3.91,1.51,0.75,0.92,0.12
D0187,2026-05-01,168.41,3.28,1.27,0.64,0.91,0.16
D0187,2026-06-01,180.1,3.51,1.36,0.69,1.12,0.21
D0187,2026-07-01,166.47,3.25,1.25,0.64,1.16,0.26
D0188,2026-01-01,277.88,13.09,0.0,0.0,0.0,0.0
D0188,2026-02-01,282.02,18.69,5.79,0.0,0.0,0.0
D0188,2026-03-01,240.96,17.79,9.48,2.15,0.0,0.0
D0188,2026-04-01,229.64,17.61,11.98,4.91,1.01,0.0
D0188,2026-05-01,237.0,18.41,14.18,7.83,3.46,0.11
D0188,2026-06-01,214.63,16.72,13.74,9.01,6.37,0.43
D0189,2026-03-01,248.53,11.71,0.0,0.0,0.0,0.0
D0189,2026-04-01,217.3,14.4,4.46,0.0,0.0,0.0
D0189,2026-05-01,209.31,15.45,8.23,1.86,0.0,0.0
D0189,2026-06-01,188.35,14.45,9.82,4.03,0.83,0.0
D0189,2026-07-01,176.98,13.75,10.59,5.84,2.59,0.08
D0190,2026-03-01,287.11,13.53,0.0,0.0,0.0,0.0
D0190,2026-05-01,233.28,15.46,4.79,0.0,0.0,0.0
D0190,2026-06-01,215.4,15.9,8.47,1.92,0.0,0.0
D0190,2026-07-01,196.29,15.05,10.24,4.2,0.86,0.0
D0191,2024-11-01,205.88,3.14,0.0,0.0,0.0,0.0
D0191,2024-12-01,188.75,3.52,0.64,0.0,0.0,0.0
D0191,2025-01-01,174.53,3.38,0.97,0.13,0.0,0.0
D0191,2025-02-01,183.27,3.57,1.22,0.3,0.04,0.0
D0191,2025-03-01,166.77,3.25,1.2,0.4,0.11,0.0
D0191,2025-04-01,167.62,3.27,1.24,0.5,0.22,0.01
D0191,2025-05-01,154.28,3.01,1.15,0.51,0.32,0.02
D0191,2025-06-01,142.11,2.77,1.07,0.5,0.41,0.03
D0191,2025-07-01,139.28,2.72,1.05,0.51,0.52,0.05
D0191,2025-08-01,134.98,2.63,1.02,0.51,0.62,0.08
D0191,2025-09-01,137.11,2.67,1.03,0.52,0.74,0.11
D0191,2025-10-01,141.74,2.76,1.07,0.54,0.88,0.15
D0191,2025-11-01,137.92,2.69,1.04,0.53,0.96,0.19
D0191,2025-12-01,121.28,2.36,0.91,0.47,0.94,0.23
D0191,2026-01-01,124.18,2.42,0.94,0.48,1.04,0.28
D0191,2026-02-01,116.54,2.27,0.88,0.45,1.06,0.33
D0191,2026-03-01,121.14,2.36,0.91,0.47,1.18,0.38
D0192,2025-08-01,144.98,6.83,0.0,0.0,0.0,0.0
D0192,2025-09-01,140.01,9.28,2.88,0.0,0.0,0.0
D0192,2025-10-01,127.44,9.41,5.01,1.14,0.0,0.0
D0192,2025-12-01,109.41,8.39,5.71,2.34,0.48,0.0
D0192,2026-01-01,96.87,7.52,5.8,3.2,1.42,0.04
D0192,2026-02-01,88.59,6.9,5.67,3.72,2.63,0.18
D0192,2026-03-01,80.36,6.25,5.32,3.86,3.85,0.42
D0192,2026-04-01,79.12,6.14,5.3,4.1,5.34,0.81
D0192,2026-05-01,68.07,5.26,4.58,3.67,5.93,1.27
D0192,2026-06-01,61.55,4.74,4.13,3.38,6.51,1.82
D0192,2026-07-01,62.77,4.82,4.19,3.47,7.73,2.49
D0193,2025-07-01,51.85,0.79,0.0,0.0,0.0,0.0
D0193,2025-08-01,43.36,0.81,0.15,0.0,0.0,0.0
D0193,2025-09-01,41.54,0.8,0.23,0.03,0.0,0.0
D0193,2025-10-01,40.97,0.8,0.27,0.07,0.01,0.0
D0193,2025-11-01,40.15,0.78,0.29,0.1,0.03,0.0
D0193,2025-12-01,38.54,0.75,0.28,0.11,0.05,0.0
D0193,2026-01-01,38.95,0.76,0.29,0.13,0.08,0.0
D0193,2026-02-01,32.72,0.64,0.25,0.12,0.09,0.01
D0193,2026-03-01,32.04,0.62,0.24,0.12,0.12,0.01
D0193,2026-04-01,29.55,0.58,0.22,0.11,0.14,0.02
D0193,2026-05-01,31.54,0.62,0.24,0.12,0.17,0.03
D0193,2026-06-01,30.07,0.59,0.23,0.12,0.19,0.03
D0193,2026-07-01,28.15,0.55,0.21,0.11,0.2,0.04
D0194,2025-04-01,311.82,4.75,0.0,0.0,0.0,0.0
D0194,2025-06-01,280.53,5.23,0.95,0.0,0.0,0.0
D0194,2025-07-01,271.64,5.26,1.51,0.2,0.0,0.0
D0194,2025-08-01,251.34,4.9,1.68,0.42,0.05,0.0
D0194,2025-09-01,250.97,4.9,1.8,0.61,0.17,0.0
D0194,2025-10-01,217.1,4.24,1.6,0.64,0.28,0.01
D0194,2025-11-01,203.13,3.96,1.52,0.67,0.42,0.02
D0194,2025-12-01,182.6,3.56,1.37,0.65,0.53,0.04
D0194,2026-01-01,174.34,3.4,1.31,0.64,0.65,0.07
D0194,2026-02-01,169.85,3.31,1.28,0.64,0.78,0.1
D0194,2026-03-01,165.9,3.24,1.25,0.63,0.9,0.14
D0194,2026-04-01,148.62,2.9,1.12,0.57,0.92,0.18
D0194,2026-05-01,146.76,2.86,1.11,0.56,1.03,0.22
D0194,2026-07-01,129.95,2.53,0.98,0.5,1.0,0.27
D0195,2026-05-01,129.49,6.1,0.0,0.0,0.0,0.0
D0195,2026-06-01,123.1,8.16,2.53,0.0,0.0,0.0
D0195,2026-07-01,109.49,8.08,4.31,0.98,0.0,0.0
D0196,2024-10-01,234.51,3.57,0.0,0.0,0.0,0.0
D0196,2024-11-01,210.74,3.93,0.71,0.0,0.0,0.0
D0196,2024-12-01,204.28,3.95,1.14,0.15,0.0,0.0
D0196,2025-01-01,189.52,3.69,1.26,0.31,0.04,0.0
D0196,2025-02-01,191.6,3.74,1.37,0.46,0.13,0.0
D0196,2025-03-01,189.4,3.7,1.4,0.56,0.25,0.01
D0196,2025-04-01,162.93,3.18,1.22,0.54,0.34,0.02
D0196,2025-05-01,174.62,3.41,1.31,0.62,0.51,0.04
D0196,2025-06-01,155.39,3.03,1.17,0.57,0.58,0.06
D0196,2025-07-01,149.07,2.91,1.12,0.56,0.68,0.09
D0196,2025-08-01,140.36,2.74,1.06,0.53,0.76,0.12
D0196,2025-09-01,141.01,2.75,1.06,0.54,0.88,0.16
D0196,2025-10-01,125.01,2.44,0.94,0.48,0.87,0.2
D0196,2025-11-01,122.24,2.38,0.92,0.47,0.94,0.24
D0196,2025-12-01,120.33,2.35,0.91,0.46,1.01,0.29
D0196,2026-01-01,109.21,2.13,0.82,0.42,0.99,0.33
D0196,2026-02-01,110.24,2.15,0.83,0.43,1.07,0.38
D0196,2026-03-01,105.42,2.06,0.79,0.41,1.09,0.43
D0196,2026-04-01,104.06,2.03,0.78,0.4,1.13,0.49
D0196,2026-05-01,100.38,1.96,0.76,0.39,1.15,0.54
D0196,2026-06-01,90.69,1.77,0.68,0.35,1.08,0.59
D0196,2026-07-01,91.3,1.78,0.69,0.35,1.13,0.65
D0197,2025-05-01,297.16,14.0,0.0,0.0,0.0,0.0
D0197,2025-06-01,275.5,18.26,5.66,0.0,0.0,0.0
D0197,2025-07-01,241.62,17.84,9.51,2.15,0.0,0.0
D0197,2025-08-01,235.69,18.08,12.29,5.04,1.04,0.0
D0197,2025-09-01,211.94,16.46,12.68,7.0,3.1,0.1
D0197,2025-10-01,208.12,16.21,13.33,8.73,6.18,0.41
D0197,2025-11-01,196.15,15.26,12.97,9.43,9.39,1.0
D0197,2025-12-01,186.28,14.45,12.48,9.65,12.56,1.91
D0197,2026-01-01,173.31,13.4,11.65,9.35,15.09,3.1
D0197,2026-02-01,156.4,12.06,10.49,8.59,16.55,4.48
D0197,2026-03-01,142.9,10.98,9.54,7.9,17.6,6.01
D0197,2026-04-01,134.77,10.32,8.95,7.44,18.73,7.69
D0197,2026-05-01,137.61,10.51,9.09,7.56,21.06,9.62
D0197,2026-06-01,126.23,9.62,8.29,6.89,20.9,11.57
D0197,2026-07-01,112.36,8.54,7.34,6.08,19.83,13.45
D0198,2025-12-01,93.02,4.38,0.0,0.0,0.0,0.0
D0198,2026-01-01,86.03,5.7,1.77,0.0,0.0,0.0
D0198,2026-02-01,74.47,5.5,2.93,0.66,0.0,0.0
D0198,2026-03-01,72.81,5.58,3.8,1.56,0.32,0.0
D0198,2026-04-01,65.83,5.11,3.94,2.17,0.96,0.03
D0198,2026-05-01,58.98,4.59,3.78,2.48,1.75,0.12
D0198,2026-06-01,55.84,4.35,3.69,2.68,2.67,0.29
D0198,2026-07-01,51.5,4.0,3.45,2.67,3.47,0.54
D0199,2024-08-01,187.18,8.82,0.0,0.0,0.0,0.0
D0199,2024-09-01,157.66,10.45,3.24,0.0,0.0,0.0
D0199,2024-10-01,152.28,11.24,5.99,1.36,0.0,0.0
D0199,2024-11-01,137.87,10.57,7.19,2.95,0.61,0.0
D0199,2024-12-01,130.46,10.13,7.8,4.31,1.91,0.06
D0199,2025-01-01,121.01,9.43,7.75,5.08,3.59,0.24
D0199,2025-03-01,102.69,7.99,6.79,4.93,4.92,0.55
D0199,2025-04-01,92.63,7.19,6.21,4.8,6.25,1.0
D0199,2025-05-01,88.4,6.84,5.94,4.77,7.69,1.61
D0199,2025-06-01,79.95,6.16,5.36,4.39,8.46,2.32
D0199,2025-07-01,77.23,5.93,5.16,4.27,9.51,3.14
D0199,2025-08-01,67.45,5.17,4.48,3.72,9.37,3.98
D0199,2025-09-01,65.14,4.98,4.3,3.58,9.97,4.9
D0199,2025-10-01,55.98,4.27,3.68,3.05,9.27,5.76
D0199,2025-11-01,56.47,4.29,3.69,3.06,9.96,6.7
D0199,2025-12-01,54.57,4.14,3.55,2.93,10.15,7.67
D0199,2026-01-01,50.77,3.85,3.29,2.71,9.86,8.62
D0199,2026-02-01,46.5,3.52,3.0,2.47,9.36,9.53
D0200,2025-03-01,321.01,4.89,0.0,0.0,0.0,0.0
D0200,2025-04-01,276.84,5.16,0.93,0.0,0.0,0.0
D0200,2025-05-01,268.26,5.19,1.49,0.2,0.0,0.0
D0200,2025-06-01,283.66,5.53,1.89,0.47,0.06,0.0
D0200,2025-07-01,265.16,5.18,1.9,0.64,0.18,0.0
D0200,2025-08-01,249.21,4.86,1.84,0.74,0.33,0.01
D0200,2025-09-01,264.02,5.15,1.97,0.87,0.55,0.03
D0201,2026-05-01,307.7,14.5,0.0,0.0,0.0,0.0
D0201,2026-06-01,275.67,18.27,5.66,0.0,0.0,0.0
D0201,2026-07-01,222.48,16.43,8.75,1.98,0.0,0.0
D0202,2026-04-01,268.73,4.09,0.0,0.0,0.0,0.0
D0202,2026-05-01,262.4,4.89,0.88,0.0,0.0,0.0
D0202,2026-06-01,250.49,4.85,1.39,0.19,0.0,0.0
D0202,2026-07-01,221.1,4.31,1.47,0.37,0.05,0.0
D0203,2024-07-01,267.08,12.59,0.0,0.0,0.0,0.0
D0203,2024-08-01,274.29,18.18,5.63,0.0,0.0,0.0
D0203,2024-09-01,250.9,18.52,9.87,2.23,0.0,0.0
D0203,2024-10-01,205.57,15.77,10.72,4.4,0.9,0.0
D0203,2024-11-01,193.46,15.03,11.57,6.39,2.83,0.09
D0203,2024-12-01,177.88,13.86,11.39,7.46,5.28,0.35
D0203,2025-01-01,175.81,13.68,11.63,8.45,8.42,0.89
D0203,2025-02-01,149.79,11.62,10.04,7.76,10.1,1.62
D0203,2025-03-01,140.59,10.87,9.45,7.58,12.24,2.58
D0203,2025-04-01,141.81,4.37,6.12,6.07,13.04,3.16
D0203,2025-05-01,137.62,2.96,3.39,4.54,13.3,3.78
D0203,2025-06-01,138.07,2.71,2.08,3.29,13.74,4.44
D0203,2025-07-01,123.45,2.39,1.32,2.07,12.38,5.04
D0203,2025-08-01,118.92,2.3,1.05,1.41,11.8,5.64
D0203,2025-09-01,122.27,2.36,0.98,1.06,11.87,6.24
D0203,2025-10-01,113.92,2.21,0.87,0.76,10.73,6.79
D0203,2025-11-01,98.47,1.91,0.74,0.54,8.96,7.25
D0203,2025-12-01,101.11,1.96,0.76,0.48,8.86,7.71
D0203,2026-01-01,88.2,1.71,0.66,0.38,7.44,8.1
D0203,2026-02-01,89.81,1.74,0.67,0.37,7.28,8.47
D0203,2026-03-01,90.32,1.75,0.67,0.36,7.04,8.84
D0203,2026-04-01,80.34,1.56,0.6,0.31,6.02,9.15
D0203,2026-05-01,74.09,1.44,0.55,0.28,5.34,9.43
D0203,2026-06-01,74.06,1.44,0.55,0.28,5.14,9.69
D0203,2026-07-01,68.76,1.34,0.51,0.26,4.59,9.93
D0204,2026-03-01,36.78,1.73,0.0,0.0,0.0,0.0
D0204,2026-04-01,32.88,2.18,0.68,0.0,0.0,0.0
D0204,2026-05-01,31.2,2.3,1.23,0.28,0.0,0.0
D0204,2026-06-01,30.54,2.34,1.59,0.65,0.13,0.0
D0204,2026-07-01,26.63,2.07,1.59,0.88,0.39,0.01
D0205,2024-08-01,100.97,4.76,0.0,0.0,0.0,0.0
D0205,2024-09-01,103.17,6.84,2.12,0.0,0.0,0.0
D0205,2024-10-01,85.41,6.31,3.36,0.76,0.0,0.0
D0205,2024-12-01,84.13,6.45,4.39,1.8,0.37,0.0
D0205,2025-01-01,81.93,6.36,4.9,2.71,1.2,0.04
D0205,2025-02-01,72.27,5.63,4.63,3.03,2.15,0.15
D0205,2025-03-01,65.72,5.11,4.35,3.16,3.15,0.34
D0205,2025-04-01,68.28,5.3,4.58,3.54,4.61,0.68
D0205,2025-06-01,61.07,1.89,2.64,2.55,4.52,0.87
D0205,2025-07-01,58.36,1.26,1.44,1.89,4.66,1.08
D0205,2025-08-01,58.07,1.14,0.88,1.37,4.86,1.31
D0205,2025-09-01,57.01,1.1,0.61,0.95,4.86,1.55
D0205,2025-10-01,56.97,1.1,0.5,0.67,4.85,1.79
D0205,2025-11-01,56.93,1.1,0.46,0.49,4.77,2.03
D0205,2025-12-01,52.41,1.02,0.4,0.35,4.28,2.25
D0205,2026-01-01,49.14,0.95,0.37,0.27,3.89,2.45
D0205,2026-02-01,53.01,1.03,0.4,0.25,4.06,2.66
D0205,2026-03-01,45.76,0.89,0.34,0.2,3.38,2.83
D0205,2026-04-01,46.6,0.9,0.35,0.19,3.32,3.0
D0205,2026-05-01,40.97,0.8,0.31,0.16,2.81,3.15
D0205,2026-06-01,42.84,0.83,0.32,0.17,2.83,3.3
D0205,2026-07-01,37.98,0.74,0.28,0.15,2.42,3.42
D0206,2025-06-01,56.69,0.86,0.0,0.0,0.0,0.0
D0206,2025-07-01,52.03,0.97,0.18,0.0,0.0,0.0
D0206,2025-08-01,46.98,0.91,0.26,0.03,0.0,0.0
D0206,2025-09-01,45.64,0.89,0.3,0.08,0.01,0.0
D0206,2025-10-01,42.51,0.83,0.3,0.1,0.03,0.0
D0206,2025-11-01,44.14,0.86,0.33,0.13,0.06,0.0
D0206,2025-12-01,37.76,0.74,0.28,0.13,0.08,0.0
D0206,2026-02-01,37.98,0.74,0.29,0.13,0.11,0.01
D0206,2026-03-01,34.2,0.67,0.26,0.13,0.13,0.01
D0206,2026-04-01,33.47,0.65,0.25,0.13,0.15,0.02
D0206,2026-05-01,29.47,0.57,0.22,0.11,0.16,0.03
D0206,2026-06-01,28.64,0.56,0.22,0.11,0.18,0.03
D0206,2026-07-01,28.24,0.55,0.21,0.11,0.2,0.04
D0207,2024-09-01,229.75,3.5,0.0,0.0,0.0,0.0
D0207,2024-10-01,201.04,3.74,0.68,0.0,0.0,0.0
D0207,2024-11-01,191.06,3.7,1.06,0.14,0.0,0.0
D0207,2024-12-01,191.04,3.72,1.27,0.32,0.04,0.0
D0207,2025-01-01,170.65,3.33,1.22,0.41,0.11,0.0
D0207,2025-02-01,169.75,3.31,1.25,0.5,0.22,0.01
D0207,2025-03-01,154.72,3.02,1.16,0.51,0.32,0.02
D0207,2025-04-01,140.26,2.74,1.05,0.5,0.41,0.03
D0207,2025-05-01,142.64,2.78,1.07,0.52,0.53,0.05
D0207,2025-06-01,134.51,2.62,1.01,0.5,0.62,0.08
D0208,2025-04-01,54.28,0.83,0.0,0.0,0.0,0.0
D0208,2025-05-01,51.07,0.95,0.17,0.0,0.0,0.0
D0208,2025-06-01,51.32,0.99,0.29,0.04,0.0,0.0
D0208,2025-07-01,43.95,0.86,0.29,0.07,0.01,0.0
D0208,2025-08-01,45.48,0.89,0.33,0.11,0.03,0.0
D0208,2025-09-01,40.68,0.79,0.3,0.12,0.05,0.0
D0208,2025-10-01,39.0,0.76,0.29,0.13,0.08,0.0
D0208,2025-11-01,35.35,0.69,0.27,0.13,0.1,0.01
D0208,2025-12-01,35.85,0.7,0.27,0.13,0.13,0.01
D0208,2026-01-01,35.84,0.7,0.27,0.13,0.16,0.02
D0208,2026-02-01,31.06,0.61,0.23,0.12,0.17,0.03
D0208,2026-03-01,31.98,0.62,0.24,0.12,0.2,0.04
D0208,2026-04-01,28.85,0.56,0.22,0.11,0.2,0.04
D0208,2026-05-01,30.02,0.59,0.23,0.12,0.23,0.06
D0209,2025-08-01,112.06,5.28,0.0,0.0,0.0,0.0
D0209,2025-09-01,107.83,7.15,2.21,0.0,0.0,0.0
D0209,2025-10-01,95.23,7.03,3.75,0.85,0.0,0.0
D0209,2025-11-01,82.34,6.31,4.29,1.76,0.36,0.0
D0209,2025-12-01,80.75,6.27,4.83,2.67,1.18,0.04
D0209,2026-01-01,76.52,5.96,4.9,3.21,2.27,0.15
D0209,2026-02-01,71.01,5.53,4.7,3.41,3.4,0.37
D0209,2026-03-01,71.39,5.54,4.78,3.7,4.81,0.71
D0209,2026-04-01,64.55,4.99,4.34,3.48,5.62,1.16
D0209,2026-05-01,64.69,4.99,4.34,3.55,6.84,1.73
D0209,2026-06-01,61.43,4.72,4.1,3.4,7.57,2.39
D0209,2026-07-01,58.3,4.47,3.87,3.22,8.1,3.11
D0210,2026-04-01,306.79,4.67,0.0,0.0,0.0,0.0
D0210,2026-05-01,313.07,5.83,1.06,0.0,0.0,0.0
D0210,2026-06-01,306.71,5.94,1.71,0.23,0.0,0.0
D0210,2026-07-01,265.95,5.18,1.77,0.44,0.06,0.0
D0211,2024-04-01,80.47,1.23,0.0,0.0,0.0,0.0
D0211,2024-05-01,73.7,1.37,0.25,0.0,0.0,0.0
D0211,2024-06-01,77.42,1.5,0.43,0.06,0.0,0.0
D0211,2024-07-01,71.66,1.4,0.48,0.12,0.01,0.0
D0211,2024-08-01,66.28,1.29,0.48,0.16,0.04,0.0
D0211,2024-09-01,61.62,1.2,0.46,0.18,0.08,0.0
D0211,2024-10-01,57.61,1.12,0.43,0.19,0.12,0.01
D0212,2025-10-01,177.03,2.7,0.0,0.0,0.0,0.0
D0212,2025-11-01,167.97,3.13,0.57,0.0,0.0,0.0
D0212,2025-12-01,168.11,3.25,0.94,0.13,0.0,0.0
D0212,2026-01-01,165.8,3.23,1.11,0.27,0.03,0.0
D0212,2026-02-01,156.56,3.06,1.12,0.38,0.1,0.0
D0212,2026-03-01,142.49,2.78,1.05,0.42,0.19,0.01
D0212,2026-04-01,144.34,2.82,1.08,0.48,0.3,0.02
D0212,2026-05-01,136.74,2.67,1.03,0.48,0.4,0.03
D0212,2026-06-01,127.1,2.48,0.96,0.47,0.48,0.05
D0212,2026-07-01,117.1,2.28,0.88,0.44,0.54,0.07
D0213,2026-01-01,55.33,0.84,0.0,0.0,0.0,0.0
D0213,2026-02-01,55.1,1.03,0.19,0.0,0.0,0.0
D0213,2026-03-01,52.81,1.02,0.29,0.04,0.0,0.0
D0213,2026-04-01,52.23,1.02,0.35,0.09,0.01,0.0
D0213,2026-05-01,45.35,0.89,0.33,0.11,0.03,0.0
D0213,2026-06-01,42.06,0.82,0.31,0.12,0.05,0.0
D0213,2026-07-01,41.79,0.82,0.31,0.14,0.09,0.0
D0214,2026-06-01,125.69,5.92,0.0,0.0,0.0,0.0
D0214,2026-07-01,111.68,7.4,2.29,0.0,0.0,0.0
D0215,2024-07-01,286.49,4.36,0.0,0.0,0.0,0.0
D0215,2024-08-01,256.86,4.78,0.87,0.0,0.0,0.0
D0215,2024-09-01,250.96,4.86,1.4,0.19,0.0,0.0
D0215,2024-10-01,235.62,4.59,1.57,0.39,0.05,0.0
D0215,2024-11-01,212.68,4.15,1.52,0.51,0.14,0.0
D0215,2024-12-01,230.33,4.5,1.7,0.68,0.3,0.01
D0215,2025-02-01,205.92,4.02,1.54,0.68,0.43,0.02
D0215,2025-03-01,193.84,3.78,1.46,0.69,0.56,0.04
D0215,2025-04-01,170.15,3.32,1.28,0.63,0.64,0.07
D0215,2025-05-01,180.91,3.53,1.36,0.68,0.83,0.1
D0215,2025-06-01,168.53,3.29,1.27,0.64,0.91,0.14
D0216,2026-01-01,271.48,4.13,0.0,0.0,0.0,0.0
D0216,2026-02-01,234.49,4.37,0.79,0.0,0.0,0.0
D0216,2026-03-01,220.17,4.26,1.23,0.16,0.0,0.0
D0216,2026-04-01,219.5,4.28,1.46,0.36,0.05,0.0
D0216,2026-05-01,223.09,4.35,1.6,0.54,0.15,0.0
D0216,2026-06-01,209.72,4.09,1.55,0.62,0.27,0.01
D0216,2026-07-01,183.47,3.58,1.37,0.61,0.38,0.02
D0217,2024-10-01,294.8,4.49,0.0,0.0,0.0,0.0
D0217,2024-11-01,285.68,5.32,0.96,0.0,0.0,0.0
D0217,2024-12-01,268.33,5.19,1.49,0.2,0.0,0.0
D0217,2025-01-01,262.45,5.12,1.75,0.43,0.05,0.0
D0217,2025-02-01,254.19,4.96,1.82,0.61,0.17,0.0
D0217,2025-03-01,253.65,4.95,1.87,0.75,0.33,0.01
D0217,2025-04-01,239.31,4.67,1.79,0.79,0.5,0.03
D0217,2025-05-01,225.14,4.39,1.69,0.8,0.65,0.05
D0217,2025-06-01,200.19,3.9,1.51,0.74,0.75,0.08
D0217,2025-07-01,194.14,3.79,1.46,0.73,0.89,0.12
D0217,2025-08-01,191.75,3.74,1.45,0.73,1.04,0.16
D0217,2025-09-01,167.96,3.28,1.27,0.64,1.04,0.21
D0217,2025-10-01,167.36,3.26,1.26,0.64,1.17,0.26
D0217,2025-11-01,164.62,3.21,1.24,0.63,1.27,0.31
D0217,2025-12-01,161.69,3.15,1.22,0.62,1.36,0.38
D0217,2026-01-01,150.5,2.93,1.13,0.58,1.37,0.44
D0217,2026-02-01,138.41,2.7,1.04,0.53,1.34,0.5
D0217,2026-03-01,131.75,2.57,0.99,0.51,1.36,0.57
D0217,2026-04-01,122.65,2.39,0.92,0.47,1.33,0.63
D0217,2026-05-01,120.91,2.36,0.91,0.47,1.38,0.7
D0217,2026-06-01,106.45,2.08,0.8,0.41,1.27,0.76
D0217,2026-07-01,104.57,2.04,0.79,0.4,1.3,0.82
D0218,2025-03-01,219.36,3.34,0.0,0.0,0.0,0.0
D0218,2025-04-01,195.89,3.65,0.66,0.0,0.0,0.0
D0218,2025-05-01,191.24,3.7,1.06,0.14,0.0,0.0
D0218,2025-06-01,189.2,3.69,1.26,0.31,0.04,0.0
D0218,2025-07-01,173.73,3.39,1.25,0.42,0.12,0.0
D0218,2025-08-01,172.42,3.36,1.27,0.51,0.23,0.01
D0218,2025-10-01,154.31,3.01,1.15,0.51,0.32,0.02
D0218,2025-11-01,164.81,3.22,1.24,0.58,0.48,0.03
D0218,2025-12-01,146.95,2.87,1.11,0.54,0.55,0.06
D0218,2026-01-01,155.18,3.03,1.17,0.58,0.71,0.09
D0218,2026-02-01,134.64,2.63,1.01,0.51,0.73,0.12
D0219,2025-06-01,321.41,4.89,0.0,0.0,0.0,0.0
D0219,2025-07-01,316.89,5.9,1.07,0.0,0.0,0.0
D0219,2025-08-01,275.53,5.33,1.53,0.21,0.0,0.0
D0219,2025-09-01,284.91,5.55,1.9,0.47,0.06,0.0
D0219,2025-10-01,281.18,5.49,2.02,0.68,0.19,0.0
D0219,2025-11-01,243.59,4.75,1.8,0.72,0.32,0.01
D0219,2025-12-01,241.19,4.71,1.8,0.8,0.5,0.03
D0219,2026-01-01,251.32,4.9,1.89,0.89,0.73,0.05
D0219,2026-02-01,224.7,4.38,1.69,0.83,0.84,0.09
D0219,2026-03-01,227.34,4.43,1.71,0.85,1.04,0.13
D0219,2026-04-01,207.24,4.04,1.56,0.79,1.12,0.18
D0219,2026-05-01,210.0,4.1,1.58,0.8,1.31,0.23
D0219,2026-06-01,199.01,3.88,1.5,0.76,1.39,0.29
D0219,2026-07-01,193.7,3.78,1.46,0.75,1.49,0.36
D0220,2025-03-01,64.66,3.05,0.0,0.0,0.0,0.0
D0220,2025-04-01,56.27,3.73,1.16,0.0,0.0,0.0
D0220,2025-05-01,49.17,3.63,1.93,0.44,0.0,0.0
D0220,2025-06-01,42.1,3.23,2.2,0.9,0.19,0.0
D0220,2025-07-01,43.35,3.37,2.59,1.43,0.63,0.02
D0220,2025-08-01,38.68,3.01,2.48,1.62,1.15,0.08
D0220,2025-09-01,33.43,2.6,2.21,1.61,1.6,0.18
D0220,2025-10-01,31.84,2.47,2.13,1.65,2.15,0.33
D0220,2025-11-01,29.65,2.29,1.99,1.6,2.58,0.54
D0220,2025-12-01,25.21,1.94,1.69,1.39,2.67,0.76
D0220,2026-02-01,23.3,1.79,1.56,1.29,2.87,1.01
D0220,2026-03-01,21.67,1.66,1.44,1.2,3.01,1.28
D0220,2026-04-01,17.62,1.35,1.16,0.97,2.7,1.53
D0220,2026-05-01,17.41,1.33,1.14,0.95,2.88,1.8
D0220,2026-06-01,16.25,1.24,1.06,0.88,2.87,2.07
D0220,2026-07-01,15.56,1.18,1.01,0.84,2.89,2.34
D0221,2026-03-01,137.28,2.09,0.0,0.0,0.0,0.0
D0221,2026-04-01,133.5,2.49,0.45,0.0,0.0,0.0
D0221,2026-05-01,128.29,2.48,0.71,0.1,0.0,0.0
D0221,2026-06-01,118.57,2.31,0.79,0.2,0.02,0.0
D0221,2026-07-01,111.36,2.17,0.8,0.27,0.07,0.0
D0222,2024-11-01,9.4,0.14,0.0,0.0,0.0,0.0
D0222,2024-12-01,8.58,0.16,0.03,0.0,0.0,0.0
D0222,2025-01-01,8.26,0.16,0.05,0.01,0.0,0.0
D0222,2025-02-01,7.94,0.15,0.05,0.01,0.0,0.0
D0222,2025-03-01,7.38,0.14,0.05,0.02,0.0,0.0
D0222,2025-04-01,7.1,0.14,0.05,0.02,0.01,0.0
D0222,2025-05-01,7.06,0.14,0.05,0.02,0.01,0.0
D0222,2025-06-01,7.28,0.14,0.05,0.03,0.02,0.0
D0222,2025-07-01,6.91,0.13,0.05,0.03,0.03,0.0
D0222,2025-08-01,6.01,0.12,0.05,0.02,0.03,0.0
D0222,2025-09-01,6.03,0.12,0.05,0.02,0.03,0.01
D0222,2025-10-01,5.55,0.11,0.04,0.02,0.03,0.01
D0222,2025-11-01,5.84,0.11,0.04,0.02,0.04,0.01
D0222,2025-12-01,5.53,0.11,0.04,0.02,0.04,0.01
D0222,2026-01-01,5.6,0.11,0.04,0.02,0.05,0.01
D0222,2026-02-01,5.25,0.1,0.04,0.02,0.05,0.01
D0222,2026-03-01,4.68,0.09,0.04,0.02,0.05,0.02
D0222,2026-04-01,4.59,0.09,0.03,0.02,0.05,0.02
D0222,2026-05-01,4.93,0.1,0.04,0.02,0.05,0.02
D0222,2026-06-01,4.59,0.09,0.03,0.02,0.05,0.02
D0222,2026-07-01,4.19,0.08,0.03,0.02,0.05,0.03
D0223,2025-11-01,343.39,5.23,0.0,0.0,0.0,0.0
D0223,2025-12-01,320.62,5.97,1.08,0.0,0.0,0.0
D0223,2026-01-01,285.04,5.52,1.59,0.21,0.0,0.0
D0223,2026-02-01,279.89,5.46,1.87,0.46,0.06,0.0
D0223,2026-03-01,284.67,5.56,2.04,0.69,0.19,0.0
D0223,2026-04-01,244.21,4.77,1.8,0.72,0.32,0.01
D0223,2026-05-01,254.74,4.97,1.91,0.84,0.53,0.03
D0223,2026-06-01,232.03,4.53,1.74,0.82,0.67,0.05
D0223,2026-07-01,230.72,4.5,1.74,0.85,0.86,0.09
D0224,2026-06-01,13.9,0.66,0.0,0.0,0.0,0.0
D0224,2026-07-01,13.19,0.87,0.27,0.0,0.0,0.0
D0225,2026-04-01,131.38,2.0,0.0,0.0,0.0,0.0
D0225,2026-05-01,128.94,2.4,0.43,0.0,0.0,0.0
D0225,2026-06-01,120.98,2.34,0.67,0.09,0.0,0.0
D0225,2026-07-01,111.45,2.17,0.74,0.18,0.02,0.0
D0226,2026-06-01,160.14,7.55,0.0,0.0,0.0,0.0
D0226,2026-07-01,150.87,10.0,3.1,0.0,0.0,0.0
D0227,2025-09-01,35.58,1.68,0.0,0.0,0.0,0.0
D0227,2025-10-01,34.11,2.26,0.7,0.0,0.0,0.0
D0227,2025-11-01,31.01,2.29,1.22,0.28,0.0,0.0
D0227,2025-12-01,32.18,2.47,1.68,0.69,0.14,0.0
D0227,2026-01-01,28.61,2.22,1.71,0.94,0.42,0.01
D0227,2026-02-01,26.31,2.05,1.68,1.1,0.78,0.05
D0227,2026-03-01,24.17,1.88,1.6,1.16,1.16,0.13
D0227,2026-05-01,24.51,1.9,1.64,1.27,1.65,0.25
D0227,2026-06-01,22.17,1.71,1.49,1.2,1.93,0.4
D0227,2026-07-01,22.03,1.7,1.48,1.21,2.33,0.59
D0228,2024-05-01,125.05,1.9,0.0,0.0,0.0,0.0
D0228,2024-06-01,121.48,2.26,0.41,0.0,0.0,0.0
D0228,2024-07-01,108.81,2.11,0.61,0.08,0.0,0.0
D0228,2024-08-01,108.44,2.11,0.72,0.18,0.02,0.0
D0228,2024-09-01,101.82,1.99,0.73,0.25,0.07,0.0
D0228,2024-10-01,90.11,1.76,0.67,0.27,0.12,0.0
D0228,2024-11-01,84.27,1.64,0.63,0.28,0.17,0.01
D0228,2024-12-01,82.85,1.62,0.62,0.29,0.24,0.02
D0228,2025-01-01,73.8,1.44,0.56,0.27,0.28,0.03
D0228,2025-02-01,69.83,1.36,0.53,0.26,0.32,0.04
D0228,2025-03-01,65.04,1.27,0.49,0.25,0.35,0.06
D0228,2025-04-01,61.66,1.2,0.46,0.24,0.38,0.07
D0229,2026-05-01,249.49,11.76,0.0,0.0,0.0,0.0
D0229,2026-06-01,225.0,14.91,4.62,0.0,0.0,0.0
D0229,2026-07-01,211.44,15.61,8.32,1.88,0.0,0.0
D0230,2025-05-01,183.51,2.79,0.0,0.0,0.0,0.0
D0230,2025-06-01,165.64,3.09,0.56,0.0,0.0,0.0
D0230,2025-07-01,153.58,2.97,0.86,0.11,0.0,0.0
D0230,2025-08-01,164.36,3.2,1.1,0.27,0.03,0.0
D0230,2025-09-01,156.98,3.06,1.13,0.38,0.1,0.0
D0230,2025-10-01,154.86,3.02,1.14,0.46,0.2,0.01
D0230,2025-11-01,144.86,2.83,1.08,0.48,0.3,0.02
D0230,2025-12-01,143.92,2.81,1.08,0.51,0.42,0.03
D0230,2026-01-01,124.06,2.42,0.93,0.46,0.47,0.05
D0230,2026-03-01,124.55,2.43,0.94,0.47,0.57,0.07
D0230,2026-04-01,126.2,2.46,0.95,0.48,0.68,0.1
D0230,2026-05-01,116.49,2.27,0.88,0.45,0.72,0.13
D0230,2026-06-01,105.92,2.07,0.8,0.41,0.74,0.17
D0231,2025-02-01,16.23,0.25,0.0,0.0,0.0,0.0
D0231,2025-03-01,15.67,0.29,0.05,0.0,0.0,0.0
D0231,2025-04-01,14.22,0.28,0.08,0.01,0.0,0.0
D0231,2025-05-01,14.08,0.27,0.09,0.02,0.0,0.0
D0231,2025-06-01,12.76,0.25,0.09,0.03,0.01,0.0
D0231,2025-07-01,11.56,0.23,0.09,0.03,0.02,0.0
D0231,2025-08-01,11.98,0.23,0.09,0.04,0.02,0.0
D0231,2025-09-01,11.46,0.22,0.09,0.04,0.03,0.0
D0231,2025-11-01,10.33,0.2,0.08,0.04,0.04,0.0
D0231,2025-12-01,9.01,0.18,0.07,0.03,0.04,0.01
D0231,2026-01-01,8.83,0.17,0.07,0.03,0.05,0.01
D0231,2026-02-01,7.83,0.15,0.06,0.03,0.05,0.01
D0231,2026-03-01,7.58,0.15,0.06,0.03,0.05,0.01
D0231,2026-04-01,7.55,0.15,0.06,0.03,0.06,0.01
D0231,2026-05-01,7.02,0.14,0.05,0.03,0.06,0.02
D0231,2026-06-01,6.98,0.14,0.05,0.03,0.06,0.02
D0231,2026-07-01,5.81,0.11,0.04,0.02,0.06,0.02
D0232,2026-07-01,70.35,3.32,0.0,0.0,0.0,0.0
D0233,2025-02-01,323.21,15.23,0.0,0.0,0.0,0.0
D0233,2025-03-01,313.55,20.78,6.44,0.0,0.0,0.0
D0233,2025-04-01,256.33,18.92,10.08,2.28,0.0,0.0
D0233,2025-05-01,241.49,18.52,12.59,5.17,1.06,0.0
D0233,2025-06-01,225.6,17.52,13.5,7.45,3.3,0.1
D0233,2025-07-01,214.82,16.73,13.76,9.01,6.38,0.42
D0234,2024-10-01,70.99,3.34,0.0,0.0,0.0,0.0
D0234,2024-11-01,61.09,4.05,1.25,0.0,0.0,0.0
D0234,2024-12-01,56.3,4.16,2.21,0.5,0.0,0.0
D0234,2025-01-01,52.3,4.01,2.73,1.12,0.23,0.0
D0234,2025-02-01,54.02,4.2,3.23,1.78,0.79,0.02
D0234,2025-03-01,46.51,3.62,2.98,1.95,1.38,0.09
D0234,2025-04-01,46.72,3.64,3.09,2.25,2.24,0.24
D0235,2025-06-01,176.51,2.69,0.0,0.0,0.0,0.0
D0235,2025-07-01,168.32,3.14,0.57,0.0,0.0,0.0
D0235,2025-09-01,166.66,3.23,0.93,0.12,0.0,0.0
D0235,2025-10-01,161.02,3.14,1.07,0.27,0.03,0.0
D0235,2025-11-01,143.45,2.8,1.03,0.35,0.1,0.0
D0235,2025-12-01,134.63,2.63,0.99,0.4,0.18,0.01
D0235,2026-01-01,136.42,2.66,1.02,0.45,0.28,0.01
D0235,2026-02-01,118.61,2.31,0.89,0.42,0.34,0.03
D0235,2026-03-01,120.29,2.35,0.91,0.44,0.45,0.04
D0235,2026-04-01,107.96,2.11,0.81,0.41,0.5,0.06
D0235,2026-05-01,106.96,2.09,0.81,0.41,0.58,0.09
D0235,2026-06-01,94.94,1.85,0.72,0.36,0.59,0.12
D0235,2026-07-01,91.14,1.78,0.69,0.35,0.64,0.14
D0236,2024-08-01,289.14,13.62,0.0,0.0,0.0,0.0
D0236,2024-09-01,267.84,17.75,5.5,0.0,0.0,0.0
D0236,2024-10-01,225.71,16.66,8.88,2.01,0.0,0.0
D0236,2024-11-01,239.42,18.36,12.49,5.12,1.05,0.0
D0236,2024-12-01,216.85,16.84,12.97,7.16,3.17,0.1
D0236,2025-01-01,203.82,15.88,13.05,8.55,6.05,0.4
D0236,2025-02-01,178.58,13.9,11.81,8.58,8.55,0.94
D0236,2025-03-01,179.69,13.94,12.04,9.31,12.12,1.82
D0236,2025-04-01,165.98,12.84,11.16,8.95,14.45,2.96
D0236,2025-05-01,151.9,11.71,10.19,8.35,16.07,4.3
D0236,2025-06-01,155.09,11.92,10.36,8.57,19.11,5.96
D0236,2025-07-01,136.61,10.46,9.07,7.54,18.98,7.67
D0236,2025-08-01,139.57,10.66,9.22,7.67,21.36,9.63
D0236,2025-09-01,140.87,10.73,9.25,7.69,23.32,11.8
D0236,2025-10-01,133.9,10.18,8.74,7.25,23.63,14.03
D0236,2025-11-01,119.05,9.03,7.74,6.4,22.14,16.15
D0236,2025-12-01,125.6,9.52,8.13,6.71,24.4,18.5
D0236,2026-01-01,106.13,8.03,6.84,5.63,21.37,20.57
D0236,2026-02-01,107.29,8.11,6.9,5.66,22.26,22.74
D0236,2026-03-01,100.19,7.56,6.42,5.26,21.32,24.82
D0236,2026-04-01,96.36,7.27,6.16,5.04,20.95,26.88
D0236,2026-05-01,91.94,6.93,5.87,4.79,20.34,28.88
D0236,2026-07-01,94.43,7.11,6.01,4.9,21.21,30.98
D0237,2026-04-01,131.77,2.01,0.0,0.0,0.0,0.0
D0237,2026-05-01,131.29,2.45,0.44,0.0,0.0,0.0
D0237,2026-06-01,135.55,2.62,0.75,0.1,0.0,0.0
D0237,2026-07-01,117.51,2.29,0.78,0.19,0.02,0.0
D0238,2025-04-01,212.62,3.24,0.0,0.0,0.0,0.0
D0238,2025-05-01,207.84,3.87,0.7,0.0,0.0,0.0
D0238,2025-06-01,187.78,3.63,1.05,0.14,0.0,0.0
D0238,2025-07-01,170.87,3.33,1.14,0.28,0.04,0.0
D0238,2025-08-01,162.44,3.17,1.16,0.39,0.11,0.0
D0238,2025-09-01,156.6,3.06,1.16,0.46,0.2,0.01
D0238,2025-10-01,141.65,2.76,1.06,0.47,0.29,0.02
D0238,2025-11-01,136.03,2.65,1.02,0.48,0.39,0.03
D0238,2025-12-01,134.91,2.63,1.02,0.5,0.51,0.05
D0238,2026-02-01,111.58,2.18,0.84,0.42,0.51,0.07
D0238,2026-03-01,108.85,2.12,0.82,0.41,0.59,0.1
D0238,2026-04-01,100.33,1.96,0.76,0.38,0.62,0.12
D0238,2026-05-01,93.49,1.82,0.7,0.36,0.65,0.15
D0238,2026-06-01,89.28,1.74,0.67,0.34,0.69,0.18
D0238,2026-07-01,79.08,1.54,0.6,0.3,0.67,0.21
D0239,2026-03-01,59.98,0.91,0.0,0.0,0.0,0.0
D0239,2026-04-01,57.39,1.07,0.19,0.0,0.0,0.0
D0239,2026-05-01,50.17,0.97,0.28,0.04,0.0,0.0
D0239,2026-06-01,45.45,0.89,0.3,0.08,0.01,0.0
D0239,2026-07-01,44.33,0.87,0.32,0.11,0.03,0.0
D0240,2026-06-01,161.21,2.46,0.0,0.0,0.0,0.0
D0240,2026-07-01,145.44,2.71,0.49,0.0,0.0,0.0
D0241,2025-05-01,174.33,2.65,0.0,0.0,0.0,0.0
D0241,2025-06-01,157.09,2.93,0.53,0.0,0.0,0.0
D0241,2025-07-01,166.47,3.22,0.93,0.12,0.0,0.0
D0241,2025-08-01,156.57,3.05,1.04,0.26,0.03,0.0
D0241,2025-09-01,149.31,2.91,1.07,0.36,0.1,0.0
D0241,2025-10-01,143.21,2.79,1.06,0.42,0.19,0.01
D0241,2025-11-01,139.71,2.73,1.04,0.46,0.29,0.02
D0241,2025-12-01,122.73,2.39,0.92,0.43,0.36,0.03
D0241,2026-01-01,121.93,2.38,0.92,0.45,0.46,0.05
D0241,2026-02-01,122.59,2.39,0.92,0.46,0.56,0.07
D0241,2026-03-01,110.59,2.16,0.83,0.42,0.6,0.09
D0241,2026-04-01,113.54,2.21,0.86,0.43,0.71,0.13
D0241,2026-05-01,101.16,1.97,0.76,0.39,0.71,0.16
D0241,2026-06-01,100.53,1.96,0.76,0.39,0.78,0.19
D0241,2026-07-01,91.74,1.79,0.69,0.35,0.77,0.23
D0242,2026-03-01,243.69,11.48,0.0,0.0,0.0,0.0
D0242,2026-05-01,190.47,12.62,3.91,0.0,0.0,0.0
D0242,2026-06-01,180.7,13.34,7.11,1.61,0.0,0.0
D0242,2026-07-01,165.49,12.69,8.63,3.54,0.73,0.0
D0243,2026-01-01,284.46,4.33,0.0,0.0,0.0,0.0
D0243,2026-02-01,278.65,5.19,0.94,0.0,0.0,0.0
D0243,2026-03-01,247.85,4.8,1.38,0.18,0.0,0.0
D0243,2026-04-01,250.92,4.89,1.67,0.41,0.05,0.0
D0243,2026-05-01,224.84,4.39,1.61,0.54,0.15,0.0
D0243,2026-06-01,223.63,4.36,1.65,0.66,0.29,0.01
D0243,2026-07-01,203.37,3.97,1.52,0.67,0.42,0.02
D0244,2025-05-01,256.16,3.9,0.0,0.0,0.0,0.0
D0244,2025-06-01,253.06,4.71,0.85,0.0,0.0,0.0
D0244,2025-07-01,220.23,4.26,1.23,0.16,0.0,0.0
D0244,2025-08-01,200.03,3.9,1.33,0.33,0.04,0.0
D0244,2025-09-01,195.41,3.81,1.4,0.47,0.13,0.0
D0244,2025-10-01,177.74,3.47,1.31,0.53,0.23,0.01
D0244,2025-11-01,172.04,3.36,1.29,0.57,0.36,0.02
D0244,2025-12-01,168.83,3.29,1.27,0.6,0.49,0.04
D0244,2026-01-01,163.56,3.19,1.23,0.6,0.61,0.06
D0244,2026-02-01,145.19,2.83,1.09,0.55,0.67,0.09
D0244,2026-03-01,139.6,2.72,1.05,0.53,0.76,0.12
D0244,2026-04-01,133.07,2.6,1.0,0.51,0.83,0.16
D0244,2026-05-01,119.13,2.32,0.9,0.46,0.83,0.19
D0244,2026-06-01,124.12,2.42,0.94,0.48,0.96,0.24
D0244,2026-07-01,104.95,2.05,0.79,0.4,0.88,0.28
D0245,2024-07-01,35.77,0.54,0.0,0.0,0.0,0.0
D0245,2024-08-01,32.42,0.6,0.11,0.0,0.0,0.0
D0245,2024-09-01,31.36,0.61,0.17,0.02,0.0,0.0
D0245,2024-10-01,28.39,0.55,0.19,0.05,0.01,0.0
D0245,2024-11-01,29.2,0.57,0.21,0.07,0.02,0.0
D0245,2024-12-01,27.25,0.53,0.2,0.08,0.04,0.0
D0245,2025-01-01,25.96,0.51,0.19,0.09,0.05,0.0
D0245,2025-02-01,24.34,0.47,0.18,0.09,0.07,0.01
D0245,2025-03-01,19.65,0.38,0.15,0.07,0.07,0.01
D0245,2025-04-01,20.34,0.4,0.15,0.08,0.09,0.01
D0245,2025-05-01,18.34,0.36,0.14,0.07,0.1,0.02
D0245,2025-06-01,17.2,0.34,0.13,0.07,0.11,0.02
D0245,2025-07-01,15.76,0.31,0.12,0.06,0.11,0.03
D0245,2025-08-01,15.23,0.3,0.11,0.06,0.12,0.03
D0245,2025-09-01,14.28,0.28,0.11,0.06,0.12,0.04
D0245,2025-10-01,14.65,0.29,0.11,0.06,0.13,0.04
D0245,2025-11-01,13.08,0.25,0.1,0.05,0.13,0.05
D0245,2025-12-01,11.53,0.22,0.09,0.04,0.12,0.05
D0245,2026-01-01,11.75,0.23,0.09,0.05,0.13,0.06
D0245,2026-02-01,11.43,0.22,0.09,0.04,0.13,0.07
D0245,2026-03-01,10.81,0.21,0.08,0.04,0.13,0.07
D0245,2026-04-01,9.58,0.19,0.07,0.04,0.12,0.08
D0245,2026-05-01,9.55,0.19,0.07,0.04,0.12,0.08
D0246,2025-02-01,325.18,4.95,0.0,0.0,0.0,0.0
D0246,2025-03-01,306.91,5.72,1.04,0.0,0.0,0.0
D0246,2025-04-01,333.26,6.45,1.86,0.25,0.0,0.0
D0246,2025-05-01,310.3,6.05,2.07,0.51,0.06,0.0
D0246,2025-06-01,309.69,6.04,2.22,0.75,0.21,0.0
D0246,2025-07-01,274.26,5.35,2.03,0.81,0.36,0.01
D0246,2025-08-01,280.03,5.46,2.09,0.93,0.58,0.03
D0246,2025-09-01,254.57,4.97,1.91,0.9,0.74,0.06
D0246,2025-10-01,246.76,4.81,1.86,0.91,0.92,0.09
D0246,2025-11-01,252.02,4.92,1.9,0.95,1.16,0.14
D0246,2025-12-01,238.29,4.65,1.8,0.91,1.29,0.19
D0246,2026-01-01,223.68,4.36,1.69,0.86,1.39,0.26
D0246,2026-02-01,194.39,3.79,1.47,0.75,1.36,0.32
D0246,2026-03-01,212.92,4.15,1.6,0.82,1.64,0.39
D0246,2026-04-01,181.7,3.54,1.37,0.7,1.53,0.46
D0246,2026-05-01,175.49,3.42,1.32,0.68,1.59,0.53
D0246,2026-06-01,187.73,3.66,1.41,0.72,1.82,0.62
D0246,2026-07-01,171.11,3.34,1.29,0.66,1.76,0.7
D0247,2025-06-01,294.13,13.86,0.0,0.0,0.0,0.0
D0247,2025-07-01,260.78,17.28,5.36,0.0,0.0,0.0
D0247,2025-08-01,223.17,16.48,8.78,1.99,0.0,0.0
D0247,2025-09-01,215.63,16.54,11.24,4.61,0.95,0.0
D0247,2025-10-01,198.62,15.43,11.88,6.56,2.9,0.09
D0247,2025-11-01,190.45,14.84,12.2,7.99,5.66,0.37
D0247,2025-12-01,183.28,14.26,12.12,8.81,8.78,0.93
D0247,2026-01-01,171.34,13.3,11.48,8.88,11.56,1.77
D0247,2026-02-01,167.03,12.92,11.23,9.01,14.54,2.91
D0247,2026-03-01,148.88,11.48,9.99,8.18,15.75,4.23
D0247,2026-04-01,153.7,11.81,10.27,8.5,18.94,5.88
D0247,2026-05-01,134.52,10.3,8.93,7.43,18.69,7.55
D0247,2026-06-01,137.3,10.49,9.07,7.54,21.02,9.48
D0247,2026-07-01,128.0,9.75,8.4,6.98,21.19,11.45
D0248,2025-04-01,144.49,6.81,0.0,0.0,0.0,0.0
D0248,2025-05-01,135.41,8.97,2.78,0.0,0.0,0.0
D0248,2025-06-01,120.53,8.9,4.74,1.07,0.0,0.0
D0248,2025-07-01,112.01,8.59,5.84,2.4,0.49,0.0
D0248,2025-08-01,96.46,7.49,5.77,3.19,1.41,0.04
D0248,2025-09-01,87.61,6.82,5.61,3.68,2.6,0.17
D0248,2025-10-01,90.74,7.06,6.0,4.36,4.35,0.45
D0248,2025-11-01,75.4,5.85,5.05,3.91,5.09,0.82
D0248,2025-12-01,78.18,6.05,5.26,4.22,6.81,1.35
D0248,2026-01-01,67.65,5.21,4.54,3.72,7.16,1.95
D0248,2026-02-01,62.47,4.8,4.17,3.45,7.7,2.62
D0248,2026-03-01,59.34,1.82,2.54,2.57,7.38,2.96
D0248,2026-04-01,62.64,1.34,1.53,2.08,7.93,3.34
D0248,2026-05-01,56.7,1.11,0.85,1.35,7.23,3.7
D0248,2026-06-01,51.82,1.0,0.55,0.87,6.55,4.02
D0248,2026-07-01,52.69,1.02,0.46,0.62,6.52,4.35
D0249,2025-11-01,51.82,0.79,0.0,0.0,0.0,0.0
D0249,2025-12-01,52.79,0.98,0.18,0.0,0.0,0.0
D0249,2026-01-01,49.74,0.96,0.28,0.04,0.0,0.0
D0249,2026-02-01,43.19,0.84,0.29,0.07,0.01,0.0
D0249,2026-03-01,45.72,0.89,0.33,0.11,0.03,0.0
D0249,2026-04-01,42.99,0.84,0.32,0.13,0.06,0.0
D0249,2026-05-01,36.36,0.71,0.27,0.12,0.08,0.0
D0249,2026-06-01,35.67,0.7,0.27,0.13,0.1,0.01
D0250,2025-04-01,15.12,0.23,0.0,0.0,0.0,0.0
D0250,2025-05-01,13.64,0.25,0.05,0.0,0.0,0.0
D0250,2025-06-01,13.4,0.26,0.07,0.01,0.0,0.0
D0250,2025-07-01,12.55,0.24,0.08,0.02,0.0,0.0
D0250,2025-08-01,11.2,0.22,0.08,0.03,0.01,0.0
D0250,2025-09-01,11.75,0.23,0.09,0.03,0.02,0.0
D0250,2025-10-01,10.57,0.21,0.08,0.04,0.02,0.0
D0250,2025-11-01,10.04,0.2,0.08,0.04,0.03,0.0
D0250,2026-01-01,9.43,0.18,0.07,0.03,0.04,0.0
D0250,2026-02-01,8.58,0.17,0.06,0.03,0.04,0.01
D0250,2026-03-01,8.54,0.17,0.06,0.03,0.05,0.01
D0250,2026-04-01,7.32,0.14,0.06,0.03,0.05,0.01
D0250,2026-05-01,7.6,0.15,0.06,0.03,0.05,0.01
D0250,2026-06-01,6.88,0.13,0.05,0.03,0.05,0.01
D0250,2026-07-01,6.56,0.13,0.05,0.03,0.06,0.02
D0251,2024-06-01,168.97,2.57,0.0,0.0,0.0,0.0
D0251,2024-07-01,169.8,3.16,0.57,0.0,0.0,0.0
D0251,2024-08-01,159.01,3.08,0.89,0.12,0.0,0.0
D0251,2024-09-01,163.92,3.2,1.09,0.27,0.03,0.0
D0251,2024-10-01,152.91,2.98,1.1,0.37,0.1,0.0
D0251,2024-11-01,150.1,2.93,1.11,0.44,0.2,0.01
D0251,2024-12-01,157.41,3.07,1.18,0.52,0.33,0.02
D0251,2025-01-01,148.14,2.89,1.11,0.52,0.43,0.03
D0251,2025-02-01,143.91,2.81,1.08,0.53,0.54,0.05
D0251,2025-03-01,148.08,2.89,1.12,0.56,0.68,0.08
D0251,2025-04-01,126.67,2.47,0.95,0.48,0.69,0.11
D0251,2025-05-01,124.64,2.43,0.94,0.48,0.78,0.14
D0251,2025-06-01,126.23,2.46,0.95,0.49,0.88,0.18
D0251,2025-07-01,123.49,2.41,0.93,0.48,0.95,0.23
D0251,2025-08-01,128.36,2.5,0.97,0.49,1.08,0.28
D0251,2025-09-01,123.92,2.42,0.93,0.48,1.13,0.33
D0251,2025-10-01,116.34,2.27,0.88,0.45,1.13,0.38
D0251,2025-11-01,117.38,2.29,0.88,0.45,1.21,0.44
D0251,2025-12-01,114.22,2.23,0.86,0.44,1.24,0.5
D0251,2026-01-01,104.4,2.04,0.79,0.4,1.19,0.55
D0251,2026-02-01,104.56,2.04,0.79,0.4,1.25,0.61
D0251,2026-03-01,97.92,1.91,0.74,0.38,1.22,0.67
D0251,2026-04-01,102.8,2.0,0.77,0.4,1.33,0.74
D0251,2026-05-01,97.78,1.91,0.74,0.38,1.3,0.8
D0252,2025-03-01,282.67,4.3,0.0,0.0,0.0,0.0
D0252,2025-04-01,238.24,4.44,0.8,0.0,0.0,0.0
D0252,2025-05-01,250.56,4.85,1.4,0.19,0.0,0.0
D0252,2025-06-01,248.03,4.84,1.65,0.41,0.05,0.0
D0252,2025-07-01,216.9,4.23,1.55,0.52,0.14,0.0
D0252,2025-08-01,207.72,4.05,1.53,0.61,0.27,0.01
D0252,2025-09-01,229.19,4.47,1.71,0.76,0.47,0.02
D0253,2026-03-01,358.57,16.9,0.0,0.0,0.0,0.0
D0253,2026-04-01,306.08,20.28,6.29,0.0,0.0,0.0
D0253,2026-05-01,285.8,21.1,11.24,2.55,0.0,0.0
D0253,2026-06-01,259.28,19.89,13.52,5.55,1.14,0.0
D0253,2026-07-01,251.68,19.55,15.06,8.31,3.68,0.11
D0254,2026-04-01,316.81,14.93,0.0,0.0,0.0,0.0
D0254,2026-05-01,310.74,20.59,6.38,0.0,0.0,0.0
D0254,2026-06-01,274.96,20.3,10.82,2.45,0.0,0.0
D0254,2026-07-01,234.71,18.0,12.24,5.02,1.03,0.0
D0255,2024-04-01,119.95,1.83,0.0,0.0,0.0,0.0
D0255,2024-05-01,119.76,2.23,0.4,0.0,0.0,0.0
D0255,2024-06-01,115.98,2.24,0.65,0.09,0.0,0.0
D0255,2024-08-01,96.87,1.89,0.65,0.16,0.02,0.0
D0255,2024-10-01,92.71,1.81,0.66,0.22,0.06,0.0
D0255,2024-11-01,91.3,1.78,0.67,0.27,0.12,0.0
D0255,2024-12-01,86.28,1.68,0.65,0.29,0.18,0.01
D0255,2025-01-01,84.24,1.64,0.63,0.3,0.24,0.02
D0255,2025-02-01,78.54,1.53,0.59,0.29,0.29,0.03
D0255,2025-03-01,85.34,1.66,0.64,0.32,0.39,0.05
D0255,2025-04-01,76.96,1.5,0.58,0.29,0.42,0.06
D0255,2025-05-01,72.45,1.41,0.55,0.28,0.45,0.08
D0255,2025-06-01,73.71,1.44,0.56,0.28,0.51,0.11
D0255,2025-07-01,68.0,1.33,0.51,0.26,0.52,0.13
D0255,2025-08-01,67.31,1.31,0.51,0.26,0.57,0.16
D0255,2025-09-01,63.31,1.23,0.48,0.24,0.57,0.18
D0255,2025-10-01,63.4,1.24,0.48,0.24,0.62,0.21
D0255,2025-11-01,61.08,1.19,0.46,0.24,0.63,0.24
D0255,2025-12-01,56.71,1.11,0.43,0.22,0.62,0.27
D0255,2026-01-01,55.81,1.09,0.42,0.22,0.64,0.3
D0255,2026-02-01,56.47,1.1,0.43,0.22,0.67,0.33
D0255,2026-03-01,55.44,1.08,0.42,0.21,0.69,0.37
D0256,2024-05-01,265.05,4.04,0.0,0.0,0.0,0.0
D0256,2024-06-01,241.86,4.5,0.82,0.0,0.0,0.0
D0256,2024-07-01,230.49,4.46,1.28,0.17,0.0,0.0
D0256,2024-08-01,239.24,4.66,1.6,0.4,0.05,0.0
D0256,2024-09-01,214.61,4.19,1.54,0.52,0.14,0.0
D0256,2024-10-01,226.54,4.42,1.67,0.67,0.3,0.01
D0256,2024-11-01,214.82,4.19,1.61,0.71,0.45,0.02
D0256,2025-02-01,186.43,3.64,1.4,0.66,0.54,0.04
D0256,2025-03-01,189.94,3.71,1.43,0.7,0.71,0.07
D0256,2025-04-01,175.37,3.42,1.32,0.66,0.81,0.1
D0257,2024-09-01,89.28,1.36,0.0,0.0,0.0,0.0
D0257,2024-10-01,76.97,1.43,0.26,0.0,0.0,0.0
D0257,2024-11-01,79.43,1.54,0.44,0.06,0.0,0.0
D0257,2024-12-01,72.76,1.42,0.49,0.12,0.02,0.0
D0257,2025-01-01,65.2,1.27,0.47,0.16,0.04,0.0
D0257,2025-02-01,68.64,1.34,0.51,0.2,0.09,0.0
D0257,2025-03-01,64.21,1.25,0.48,0.21,0.13,0.01
D0257,2025-04-01,60.11,1.17,0.45,0.21,0.17,0.01
D0257,2025-05-01,61.1,1.19,0.46,0.22,0.23,0.02
D0257,2025-06-01,55.98,1.09,0.42,0.21,0.26,0.03
D0257,2025-07-01,51.26,1.0,0.39,0.19,0.28,0.04
D0258,2026-02-01,279.51,4.26,0.0,0.0,0.0,0.0
D0258,2026-03-01,275.21,5.13,0.93,0.0,0.0,0.0
D0258,2026-04-01,281.89,5.46,1.57,0.21,0.0,0.0
D0258,2026-05-01,275.73,5.38,1.84,0.46,0.06,0.0
D0258,2026-06-01,250.1,4.88,1.79,0.6,0.17,0.0
D0258,2026-07-01,243.67,4.76,1.8,0.72,0.32,0.01
D0259,2026-05-01,151.13,7.12,0.0,0.0,0.0,0.0
D0259,2026-06-01,124.11,8.22,2.55,0.0,0.0,0.0
D0259,2026-07-01,125.04,9.23,4.92,1.11,0.0,0.0
D0260,2025-03-01,115.68,1.76,0.0,0.0,0.0,0.0
D0260,2025-04-01,116.21,2.16,0.39,0.0,0.0,0.0
D0260,2025-05-01,109.34,2.12,0.61,0.08,0.0,0.0
D0260,2025-06-01,92.0,1.79,0.61,0.15,0.02,0.0
D0260,2025-07-01,100.13,1.95,0.72,0.24,0.07,0.0
D0260,2025-08-01,91.73,1.79,0.68,0.27,0.12,0.0
D0260,2025-09-01,81.68,1.59,0.61,0.27,0.17,0.01
D0260,2025-11-01,72.25,1.41,0.54,0.26,0.21,0.02
D0260,2025-12-01,71.31,1.39,0.54,0.26,0.27,0.03
D0260,2026-01-01,75.99,1.48,0.57,0.29,0.35,0.04
D0260,2026-02-01,63.41,1.24,0.48,0.24,0.34,0.06
D0260,2026-03-01,63.23,1.23,0.48,0.24,0.39,0.07
D0260,2026-04-01,61.89,1.21,0.47,0.24,0.43,0.09
D0260,2026-05-01,59.09,1.15,0.45,0.23,0.46,0.11
D0261,2025-04-01,313.85,4.78,0.0,0.0,0.0,0.0
D0261,2025-05-01,322.36,6.0,1.09,0.0,0.0,0.0
D0261,2025-06-01,271.73,5.26,1.51,0.2,0.0,0.0
D0261,2025-07-01,282.1,5.5,1.88,0.47,0.06,0.0
D0261,2025-08-01,277.1,5.41,1.99,0.67,0.18,0.0
D0261,2025-09-01,263.68,5.15,1.95,0.78,0.34,0.01
D0261,2025-10-01,251.07,4.9,1.88,0.83,0.52,0.03
D0261,2025-11-01,239.55,4.67,1.8,0.85,0.69,0.05
D0261,2025-12-01,220.7,4.3,1.66,0.81,0.83,0.08
D0261,2026-01-01,213.14,4.16,1.61,0.8,0.98,0.12
D0261,2026-02-01,215.58,4.2,1.63,0.82,1.17,0.17
D0261,2026-03-01,185.44,3.62,1.4,0.71,1.15,0.22
D0261,2026-04-01,178.94,3.49,1.35,0.69,1.25,0.28
D0261,2026-05-01,173.81,3.39,1.31,0.67,1.34,0.34
D0261,2026-06-01,182.8,3.56,1.38,0.7,1.54,0.41
D0261,2026-07-01,155.05,3.02,1.17,0.6,1.41,0.48
D0262,2025-02-01,47.28,2.23,0.0,0.0,0.0,0.0
D0262,2025-03-01,43.98,2.91,0.9,0.0,0.0,0.0
D0262,2025-04-01,39.4,2.91,1.55,0.35,0.0,0.0
D0262,2025-05-01,32.97,2.53,1.72,0.71,0.15,0.0
D0262,2025-06-01,34.01,2.64,2.03,1.12,0.5,0.02
D0262,2025-07-01,30.05,2.34,1.92,1.26,0.89,0.06
D0262,2025-08-01,24.77,1.93,1.64,1.19,1.19,0.14
D0262,2025-09-01,22.16,1.72,1.49,1.15,1.49,0.24
D0262,2025-10-01,21.62,1.67,1.45,1.17,1.88,0.39
D0262,2025-11-01,19.65,1.51,1.32,1.08,2.08,0.57
D0262,2025-12-01,19.28,1.48,1.29,1.07,2.38,0.77
D0262,2026-01-01,17.25,1.32,1.15,0.95,2.4,0.99
D0262,2026-02-01,16.91,1.29,1.12,0.93,2.59,1.22
D0262,2026-03-01,15.24,1.16,1.0,0.83,2.52,1.46
D0262,2026-04-01,14.35,1.09,0.94,0.78,2.53,1.7
D0263,2024-04-01,199.57,3.04,0.0,0.0,0.0,0.0
D0263,2024-05-01,191.15,3.56,0.64,0.0,0.0,0.0
D0263,2024-06-01,180.31,3.49,1.0,0.13,0.0,0.0
D0263,2024-07-01,167.67,3.27,1.12,0.28,0.04,0.0
D0263,2024-08-01,161.18,3.15,1.16,0.39,0.11,0.0
D0263,2024-09-01,163.66,3.19,1.21,0.48,0.21,0.01
D0263,2024-10-01,150.48,2.94,1.13,0.5,0.31,0.02
D0263,2024-11-01,139.16,2.71,1.05,0.49,0.4,0.03
D0263,2024-12-01,136.63,2.67,1.03,0.5,0.51,0.05
D0263,2025-01-01,126.01,2.46,0.95,0.47,0.58,0.07
D0263,2025-02-01,120.4,2.35,0.91,0.46,0.65,0.1
D0263,2025-03-01,117.98,2.3,0.89,0.45,0.73,0.13
D0263,2025-04-01,116.43,2.27,0.88,0.45,0.81,0.17
D0263,2025-05-01,113.65,2.22,0.86,0.44,0.88,0.21
D0263,2025-06-01,101.38,1.98,0.76,0.39,0.85,0.25
D0263,2025-07-01,92.1,1.8,0.69,0.36,0.84,0.29
D0263,2025-08-01,88.23,1.72,0.66,0.34,0.86,0.33
D0263,2025-09-01,85.43,1.67,0.64,0.33,0.88,0.37
D0263,2025-10-01,81.64,1.59,0.61,0.32,0.89,0.41
D0263,2025-11-01,83.5,1.63,0.63,0.32,0.95,0.46
D0263,2025-12-01,78.68,1.53,0.59,0.3,0.94,0.5
D0263,2026-01-01,70.24,1.37,0.53,0.27,0.87,0.54
D0263,2026-02-01,68.39,1.33,0.51,0.26,0.88,0.59
D0263,2026-03-01,68.71,1.34,0.52,0.27,0.92,0.63
D0263,2026-04-01,59.47,1.16,0.45,0.23,0.82,0.67
D0263,2026-05-01,57.12,1.11,0.43,0.22,0.81,0.71
D0263,2026-06-01,53.68,1.05,0.4,0.21,0.78,0.75
D0263,2026-07-01,49.07,0.96,0.37,0.19,0.73,0.78
D0264,2026-03-01,358.1,5.45,0.0,0.0,0.0,0.0
D0264,2026-04-01,324.16,6.04,1.09,0.0,0.0,0.0
D0264,2026-05-01,338.36,6.55,1.88,0.25,0.0,0.0
D0264,2026-06-01,289.88,5.65,1.93,0.48,0.06,0.0
D0264,2026-07-01,295.87,5.77,2.12,0.71,0.2,0.0
D0265,2024-11-01,151.73,2.31,0.0,0.0,0.0,0.0
D0265,2024-12-01,144.62,2.69,0.49,0.0,0.0,0.0
D0265,2025-01-01,132.21,2.56,0.74,0.1,0.0,0.0
D0265,2025-02-01,129.4,2.52,0.86,0.21,0.03,0.0
D0265,2025-03-01,132.8,2.59,0.95,0.32,0.09,0.0
D0265,2025-04-01,112.6,2.2,0.83,0.33,0.15,0.01
D0265,2025-05-01,114.33,2.23,0.85,0.38,0.24,0.01
D0265,2025-06-01,105.06,2.05,0.79,0.37,0.3,0.02
D0265,2025-07-01,104.81,2.04,0.79,0.39,0.39,0.04
D0265,2025-08-01,96.06,1.87,0.72,0.36,0.44,0.06
D0265,2025-09-01,88.1,1.72,0.66,0.33,0.48,0.08
D0265,2025-10-01,85.89,1.68,0.65,0.33,0.53,0.1
D0265,2025-11-01,88.0,1.72,0.66,0.34,0.61,0.13
D0265,2025-12-01,80.88,1.58,0.61,0.31,0.62,0.16
D0265,2026-01-01,74.93,1.46,0.56,0.29,0.63,0.18
D0265,2026-02-01,76.57,1.49,0.58,0.3,0.7,0.22
D0266,2024-04-01,151.15,2.3,0.0,0.0,0.0,0.0
D0266,2024-05-01,143.53,2.67,0.48,0.0,0.0,0.0
D0266,2024-06-01,151.79,2.94,0.85,0.11,0.0,0.0
D0266,2024-07-01,137.45,2.68,0.92,0.23,0.03,0.0
D0266,2024-08-01,133.79,2.61,0.96,0.32,0.09,0.0
D0266,2024-09-01,118.4,2.31,0.87,0.35,0.15,0.01
D0266,2024-11-01,113.98,2.22,0.85,0.38,0.24,0.01
D0266,2025-01-01,99.78,1.95,0.75,0.35,0.29,0.02
D0266,2025-03-01,102.9,2.01,0.77,0.38,0.39,0.04
D0266,2025-04-01,97.25,1.9,0.73,0.37,0.45,0.06
D0266,2025-06-01,80.8,1.58,0.61,0.31,0.44,0.07
D0266,2025-07-01,86.21,1.68,0.65,0.33,0.54,0.1
D0266,2025-08-01,75.32,1.47,0.57,0.29,0.53,0.12
D0266,2025-09-01,72.88,1.42,0.55,0.28,0.56,0.15
D0266,2025-10-01,73.91,1.44,0.56,0.28,0.62,0.18
D0266,2025-11-01,66.87,1.3,0.5,0.26,0.61,0.2
D0266,2025-12-01,63.65,1.24,0.48,0.25,0.62,0.23
D0266,2026-01-01,65.5,1.28,0.49,0.25,0.68,0.26
D0266,2026-02-01,59.34,1.16,0.45,0.23,0.65,0.3
D0266,2026-03-01,56.03,1.09,0.42,0.22,0.64,0.33
D0266,2026-04-01,55.05,1.07,0.41,0.21,0.66,0.36
D0266,2026-05-01,50.93,0.99,0.38,0.2,0.63,0.39
D0266,2026-06-01,53.94,1.05,0.41,0.21,0.7,0.42
D0266,2026-07-01,47.82,0.93,0.36,0.18,0.64,0.45
D0267,2024-05-01,49.54,2.33,0.0,0.0,0.0,0.0
D0267,2024-06-01,44.94,2.98,0.92,0.0,0.0,0.0
D0267,2024-07-01,42.23,3.12,1.66,0.38,0.0,0.0
D0267,2024-08-01,40.9,3.14,2.13,0.88,0.18,0.0
D0267,2024-09-01,34.32,2.67,2.05,1.13,0.5,0.02
D0267,2024-10-01,32.89,2.56,2.11,1.38,0.98,0.06
D0267,2024-11-01,31.96,2.49,2.11,1.54,1.53,0.16
D0267,2024-12-01,28.03,2.18,1.88,1.45,1.89,0.3
D0267,2025-01-01,25.93,2.01,1.74,1.4,2.26,0.48
D0267,2025-02-01,26.24,2.02,1.76,1.44,2.78,0.71
D0267,2025-03-01,21.79,1.67,1.46,1.2,2.68,0.94
D0267,2025-04-01,21.66,1.66,1.44,1.2,3.01,1.21
D0267,2025-05-01,21.24,1.62,1.4,1.17,3.25,1.51
D0267,2025-06-01,18.76,1.43,1.23,1.02,3.11,1.8
D0267,2025-07-01,18.46,1.4,1.21,1.0,3.26,2.11
D0267,2025-08-01,16.13,1.22,1.05,0.87,3.0,2.39
D0267,2025-09-01,15.78,1.2,1.02,0.84,3.06,2.69
D0267,2025-10-01,15.19,1.15,0.98,0.81,3.06,2.99
D0267,2025-11-01,14.58,1.1,0.94,0.77,3.03,3.28
D0267,2025-12-01,12.93,0.98,0.83,0.68,2.75,3.55
D0267,2026-01-01,11.41,0.86,0.73,0.6,2.48,3.79
D0267,2026-02-01,11.21,0.85,0.72,0.58,2.48,4.04
D0267,2026-03-01,10.89,0.82,0.69,0.57,2.45,4.28
D0267,2026-04-01,9.56,0.72,0.61,0.49,2.17,4.49
D0267,2026-05-01,10.1,0.76,0.64,0.52,2.32,4.72
D0267,2026-06-01,8.87,0.67,0.56,0.46,2.06,4.93
D0267,2026-07-01,7.95,0.6,0.5,0.41,1.86,5.11
D0268,2025-07-01,256.8,12.1,0.0,0.0,0.0,0.0
D0268,2025-08-01,249.92,16.56,5.13,0.0,0.0,0.0
D0268,2025-09-01,206.38,15.24,8.12,1.84,0.0,0.0
D0268,2025-10-01,199.78,15.32,10.42,4.28,0.88,0.0
D0268,2025-11-01,179.4,13.93,10.73,5.92,2.62,0.08
D0268,2025-12-01,162.65,12.67,10.42,6.83,4.83,0.32
D0268,2026-01-01,160.23,12.47,10.6,7.7,7.67,0.81
D0268,2026-02-01,151.22,11.73,10.14,7.84,10.2,1.55
D0268,2026-03-01,151.12,11.69,10.16,8.15,13.15,2.59
D0268,2026-04-01,139.27,10.74,9.34,7.65,14.73,3.82
D0268,2026-05-01,133.6,10.26,8.92,7.38,16.46,5.25
D0268,2026-06-01,124.52,9.54,8.27,6.87,17.31,6.8
D0268,2026-07-01,118.51,9.05,7.82,6.51,18.14,8.46
D0269,2024-11-01,113.25,1.72,0.0,0.0,0.0,0.0
D0269,2024-12-01,104.8,1.95,0.35,0.0,0.0,0.0
D0269,2025-01-01,100.09,1.94,0.56,0.07,0.0,0.0
D0269,2025-02-01,94.98,1.85,0.63,0.16,0.02,0.0
D0269,2025-03-01,91.66,1.79,0.66,0.22,0.06,0.0
D0269,2025-04-01,86.76,1.69,0.64,0.26,0.11,0.0
D0269,2025-05-01,91.29,1.78,0.68,0.3,0.19,0.01
D0269,2025-06-01,84.94,1.66,0.64,0.3,0.25,0.02
D0269,2025-07-01,83.32,1.63,0.63,0.31,0.31,0.03
D0269,2025-08-01,79.19,1.54,0.6,0.3,0.36,0.05
D0269,2025-09-01,67.18,1.31,0.51,0.26,0.36,0.06
D0269,2025-10-01,61.32,1.2,0.46,0.23,0.38,0.08
D0269,2025-11-01,58.34,1.14,0.44,0.22,0.41,0.1
D0269,2025-12-01,57.75,1.13,0.44,0.22,0.45,0.12
D0269,2026-01-01,54.7,1.07,0.41,0.21,0.46,0.14
D0269,2026-02-01,54.01,1.05,0.41,0.21,0.49,0.16
D0270,2025-03-01,88.96,4.19,0.0,0.0,0.0,0.0
D0270,2025-04-01,78.09,5.17,1.6,0.0,0.0,0.0
D0270,2025-05-01,75.15,5.55,2.96,0.67,0.0,0.0
D0270,2025-06-01,71.41,5.48,3.72,1.53,0.31,0.0
D0270,2025-07-01,65.69,5.1,3.93,2.17,0.96,0.03
D0270,2025-08-01,64.61,5.03,4.14,2.71,1.92,0.13
D0270,2025-09-01,56.51,4.4,3.74,2.72,2.71,0.3
D0270,2025-10-01,54.55,4.23,3.66,2.83,3.68,0.56
D0270,2025-11-01,55.85,4.32,3.76,3.01,4.86,0.95
D0270,2025-12-01,49.15,3.79,3.3,2.7,5.2,1.38
D0270,2026-01-01,47.51,3.65,3.17,2.63,5.85,1.89
D0270,2026-02-01,45.12,3.46,3.0,2.49,6.27,2.45
D0270,2026-03-01,46.76,3.57,3.09,2.57,7.16,3.11
D0270,2026-04-01,44.02,3.35,2.89,2.4,7.29,3.79
D0270,2026-05-01,44.58,3.39,2.91,2.41,7.87,4.53
D0270,2026-06-01,38.41,2.91,2.5,2.06,7.14,5.21
D0270,2026-07-01,39.72,3.01,2.57,2.12,7.71,5.96
D0271,2024-07-01,73.36,1.12,0.0,0.0,0.0,0.0
D0271,2024-08-01,68.9,1.28,0.23,0.0,0.0,0.0
D0271,2024-09-01,63.61,1.23,0.35,0.05,0.0,0.0
D0271,2024-10-01,59.92,1.17,0.4,0.1,0.01,0.0
D0271,2024-11-01,61.7,1.2,0.44,0.15,0.04,0.0
D0271,2024-12-01,61.15,1.19,0.45,0.18,0.08,0.0
D0271,2025-01-01,57.94,1.13,0.43,0.19,0.12,0.01
D0271,2025-02-01,58.4,1.14,0.44,0.21,0.17,0.01
D0271,2025-03-01,56.3,1.1,0.42,0.21,0.21,0.02
D0271,2025-04-01,56.53,1.1,0.43,0.21,0.26,0.03
D0271,2025-05-01,48.78,0.95,0.37,0.19,0.26,0.04
D0271,2025-06-01,49.14,0.96,0.37,0.19,0.31,0.06
D0271,2025-07-01,47.58,0.93,0.36,0.18,0.33,0.07
D0271,2025-08-01,45.25,0.88,0.34,0.17,0.35,0.09
D0271,2025-09-01,45.58,0.89,0.34,0.18,0.38,0.1
D0271,2025-10-01,47.41,0.92,0.36,0.18,0.43,0.12
D0271,2025-11-01,43.63,0.85,0.33,0.17,0.42,0.14
D0271,2025-12-01,41.66,0.81,0.31,0.16,0.43,0.16
D0271,2026-01-01,42.43,0.83,0.32,0.16,0.46,0.19
D0271,2026-02-01,38.94,0.76,0.29,0.15,0.44,0.21
D0271,2026-03-01,42.04,0.82,0.32,0.16,0.5,0.23
D0271,2026-04-01,40.1,0.78,0.3,0.15,0.5,0.26
D0271,2026-05-01,33.9,0.66,0.26,0.13,0.44,0.28
D0272,2025-01-01,70.88,1.08,0.0,0.0,0.0,0.0
D0272,2025-03-01,62.65,1.17,0.21,0.0,0.0,0.0
D0272,2025-04-01,56.19,1.09,0.31,0.04,0.0,0.0
D0272,2025-05-01,57.46,1.12,0.38,0.09,0.01,0.0
D0272,2025-06-01,55.9,1.09,0.4,0.13,0.04,0.0
D0272,2025-07-01,54.9,1.07,0.41,0.16,0.07,0.0
D0272,2025-08-01,49.18,0.96,0.37,0.16,0.1,0.01
D0272,2025-09-01,47.37,0.92,0.36,0.17,0.14,0.01
D0272,2025-10-01,43.58,0.85,0.33,0.16,0.16,0.02
D0272,2025-11-01,45.14,0.88,0.34,0.17,0.21,0.03
D0272,2025-12-01,40.38,0.79,0.3,0.15,0.22,0.03
D0272,2026-01-01,39.79,0.78,0.3,0.15,0.25,0.05
D0272,2026-02-01,38.41,0.75,0.29,0.15,0.27,0.06
D0272,2026-03-01,34.89,0.68,0.26,0.13,0.27,0.07
D0272,2026-04-01,33.48,0.65,0.25,0.13,0.28,0.08
D0272,2026-05-01,32.31,0.63,0.24,0.12,0.29,0.1
D0272,2026-06-01,31.11,0.61,0.23,0.12,0.3,0.11
D0272,2026-07-01,29.96,0.58,0.23,0.12,0.31,0.12
D0273,2024-04-01,345.85,5.27,0.0,0.0,0.0,0.0
D0273,2024-05-01,346.86,6.46,1.17,0.0,0.0,0.0
D0273,2024-06-01,325.4,6.3,1.81,0.24,0.0,0.0
D0273,2024-07-01,309.01,6.02,2.06,0.51,0.06,0.0
D0273,2024-09-01,271.15,5.29,1.94,0.65,0.18,0.0
D0273,2024-10-01,275.96,5.39,2.04,0.82,0.36,0.01
D0273,2024-12-01,240.15,4.69,1.8,0.8,0.5,0.03
D0273,2025-01-01,235.81,4.6,1.77,0.83,0.68,0.05
D0273,2025-02-01,206.46,4.03,1.55,0.76,0.77,0.08
D0273,2025-03-01,211.81,4.13,1.6,0.8,0.97,0.12
D0273,2025-04-01,206.01,4.02,1.55,0.78,1.12,0.17
D0273,2025-05-01,186.0,3.63,1.4,0.71,1.16,0.22
D0273,2025-06-01,176.5,3.44,1.33,0.68,1.23,0.27
D0273,2025-07-01,166.93,3.25,1.26,0.64,1.29,0.33
D0273,2025-08-01,168.67,3.29,1.27,0.65,1.42,0.4
D0273,2025-09-01,152.43,2.97,1.15,0.59,1.38,0.46
D0273,2025-10-01,146.6,2.86,1.1,0.57,1.42,0.53
D0273,2025-11-01,147.07,2.87,1.11,0.57,1.52,0.6
D0273,2025-12-01,141.64,2.76,1.07,0.55,1.54,0.67
D0273,2026-01-01,129.85,2.53,0.98,0.5,1.48,0.74
D0273,2026-02-01,130.35,2.54,0.98,0.5,1.56,0.82
D0273,2026-03-01,130.07,2.54,0.98,0.5,1.62,0.9
D0273,2026-04-01,114.54,2.23,0.86,0.44,1.48,0.97
D0273,2026-05-01,107.85,2.1,0.81,0.42,1.44,1.04
D0273,2026-06-01,101.05,1.97,0.76,0.39,1.39,1.1
D0273,2026-07-01,100.27,1.95,0.75,0.39,1.42,1.17
D0274,2024-09-01,240.82,3.67,0.0,0.0,0.0,0.0
D0274,2024-10-01,233.06,4.34,0.79,0.0,0.0,0.0
D0274,2024-11-01,207.45,4.01,1.16,0.15,0.0,0.0
D0274,2024-12-01,211.06,4.11,1.41,0.35,0.04,0.0
D0274,2025-01-01,192.71,3.76,1.38,0.47,0.13,0.0
D0274,2025-02-01,184.59,3.6,1.36,0.55,0.24,0.01
D0274,2025-03-01,167.0,3.26,1.25,0.55,0.35,0.02
D0274,2025-04-01,160.04,3.12,1.2,0.57,0.46,0.04
D0274,2025-05-01,149.62,2.92,1.13,0.55,0.56,0.06
D0274,2025-06-01,141.95,2.77,1.07,0.53,0.65,0.08
D0274,2025-07-01,134.13,2.62,1.01,0.51,0.73,0.11
D0274,2025-08-01,135.64,2.65,1.02,0.52,0.84,0.15
D0274,2025-09-01,130.23,2.54,0.98,0.5,0.91,0.19
D0274,2025-10-01,120.32,2.35,0.91,0.46,0.93,0.23
D0274,2025-11-01,110.49,2.15,0.83,0.43,0.93,0.28
D0274,2025-12-01,99.03,1.93,0.75,0.38,0.9,0.32
D0274,2026-01-01,107.0,2.09,0.81,0.41,1.04,0.37
D0274,2026-02-01,96.43,1.88,0.73,0.37,0.99,0.41
D0274,2026-03-01,91.33,1.78,0.69,0.35,0.99,0.46
D0274,2026-04-01,88.94,1.73,0.67,0.34,1.02,0.51
D0274,2026-05-01,79.5,1.55,0.6,0.31,0.95,0.55
D0274,2026-06-01,74.47,1.45,0.56,0.29,0.93,0.6
D0274,2026-07-01,77.84,1.52,0.59,0.3,1.0,0.65
D0275,2025-11-01,21.19,0.32,0.0,0.0,0.0,0.0
D0275,2025-12-01,21.64,0.4,0.07,0.0,0.0,0.0
D0275,2026-02-01,20.6,0.4,0.11,0.02,0.0,0.0
D0275,2026-03-01,18.92,0.37,0.13,0.03,0.0,0.0
D0275,2026-04-01,18.09,0.35,0.13,0.04,0.01,0.0
D0275,2026-05-01,17.34,0.34,0.13,0.05,0.02,0.0
D0275,2026-06-01,18.33,0.36,0.14,0.06,0.04,0.0
D0275,2026-07-01,16.87,0.33,0.13,0.06,0.05,0.0
D0276,2026-02-01,89.3,1.36,0.0,0.0,0.0,0.0
D0276,2026-03-01,93.8,1.75,0.32,0.0,0.0,0.0
D0276,2026-04-01,88.96,1.72,0.5,0.07,0.0,0.0
D0276,2026-05-01,79.48,1.55,0.53,0.13,0.02,0.0
D0276,2026-07-01,73.82,1.44,0.53,0.18,0.05,0.0
D0277,2024-08-01,276.88,4.22,0.0,0.0,0.0,0.0
D0277,2024-09-01,277.59,5.17,0.94,0.0,0.0,0.0
D0277,2024-10-01,290.94,5.63,1.62,0.22,0.0,0.0
D0277,2024-11-01,264.73,5.16,1.77,0.44,0.06,0.0
D0277,2024-12-01,263.13,5.14,1.89,0.63,0.17,0.0
D0277,2025-01-01,233.92,4.57,1.73,0.69,0.31,0.01
D0277,2025-02-01,234.12,4.57,1.75,0.78,0.49,0.03
D0277,2025-03-01,231.12,4.51,1.74,0.82,0.67,0.05
D0277,2025-04-01,228.64,4.46,1.72,0.84,0.86,0.08
D0277,2025-05-01,204.8,3.99,1.54,0.77,0.94,0.12
D0277,2025-06-01,195.26,3.81,1.47,0.74,1.06,0.17
D0277,2025-07-01,183.1,3.57,1.38,0.7,1.14,0.22
D0277,2025-08-01,185.0,3.61,1.39,0.71,1.29,0.27
D0277,2025-09-01,180.48,3.52,1.36,0.7,1.39,0.34
D0277,2025-10-01,177.63,3.46,1.34,0.68,1.49,0.41
D0277,2025-11-01,155.97,3.04,1.18,0.6,1.42,0.47
D0277,2025-12-01,146.77,2.86,1.11,0.57,1.43,0.54
D0277,2026-01-01,138.53,2.7,1.04,0.53,1.43,0.6
D0277,2026-02-01,150.37,2.93,1.13,0.58,1.64,0.68
D0277,2026-03-01,145.94,2.84,1.1,0.56,1.67,0.76
D0277,2026-04-01,139.41,2.72,1.05,0.54,1.66,0.84
D0277,2026-05-01,128.27,2.5,0.97,0.49,1.59,0.92
D0277,2026-06-01,116.03,2.26,0.87,0.45,1.5,0.99
D0277,2026-07-01,117.96,2.3,0.89,0.45,1.57,1.07
D0278,2024-04-01,307.89,14.51,0.0,0.0,0.0,0.0
D0278,2024-05-01,268.76,17.81,5.52,0.0,0.0,0.0
D0278,2024-08-01,229.56,16.95,9.03,2.04,0.0,0.0
D0278,2024-09-01,238.56,18.3,12.44,5.11,1.05,0.0
D0278,2024-10-01,214.48,16.66,12.83,7.08,3.13,0.1
D0278,2024-11-01,188.88,14.71,12.1,7.93,5.61,0.38
D0278,2024-12-01,177.16,13.78,11.72,8.51,8.48,0.92
D0278,2025-01-01,176.27,13.68,11.81,9.14,11.89,1.78
D0278,2025-02-01,150.32,11.63,10.11,8.11,13.08,2.81
D0278,2025-03-01,167.31,5.16,7.22,7.16,15.38,3.49
D0278,2025-04-01,146.71,3.15,3.62,4.84,14.18,4.15
D0278,2025-05-01,142.24,2.79,2.15,3.39,14.16,4.83
D0278,2025-06-01,143.63,2.78,1.54,2.41,14.4,5.53
D0278,2025-07-01,139.58,2.7,1.23,1.65,13.85,6.23
D0278,2025-08-01,135.83,2.63,1.09,1.17,13.19,6.9
D0278,2025-09-01,119.21,2.31,0.91,0.79,11.23,7.48
D0278,2025-10-01,123.51,2.39,0.93,0.67,11.24,8.05
D0278,2025-11-01,113.11,2.19,0.84,0.54,9.91,8.57
D0278,2025-12-01,103.73,2.01,0.77,0.45,8.75,9.02
D0278,2026-01-01,103.4,2.01,0.77,0.42,8.38,9.45
D0278,2026-02-01,91.38,1.77,0.68,0.36,7.12,9.82
D0278,2026-03-01,86.65,1.68,0.65,0.34,6.49,10.16
D0278,2026-04-01,78.7,1.53,0.59,0.3,5.67,10.45
D0278,2026-05-01,75.29,1.46,0.56,0.29,5.22,10.73
D0278,2026-06-01,80.77,1.57,0.6,0.31,5.4,11.01
D0278,2026-07-01,75.45,1.47,0.56,0.29,4.86,11.26
D0279,2024-06-01,179.61,2.74,0.0,0.0,0.0,0.0
D0279,2024-07-01,177.72,3.31,0.6,0.0,0.0,0.0
D0279,2024-08-01,164.68,3.19,0.92,0.12,0.0,0.0
D0279,2024-09-01,157.47,3.07,1.05,0.26,0.03,0.0
D0279,2024-10-01,161.46,3.15,1.16,0.39,0.11,0.0
D0279,2024-11-01,156.24,3.05,1.15,0.46,0.2,0.01
D0279,2024-12-01,137.08,2.67,1.03,0.45,0.28,0.02
D0279,2025-01-01,149.5,2.92,1.12,0.53,0.43,0.03
D0279,2025-02-01,129.56,2.53,0.98,0.48,0.49,0.05
D0279,2025-03-01,133.15,2.6,1.0,0.5,0.61,0.08
D0279,2025-04-01,127.22,2.48,0.96,0.48,0.69,0.1
D0279,2025-05-01,126.52,2.47,0.95,0.48,0.79,0.14
D0279,2025-06-01,116.28,2.27,0.88,0.45,0.81,0.17
D0279,2025-07-01,114.18,2.23,0.86,0.44,0.88,0.21
D0279,2025-08-01,120.7,2.35,0.91,0.47,1.02,0.26
D0279,2025-09-01,111.46,2.17,0.84,0.43,1.01,0.31
D0279,2025-10-01,112.0,2.18,0.84,0.43,1.09,0.36
D0279,2025-11-01,96.08,1.87,0.72,0.37,0.99,0.41
D0279,2025-12-01,95.75,1.87,0.72,0.37,1.04,0.46
D0279,2026-01-01,96.43,1.88,0.73,0.37,1.1,0.51
D0279,2026-03-01,88.33,1.72,0.67,0.34,1.05,0.56
D0279,2026-04-01,91.32,1.78,0.69,0.35,1.14,0.61
D0279,2026-05-01,79.6,1.55,0.6,0.31,1.03,0.66
D0279,2026-06-01,81.37,1.59,0.61,0.31,1.09,0.71
D0279,2026-07-01,78.32,1.53,0.59,0.3,1.08,0.77
D0280,2025-08-01,160.27,2.44,0.0,0.0,0.0,0.0
D0280,2025-09-01,150.79,2.81,0.51,0.0,0.0,0.0
D0280,2025-10-01,137.96,2.67,0.77,0.1,0.0,0.0
D0280,2025-11-01,119.82,2.34,0.8,0.2,0.03,0.0
D0280,2025-12-01,123.27,2.41,0.88,0.3,0.08,0.0
D0280,2026-01-01,121.55,2.37,0.9,0.36,0.16,0.01
D0280,2026-02-01,109.24,2.13,0.82,0.36,0.23,0.01
D0280,2026-03-01,97.54,1.9,0.73,0.35,0.28,0.02
D0280,2026-04-01,97.25,1.9,0.73,0.36,0.36,0.04
D0280,2026-05-01,87.46,1.71,0.66,0.33,0.4,0.05
D0280,2026-07-01,77.44,1.51,0.58,0.29,0.42,0.07
D0281,2024-10-01,233.71,11.01,0.0,0.0,0.0,0.0
D0281,2024-11-01,205.9,13.64,4.23,0.0,0.0,0.0
D0281,2024-12-01,188.87,13.94,7.43,1.68,0.0,0.0
D0281,2025-01-01,197.28,15.13,10.29,4.22,0.87,0.0
D0281,2025-02-01,190.87,14.83,11.42,6.3,2.79,0.09
D0281,2025-03-01,158.13,12.32,10.13,6.64,4.7,0.32
D0281,2025-04-01,161.17,12.54,10.66,7.75,7.72,0.81
D0281,2025-05-01,144.98,11.25,9.72,7.51,9.78,1.52
D0281,2025-06-01,141.18,10.92,9.49,7.61,12.29,2.49
D0281,2025-07-01,136.54,10.52,9.16,7.5,14.45,3.69
D0281,2025-09-01,128.37,9.86,8.57,7.1,15.81,5.07
D0281,2025-10-01,132.15,10.12,8.78,7.3,18.37,6.72
D0281,2025-11-01,113.41,8.66,7.49,6.23,17.36,8.31
D0281,2025-12-01,108.44,8.26,7.12,5.92,17.95,9.98
D0281,2026-01-01,103.32,7.86,6.75,5.6,18.23,11.71
D0281,2026-02-01,99.65,7.56,6.48,5.36,18.53,13.48
D0281,2026-03-01,96.37,7.3,6.24,5.15,18.72,15.28
D0281,2026-04-01,83.3,6.3,5.37,4.42,16.77,16.9
D0281,2026-05-01,88.35,6.68,5.68,4.66,18.33,18.69
D0282,2024-04-01,20.34,0.96,0.0,0.0,0.0,0.0
D0282,2024-05-01,18.46,1.22,0.38,0.0,0.0,0.0
D0282,2024-06-01,16.1,1.19,0.63,0.14,0.0,0.0
D0282,2024-07-01,14.93,1.15,0.78,0.32,0.07,0.0
D0282,2024-08-01,15.75,1.22,0.94,0.52,0.23,0.01
D0282,2024-09-01,12.88,1.0,0.82,0.54,0.38,0.03
D0282,2024-10-01,13.09,1.02,0.87,0.63,0.63,0.07
D0282,2024-11-01,12.37,0.96,0.83,0.64,0.83,0.13
D0282,2025-01-01,10.15,0.79,0.68,0.55,0.88,0.2
D0282,2025-02-01,10.56,0.81,0.71,0.58,1.12,0.29
D0282,2025-03-01,9.44,0.73,0.63,0.52,1.16,0.39
D0282,2025-05-01,8.68,0.67,0.58,0.48,1.21,0.5
D0282,2025-06-01,8.34,0.64,0.55,0.46,1.28,0.62
D0282,2025-07-01,7.66,0.58,0.5,0.42,1.27,0.73
D0282,2025-08-01,7.42,0.23,0.31,0.32,1.2,0.79
D0282,2025-09-01,7.64,0.16,0.18,0.25,1.23,0.85
D0282,2025-10-01,7.1,0.14,0.11,0.17,1.13,0.91
D0282,2025-11-01,7.53,0.15,0.08,0.12,1.17,0.97
D0282,2025-12-01,7.11,0.14,0.06,0.08,1.07,1.02
D0282,2026-01-01,7.13,0.14,0.06,0.06,1.04,1.07
D0282,2026-02-01,6.84,0.13,0.05,0.04,0.95,1.12
D0282,2026-03-01,6.24,0.12,0.05,0.03,0.83,1.17
D0282,2026-04-01,6.25,0.12,0.05,0.03,0.8,1.21
D0282,2026-05-01,5.57,0.11,0.04,0.02,0.68,1.24
D0282,2026-06-01,5.64,0.11,0.04,0.02,0.66,1.28
D0282,2026-07-01,5.24,0.1,0.04,0.02,0.58,1.31
D0283,2025-07-01,4.8,0.07,0.0,0.0,0.0,0.0
D0283,2025-08-01,4.69,0.09,0.02,0.0,0.0,0.0
D0283,2025-09-01,4.24,0.08,0.02,0.0,0.0,0.0
D0283,2025-11-01,3.78,0.07,0.03,0.01,0.0,0.0
D0283,2025-12-01,4.08,0.08,0.03,0.01,0.0,0.0
D0283,2026-01-01,3.86,0.08,0.03,0.01,0.01,0.0
D0283,2026-02-01,3.25,0.06,0.02,0.01,0.01,0.0
D0283,2026-03-01,3.44,0.07,0.03,0.01,0.01,0.0
D0283,2026-04-01,3.28,0.06,0.02,0.01,0.01,0.0
D0283,2026-05-01,2.95,0.06,0.02,0.01,0.01,0.0
D0283,2026-06-01,2.71,0.05,0.02,0.01,0.01,0.0
D0283,2026-07-01,2.79,0.05,0.02,0.01,0.02,0.0
D0284,2025-08-01,225.63,10.63,0.0,0.0,0.0,0.0
D0284,2025-09-01,203.84,13.51,4.19,0.0,0.0,0.0
D0284,2025-10-01,178.46,13.18,7.02,1.59,0.0,0.0
D0284,2025-11-01,189.41,14.53,9.88,4.05,0.83,0.0
D0284,2025-12-01,160.88,12.5,9.62,5.31,2.35,0.07
D0284,2026-01-01,149.8,11.67,9.59,6.29,4.45,0.3
D0284,2026-02-01,144.96,11.28,9.59,6.97,6.94,0.74
D0284,2026-03-01,136.17,10.57,9.13,7.06,9.18,1.4
D0284,2026-04-01,129.65,10.03,8.72,6.99,11.29,2.29
D0284,2026-05-01,116.5,8.98,7.82,6.4,12.33,3.32
D0284,2026-06-01,117.43,3.61,5.05,5.08,12.79,3.9
D0285,2024-06-01,50.39,0.77,0.0,0.0,0.0,0.0
D0285,2024-07-01,48.09,0.9,0.16,0.0,0.0,0.0
D0285,2024-08-01,46.64,0.9,0.26,0.03,0.0,0.0
D0285,2024-09-01,45.57,0.89,0.3,0.08,0.01,0.0
D0285,2024-10-01,44.09,0.86,0.32,0.11,0.03,0.0
D0285,2024-11-01,40.12,0.78,0.3,0.12,0.05,0.0
D0285,2024-12-01,36.42,0.71,0.27,0.12,0.08,0.0
D0285,2025-01-01,37.51,0.73,0.28,0.13,0.11,0.01
D0285,2025-02-01,37.08,0.72,0.28,0.14,0.14,0.01
D0285,2025-03-01,34.33,0.67,0.26,0.13,0.16,0.02
D0285,2025-04-01,30.91,0.6,0.23,0.12,0.17,0.03
D0285,2025-05-01,32.49,0.63,0.24,0.12,0.2,0.04
D0285,2025-06-01,30.99,0.6,0.23,0.12,0.22,0.05
D0285,2025-07-01,28.67,0.56,0.22,0.11,0.22,0.06
D0285,2025-08-01,26.89,0.52,0.2,0.1,0.23,0.07
D0285,2025-09-01,25.27,0.49,0.19,0.1,0.23,0.08
D0285,2025-10-01,24.21,0.47,0.18,0.09,0.24,0.09
D0285,2025-11-01,23.42,0.46,0.18,0.09,0.24,0.1
D0285,2025-12-01,22.36,0.44,0.17,0.09,0.24,0.11
D0285,2026-01-01,21.27,0.41,0.16,0.08,0.24,0.12
D0285,2026-02-01,20.91,0.41,0.16,0.08,0.25,0.13
D0285,2026-03-01,19.76,0.39,0.15,0.08,0.25,0.15
D0285,2026-04-01,18.52,0.36,0.14,0.07,0.24,0.16
D0285,2026-05-01,19.25,0.38,0.14,0.07,0.26,0.17
D0286,2025-05-01,306.84,4.67,0.0,0.0,0.0,0.0
D0286,2025-06-01,257.04,4.79,0.87,0.0,0.0,0.0
D0286,2025-07-01,235.93,4.57,1.31,0.18,0.0,0.0
D0286,2025-08-01,218.59,4.26,1.46,0.36,0.05,0.0
D0286,2025-09-01,224.44,4.38,1.61,0.54,0.15,0.0
D0286,2025-10-01,188.01,3.67,1.39,0.56,0.25,0.01
D0286,2025-11-01,195.41,3.81,1.46,0.65,0.4,0.02
D0286,2025-12-01,185.69,3.62,1.4,0.66,0.54,0.04
D0286,2026-02-01,149.57,2.92,1.13,0.55,0.56,0.06
D0286,2026-03-01,142.55,2.78,1.07,0.54,0.65,0.09
D0286,2026-04-01,124.44,2.43,0.94,0.47,0.67,0.12
D0286,2026-05-01,125.1,2.44,0.94,0.48,0.78,0.15
D0286,2026-06-01,115.02,2.24,0.87,0.44,0.8,0.19
D0286,2026-07-01,107.48,2.1,0.81,0.41,0.83,0.22
D0287,2025-07-01,92.65,4.37,0.0,0.0,0.0,0.0
D0287,2025-08-01,89.65,5.94,1.84,0.0,0.0,0.0
D0287,2025-09-01,80.74,5.96,3.18,0.72,0.0,0.0
D0287,2025-10-01,77.03,5.91,4.02,1.65,0.34,0.0
D0287,2025-11-01,71.89,5.58,4.3,2.37,1.05,0.03
D0287,2025-12-01,64.7,5.04,4.14,2.71,1.92,0.13
D0287,2026-01-01,61.03,4.75,4.04,2.93,2.92,0.31
D0287,2026-02-01,55.93,4.34,3.75,2.9,3.77,0.59
D0287,2026-04-01,46.23,3.58,3.11,2.49,4.02,0.9
D0287,2026-05-01,41.79,3.22,2.8,2.3,4.42,1.27
D0287,2026-06-01,38.8,2.98,2.59,2.14,4.78,1.69
D0287,2026-07-01,36.19,2.77,2.4,2.0,5.03,2.14
D0288,2025-06-01,198.92,3.03,0.0,0.0,0.0,0.0
D0288,2025-07-01,176.44,3.29,0.6,0.0,0.0,0.0
D0288,2025-08-01,180.87,3.5,1.01,0.13,0.0,0.0
D0288,2025-09-01,152.71,2.98,1.02,0.25,0.03,0.0
D0288,2025-10-01,158.43,3.09,1.14,0.38,0.1,0.0
D0288,2025-11-01,146.5,2.86,1.08,0.43,0.19,0.01
D0288,2025-12-01,127.38,2.49,0.95,0.42,0.26,0.01
D0288,2026-01-01,116.51,2.27,0.88,0.41,0.34,0.03
D0288,2026-02-01,115.9,2.26,0.87,0.43,0.43,0.04
D0288,2026-03-01,116.29,2.27,0.88,0.44,0.53,0.07
D0288,2026-04-01,102.82,2.01,0.78,0.39,0.56,0.09
D0288,2026-05-01,102.63,2.0,0.77,0.39,0.64,0.12
D0288,2026-06-01,95.88,1.87,0.72,0.37,0.67,0.15
D0288,2026-07-01,84.54,1.65,0.64,0.33,0.65,0.18
D0289,2024-10-01,310.37,4.73,0.0,0.0,0.0,0.0
D0289,2024-11-01,310.22,5.78,1.05,0.0,0.0,0.0
D0289,2024-12-01,283.66,5.49,1.58,0.21,0.0,0.0
D0289,2025-01-01,270.51,5.27,1.8,0.45,0.06,0.0
D0289,2025-02-01,283.28,5.53,2.03,0.68,0.19,0.0
D0289,2025-03-01,235.12,4.59,1.74,0.7,0.31,0.01
D0289,2025-04-01,241.89,4.72,1.81,0.8,0.5,0.03
D0289,2025-05-01,224.46,4.38,1.69,0.79,0.65,0.05
D0289,2025-06-01,215.26,4.2,1.62,0.79,0.81,0.08
D0289,2025-07-01,210.38,4.1,1.59,0.79,0.97,0.12
D0289,2025-08-01,193.4,3.77,1.46,0.74,1.05,0.17
D0289,2025-09-01,172.82,3.37,1.3,0.66,1.07,0.21
D0289,2025-10-01,171.5,3.34,1.29,0.66,1.2,0.27
D0289,2025-11-01,149.61,2.92,1.13,0.58,1.15,0.32
D0289,2025-12-01,161.65,3.15,1.22,0.62,1.36,0.38
D0289,2026-01-01,139.36,2.72,1.05,0.54,1.27,0.44
D0289,2026-02-01,144.96,2.83,1.09,0.56,1.41,0.5
D0289,2026-03-01,130.52,2.54,0.98,0.5,1.35,0.57
D0289,2026-04-01,120.74,2.35,0.91,0.47,1.31,0.63
D0289,2026-05-01,109.36,2.13,0.82,0.42,1.25,0.69
D0289,2026-06-01,104.87,2.04,0.79,0.4,1.25,0.75
D0289,2026-07-01,100.75,1.96,0.76,0.39,1.25,0.81
D0290,2024-10-01,56.81,0.87,0.0,0.0,0.0,0.0
D0290,2024-11-01,55.46,1.03,0.19,0.0,0.0,0.0
D0290,2024-12-01,55.13,1.07,0.31,0.04,0.0,0.0
D0290,2025-01-01,48.52,0.95,0.32,0.08,0.01,0.0
D0290,2025-02-01,46.1,0.9,0.33,0.11,0.03,0.0
D0290,2025-03-01,44.23,0.86,0.33,0.13,0.06,0.0
D0290,2025-04-01,42.32,0.83,0.32,0.14,0.09,0.0
D0290,2025-05-01,38.9,0.76,0.29,0.14,0.11,0.01
D0290,2025-06-01,37.83,0.74,0.28,0.14,0.14,0.01
D0290,2025-07-01,39.92,0.78,0.3,0.15,0.18,0.02
D0290,2025-08-01,35.71,0.7,0.27,0.14,0.19,0.03
D0290,2025-09-01,33.92,0.66,0.26,0.13,0.21,0.04
D0290,2025-10-01,30.28,0.59,0.23,0.12,0.21,0.05
D0290,2025-11-01,31.1,0.61,0.23,0.12,0.24,0.06
D0290,2025-12-01,27.27,0.53,0.21,0.11,0.23,0.07
D0290,2026-01-01,26.19,0.51,0.2,0.1,0.24,0.08
D0290,2026-02-01,25.86,0.5,0.19,0.1,0.25,0.09
D0290,2026-03-01,24.86,0.48,0.19,0.1,0.26,0.1
D0290,2026-04-01,25.86,0.5,0.19,0.1,0.28,0.12
D0290,2026-05-01,23.38,0.46,0.18,0.09,0.27,0.13
D0290,2026-06-01,21.86,0.43,0.16,0.08,0.26,0.14
D0290,2026-07-01,20.9,0.41,0.16,0.08,0.26,0.16
D0291,2026-03-01,82.75,1.26,0.0,0.0,0.0,0.0
D0291,2026-04-01,73.06,1.36,0.25,0.0,0.0,0.0
D0291,2026-05-01,78.08,1.51,0.43,0.06,0.0,0.0
D0291,2026-06-01,71.53,1.39,0.48,0.12,0.01,0.0
D0291,2026-07-01,74.83,1.46,0.54,0.18,0.05,0.0
D0292,2025-12-01,239.65,3.65,0.0,0.0,0.0,0.0
D0292,2026-01-01,205.81,3.83,0.69,0.0,0.0,0.0
D0292,2026-02-01,201.4,3.9,1.12,0.15,0.0,0.0
D0292,2026-03-01,197.82,3.86,1.32,0.33,0.04,0.0
D0292,2026-04-01,188.29,3.67,1.35,0.45,0.12,0.0
D0292,2026-05-01,179.92,3.51,1.33,0.53,0.24,0.01
D0292,2026-06-01,159.79,3.12,1.19,0.53,0.33,0.02
D0292,2026-07-01,162.23,3.16,1.22,0.57,0.47,0.04
D0293,2024-08-01,177.35,2.7,0.0,0.0,0.0,0.0
D0293,2024-09-01,169.52,3.16,0.57,0.0,0.0,0.0
D0293,2024-10-01,155.36,3.01,0.87,0.12,0.0,0.0
D0293,2024-11-01,166.07,3.24,1.11,0.27,0.03,0.0
D0293,2024-12-01,150.47,2.94,1.08,0.36,0.1,0.0
D0293,2025-01-01,148.48,2.9,1.1,0.44,0.19,0.01
D0294,2025-04-01,175.04,2.67,0.0,0.0,0.0,0.0
D0294,2025-05-01,153.03,2.85,0.52,0.0,0.0,0.0
D0294,2025-06-01,154.69,2.99,0.86,0.12,0.0,0.0
D0294,2025-08-01,150.27,2.93,1.0,0.25,0.03,0.0
D0294,2025-09-01,140.41,2.74,1.01,0.34,0.09,0.0
D0294,2025-10-01,137.16,2.68,1.01,0.41,0.18,0.01
D0294,2025-11-01,123.04,2.4,0.92,0.41,0.25,0.01
D0294,2025-12-01,117.39,2.29,0.88,0.42,0.34,0.03
D0294,2026-01-01,115.35,2.25,0.87,0.42,0.43,0.04
D0294,2026-02-01,114.79,2.24,0.87,0.43,0.53,0.06
D0294,2026-03-01,97.99,1.91,0.74,0.37,0.53,0.09
D0294,2026-04-01,105.61,2.06,0.8,0.4,0.66,0.12
D0294,2026-05-01,94.3,1.84,0.71,0.36,0.66,0.15
D0294,2026-06-01,98.35,1.92,0.74,0.38,0.76,0.18
D0294,2026-07-01,87.03,1.7,0.66,0.34,0.73,0.21
D0295,2024-11-01,45.95,0.7,0.0,0.0,0.0,0.0
D0295,2024-12-01,42.95,0.8,0.14,0.0,0.0,0.0
D0295,2025-01-01,43.83,0.85,0.24,0.03,0.0,0.0
D0295,2025-02-01,38.39,0.75,0.26,0.06,0.01,0.0
D0295,2025-04-01,32.19,0.63,0.23,0.08,0.02,0.0
D0295,2025-05-01,30.8,0.6,0.23,0.09,0.04,0.0
D0295,2025-06-01,27.57,0.54,0.21,0.09,0.06,0.0
D0295,2025-07-01,26.86,0.52,0.2,0.1,0.08,0.01
D0295,2025-08-01,27.56,0.54,0.21,0.1,0.1,0.01
D0295,2025-10-01,22.96,0.45,0.17,0.09,0.11,0.01
D0295,2025-11-01,21.44,0.42,0.16,0.08,0.12,0.02
D0296,2025-04-01,125.47,1.91,0.0,0.0,0.0,0.0
D0296,2025-05-01,119.91,2.23,0.4,0.0,0.0,0.0
D0296,2025-06-01,114.73,2.22,0.64,0.09,0.0,0.0
D0296,2025-07-01,116.98,2.28,0.78,0.19,0.02,0.0
D0296,2025-08-01,107.12,2.09,0.77,0.26,0.07,0.0
D0296,2025-09-01,110.07,2.15,0.81,0.33,0.14,0.0
D0296,2025-10-01,105.55,2.06,0.79,0.35,0.22,0.01
D0296,2025-11-01,100.85,1.97,0.76,0.36,0.29,0.02
D0296,2025-12-01,93.03,1.81,0.7,0.34,0.35,0.04
D0296,2026-03-01,78.65,1.53,0.59,0.3,0.36,0.05
D0296,2026-04-01,72.69,1.42,0.55,0.28,0.39,0.07
D0296,2026-05-01,70.11,1.37,0.53,0.27,0.44,0.09
D0296,2026-06-01,67.54,1.32,0.51,0.26,0.47,0.11
D0296,2026-07-01,65.08,1.27,0.49,0.25,0.5,0.13
D0297,2026-05-01,3.03,0.05,0.0,0.0,0.0,0.0
D0297,2026-06-01,2.56,0.05,0.01,0.0,0.0,0.0
D0297,2026-07-01,2.79,0.05,0.02,0.0,0.0,0.0
D0298,2025-01-01,236.32,3.6,0.0,0.0,0.0,0.0
D0298,2025-02-01,246.42,4.59,0.83,0.0,0.0,0.0
D0298,2025-03-01,223.73,4.33,1.25,0.17,0.0,0.0
D0298,2025-04-01,237.18,4.62,1.58,0.39,0.05,0.0
D0298,2025-05-01,204.06,3.98,1.46,0.49,0.14,0.0
D0298,2025-06-01,186.63,3.64,1.38,0.55,0.24,0.01
D0298,2025-07-01,197.71,3.86,1.48,0.66,0.41,0.02
D0298,2025-08-01,177.52,3.46,1.33,0.63,0.51,0.04
D0299,2024-10-01,161.04,2.45,0.0,0.0,0.0,0.0
D0299,2024-12-01,152.64,2.84,0.51,0.0,0.0,0.0
D0299,2025-01-01,139.74,2.7,0.78,0.1,0.0,0.0
D0299,2025-02-01,119.52,2.33,0.8,0.2,0.02,0.0
D0300,2024-09-01,239.73,3.65,0.0,0.0,0.0,0.0
D0300,2024-11-01,223.92,4.17,0.76,0.0,0.0,0.0
D0300,2024-12-01,210.74,4.08,1.17,0.16,0.0,0.0
D0300,2025-01-01,215.94,4.21,1.44,0.36,0.05,0.0
D0300,2025-02-01,210.85,4.12,1.51,0.51,0.14,0.0
D0300,2025-03-01,205.54,4.01,1.52,0.61,0.27,0.01
D0300,2025-04-01,183.43,3.58,1.37,0.61,0.38,0.02
D0300,2025-05-01,176.05,3.43,1.32,0.62,0.51,0.04
D0300,2025-06-01,180.2,3.51,1.36,0.66,0.68,0.07
D0300,2025-07-01,167.04,3.26,1.26,0.63,0.77,0.1
D0300,2025-08-01,172.5,3.36,1.3,0.66,0.93,0.14
D0300,2025-09-01,167.7,3.27,1.26,0.64,1.04,0.18
D0300,2025-10-01,149.43,2.91,1.13,0.57,1.04,0.23
D0300,2025-11-01,155.45,3.03,1.17,0.6,1.2,0.28
D0300,2025-12-01,146.52,2.86,1.1,0.56,1.23,0.34
D0300,2026-01-01,141.2,2.75,1.06,0.54,1.28,0.4
D0300,2026-02-01,126.43,2.46,0.95,0.49,1.23,0.46
D0300,2026-03-01,120.21,2.34,0.91,0.46,1.24,0.51
D0300,2026-04-01,118.55,2.31,0.89,0.46,1.29,0.58
D0300,2026-05-01,113.41,2.21,0.85,0.44,1.3,0.64
